Commodity,Year,Attribute,Value
"Caloric sweeteners, per capita availability ",1966,"U.S. population, July 1-Millions",196.56
"Caloric sweeteners, per capita availability ",1967,"U.S. population, July 1-Millions",198.712
"Caloric sweeteners, per capita availability ",1968,"U.S. population, July 1-Millions",200.706
"Caloric sweeteners, per capita availability ",1969,"U.S. population, July 1-Millions",202.677
"Caloric sweeteners, per capita availability ",1970,"U.S. population, July 1-Millions",205.052
"Caloric sweeteners, per capita availability ",1971,"U.S. population, July 1-Millions",207.661
"Caloric sweeteners, per capita availability ",1972,"U.S. population, July 1-Millions",209.896
"Caloric sweeteners, per capita availability ",1973,"U.S. population, July 1-Millions",211.909
"Caloric sweeteners, per capita availability ",1974,"U.S. population, July 1-Millions",213.854
"Caloric sweeteners, per capita availability ",1975,"U.S. population, July 1-Millions",215.973
"Caloric sweeteners, per capita availability ",1976,"U.S. population, July 1-Millions",218.035
"Caloric sweeteners, per capita availability ",1977,"U.S. population, July 1-Millions",220.239
"Caloric sweeteners, per capita availability ",1978,"U.S. population, July 1-Millions",222.585
"Caloric sweeteners, per capita availability ",1979,"U.S. population, July 1-Millions",225.055
"Caloric sweeteners, per capita availability ",1980,"U.S. population, July 1-Millions",227.726
"Caloric sweeteners, per capita availability ",1981,"U.S. population, July 1-Millions",229.966
"Caloric sweeteners, per capita availability ",1982,"U.S. population, July 1-Millions",232.188
"Caloric sweeteners, per capita availability ",1983,"U.S. population, July 1-Millions",234.307
"Caloric sweeteners, per capita availability ",1984,"U.S. population, July 1-Millions",236.348
"Caloric sweeteners, per capita availability ",1985,"U.S. population, July 1-Millions",238.466
"Caloric sweeteners, per capita availability ",1986,"U.S. population, July 1-Millions",240.651
"Caloric sweeteners, per capita availability ",1987,"U.S. population, July 1-Millions",242.804
"Caloric sweeteners, per capita availability ",1988,"U.S. population, July 1-Millions",245.021
"Caloric sweeteners, per capita availability ",1989,"U.S. population, July 1-Millions",247.342
"Caloric sweeteners, per capita availability ",1990,"U.S. population, July 1-Millions",250.132
"Caloric sweeteners, per capita availability ",1991,"U.S. population, July 1-Millions",253.493
"Caloric sweeteners, per capita availability ",1992,"U.S. population, July 1-Millions",256.894
"Caloric sweeteners, per capita availability ",1993,"U.S. population, July 1-Millions",260.255
"Caloric sweeteners, per capita availability ",1994,"U.S. population, July 1-Millions",263.436
"Caloric sweeteners, per capita availability ",1995,"U.S. population, July 1-Millions",266.557
"Caloric sweeteners, per capita availability ",1996,"U.S. population, July 1-Millions",269.667
"Caloric sweeteners, per capita availability ",1997,"U.S. population, July 1-Millions",272.912
"Caloric sweeteners, per capita availability ",1998,"U.S. population, July 1-Millions",276.115
"Caloric sweeteners, per capita availability ",1999,"U.S. population, July 1-Millions",279.295
"Caloric sweeteners, per capita availability ",2000,"U.S. population, July 1-Millions",282.385
"Caloric sweeteners, per capita availability ",2001,"U.S. population, July 1-Millions",285.309019
"Caloric sweeteners, per capita availability ",2002,"U.S. population, July 1-Millions",288.104818
"Caloric sweeteners, per capita availability ",2003,"U.S. population, July 1-Millions",290.819634
"Caloric sweeteners, per capita availability ",2004,"U.S. population, July 1-Millions",293.463185
"Caloric sweeteners, per capita availability ",2005,"U.S. population, July 1-Millions",296.186216
"Caloric sweeteners, per capita availability ",2006,"U.S. population, July 1-Millions",298.995825
"Caloric sweeteners, per capita availability ",2007,"U.S. population, July 1-Millions",302.003917
"Caloric sweeteners, per capita availability ",2008,"U.S. population, July 1-Millions",304.797761
"Caloric sweeteners, per capita availability ",2009,"U.S. population, July 1-Millions",307.439406
"Caloric sweeteners, per capita availability ",2010,"U.S. population, July 1-Millions",309.741279
"Caloric sweeteners, per capita availability ",2011,"U.S. population, July 1-Millions",311.973914
"Caloric sweeteners, per capita availability ",2012,"U.S. population, July 1-Millions",314.167558
"Caloric sweeteners, per capita availability ",2013,"U.S. population, July 1-Millions",316.294766
"Caloric sweeteners, per capita availability ",2014,"U.S. population, July 1-Millions",318.576955
"Caloric sweeteners, per capita availability ",2015,"U.S. population, July 1-Millions",320.870703
"Caloric sweeteners, per capita availability ",2016,"U.S. population, July 1-Millions",323.161011
"Caloric sweeteners, per capita availability ",2017,"U.S. population, July 1-Millions",325.20603
"Caloric sweeteners, per capita availability ",2018,"U.S. population, July 1-Millions",326.923976
"Caloric sweeteners, per capita availability ",2019,"U.S. population, July 1-Millions",328.475998
"Caloric sweeteners, per capita availability ",2020,"U.S. population, July 1-Millions",330.11398
"Caloric sweeteners, per capita availability ",2021,"U.S. population, July 1-Millions",332.298819
"Caloric sweeteners, per capita availability ",2022,"U.S. population, July 1-Millions",333.521104
"Caloric sweeteners, per capita availability ",2023,"U.S. population, July 1-Millions",335.160938
"Caloric sweeteners, per capita availability ",1966,"Caloric sweeteners-Cane and beet sugar deliveries-Raw-Pounds, dry weight",104.1412291
"Caloric sweeteners, per capita availability ",1967,"Caloric sweeteners-Cane and beet sugar deliveries-Raw-Pounds, dry weight",105.4188977
"Caloric sweeteners, per capita availability ",1968,"Caloric sweeteners-Cane and beet sugar deliveries-Raw-Pounds, dry weight",106.1851664
"Caloric sweeteners, per capita availability ",1969,"Caloric sweeteners-Cane and beet sugar deliveries-Raw-Pounds, dry weight",108.0537012
"Caloric sweeteners, per capita availability ",1970,"Caloric sweeteners-Cane and beet sugar deliveries-Raw-Pounds, dry weight",108.8796988
"Caloric sweeteners, per capita availability ",1971,"Caloric sweeteners-Cane and beet sugar deliveries-Raw-Pounds, dry weight",109.2646188
"Caloric sweeteners, per capita availability ",1972,"Caloric sweeteners-Cane and beet sugar deliveries-Raw-Pounds, dry weight",109.4542059
"Caloric sweeteners, per capita availability ",1973,"Caloric sweeteners-Cane and beet sugar deliveries-Raw-Pounds, dry weight",107.8670561
"Caloric sweeteners, per capita availability ",1974,"Caloric sweeteners-Cane and beet sugar deliveries-Raw-Pounds, dry weight",102.3595537
"Caloric sweeteners, per capita availability ",1975,"Caloric sweeteners-Cane and beet sugar deliveries-Raw-Pounds, dry weight",95.40081399
"Caloric sweeteners, per capita availability ",1976,"Caloric sweeteners-Cane and beet sugar deliveries-Raw-Pounds, dry weight",99.91973766
"Caloric sweeteners, per capita availability ",1977,"Caloric sweeteners-Cane and beet sugar deliveries-Raw-Pounds, dry weight",100.7905049
"Caloric sweeteners, per capita availability ",1978,"Caloric sweeteners-Cane and beet sugar deliveries-Raw-Pounds, dry weight",97.84127412
"Caloric sweeteners, per capita availability ",1979,"Caloric sweeteners-Cane and beet sugar deliveries-Raw-Pounds, dry weight",95.58552354
"Caloric sweeteners, per capita availability ",1980,"Caloric sweeteners-Cane and beet sugar deliveries-Raw-Pounds, dry weight",89.48473165
"Caloric sweeteners, per capita availability ",1981,"Caloric sweeteners-Cane and beet sugar deliveries-Raw-Pounds, dry weight",84.96038545
"Caloric sweeteners, per capita availability ",1982,"Caloric sweeteners-Cane and beet sugar deliveries-Raw-Pounds, dry weight",78.84128379
"Caloric sweeteners, per capita availability ",1983,"Caloric sweeteners-Cane and beet sugar deliveries-Raw-Pounds, dry weight",75.21755645
"Caloric sweeteners, per capita availability ",1984,"Caloric sweeteners-Cane and beet sugar deliveries-Raw-Pounds, dry weight",71.31856415
"Caloric sweeteners, per capita availability ",1985,"Caloric sweeteners-Cane and beet sugar deliveries-Raw-Pounds, dry weight",67.12067968
"Caloric sweeteners, per capita availability ",1986,"Caloric sweeteners-Cane and beet sugar deliveries-Raw-Pounds, dry weight",64.25071992
"Caloric sweeteners, per capita availability ",1987,"Caloric sweeteners-Cane and beet sugar deliveries-Raw-Pounds, dry weight",66.74519365
"Caloric sweeteners, per capita availability ",1988,"Caloric sweeteners-Cane and beet sugar deliveries-Raw-Pounds, dry weight",66.41063419
"Caloric sweeteners, per capita availability ",1989,"Caloric sweeteners-Cane and beet sugar deliveries-Raw-Pounds, dry weight",67.14589516
"Caloric sweeteners, per capita availability ",1990,"Caloric sweeteners-Cane and beet sugar deliveries-Raw-Pounds, dry weight",68.88362944
"Caloric sweeteners, per capita availability ",1991,"Caloric sweeteners-Cane and beet sugar deliveries-Raw-Pounds, dry weight",68.02554706
"Caloric sweeteners, per capita availability ",1992,"Caloric sweeteners-Cane and beet sugar deliveries-Raw-Pounds, dry weight",68.71316574
"Caloric sweeteners, per capita availability ",1993,"Caloric sweeteners-Cane and beet sugar deliveries-Raw-Pounds, dry weight",68.28687249
"Caloric sweeteners, per capita availability ",1994,"Caloric sweeteners-Cane and beet sugar deliveries-Raw-Pounds, dry weight",68.87273759
"Caloric sweeteners, per capita availability ",1995,"Caloric sweeteners-Cane and beet sugar deliveries-Raw-Pounds, dry weight",69.46444993
"Caloric sweeteners, per capita availability ",1996,"Caloric sweeteners-Cane and beet sugar deliveries-Raw-Pounds, dry weight",69.57410041
"Caloric sweeteners, per capita availability ",1997,"Caloric sweeteners-Cane and beet sugar deliveries-Raw-Pounds, dry weight",69.4200955
"Caloric sweeteners, per capita availability ",1998,"Caloric sweeteners-Cane and beet sugar deliveries-Raw-Pounds, dry weight",69.47528824
"Caloric sweeteners, per capita availability ",1999,"Caloric sweeteners-Cane and beet sugar deliveries-Raw-Pounds, dry weight",70.93013626
"Caloric sweeteners, per capita availability ",2000,"Caloric sweeteners-Cane and beet sugar deliveries-Raw-Pounds, dry weight",70.11230027
"Caloric sweeteners, per capita availability ",2001,"Caloric sweeteners-Cane and beet sugar deliveries-Raw-Pounds, dry weight",68.9693411
"Caloric sweeteners, per capita availability ",2002,"Caloric sweeteners-Cane and beet sugar deliveries-Raw-Pounds, dry weight",67.62897079
"Caloric sweeteners, per capita availability ",2003,"Caloric sweeteners-Cane and beet sugar deliveries-Raw-Pounds, dry weight",65.10913792
"Caloric sweeteners, per capita availability ",2004,"Caloric sweeteners-Cane and beet sugar deliveries-Raw-Pounds, dry weight",65.84005532
"Caloric sweeteners, per capita availability ",2005,"Caloric sweeteners-Cane and beet sugar deliveries-Raw-Pounds, dry weight",67.36654531
"Caloric sweeteners, per capita availability ",2006,"Caloric sweeteners-Cane and beet sugar deliveries-Raw-Pounds, dry weight",66.462529
"Caloric sweeteners, per capita availability ",2007,"Caloric sweeteners-Cane and beet sugar deliveries-Raw-Pounds, dry weight",65.4025613
"Caloric sweeteners, per capita availability ",2008,"Caloric sweeteners-Cane and beet sugar deliveries-Raw-Pounds, dry weight",69.58721582
"Caloric sweeteners, per capita availability ",2009,"Caloric sweeteners-Cane and beet sugar deliveries-Raw-Pounds, dry weight",67.79820725
"Caloric sweeteners, per capita availability ",2010,"Caloric sweeteners-Cane and beet sugar deliveries-Raw-Pounds, dry weight",70.52909815
"Caloric sweeteners, per capita availability ",2011,"Caloric sweeteners-Cane and beet sugar deliveries-Raw-Pounds, dry weight",70.49008785
"Caloric sweeteners, per capita availability ",2012,"Caloric sweeteners-Cane and beet sugar deliveries-Raw-Pounds, dry weight",71.29156065
"Caloric sweeteners, per capita availability ",2013,"Caloric sweeteners-Cane and beet sugar deliveries-Raw-Pounds, dry weight",72.74910455
"Caloric sweeteners, per capita availability ",2014,"Caloric sweeteners-Cane and beet sugar deliveries-Raw-Pounds, dry weight",73.21944809
"Caloric sweeteners, per capita availability ",2015,"Caloric sweeteners-Cane and beet sugar deliveries-Raw-Pounds, dry weight",73.8542005
"Caloric sweeteners, per capita availability ",2016,"Caloric sweeteners-Cane and beet sugar deliveries-Raw-Pounds, dry weight",74.47357926
"Caloric sweeteners, per capita availability ",2017,"Caloric sweeteners-Cane and beet sugar deliveries-Raw-Pounds, dry weight",73.91034714
"Caloric sweeteners, per capita availability ",2018,"Caloric sweeteners-Cane and beet sugar deliveries-Raw-Pounds, dry weight",73.2507797
"Caloric sweeteners, per capita availability ",2019,"Caloric sweeteners-Cane and beet sugar deliveries-Raw-Pounds, dry weight",72.98057829
"Caloric sweeteners, per capita availability ",2020,"Caloric sweeteners-Cane and beet sugar deliveries-Raw-Pounds, dry weight",73.33402938
"Caloric sweeteners, per capita availability ",2021,"Caloric sweeteners-Cane and beet sugar deliveries-Raw-Pounds, dry weight",74.35609084
"Caloric sweeteners, per capita availability ",2022,"Caloric sweeteners-Cane and beet sugar deliveries-Raw-Pounds, dry weight",74.05107708
"Caloric sweeteners, per capita availability ",2023,"Caloric sweeteners-Cane and beet sugar deliveries-Raw-Pounds, dry weight",73.19294351
"Caloric sweeteners, per capita availability ",1966,"Caloric sweeteners-Cane and beet sugar deliveries-Refined-Pounds, dry weight",97.32825153
"Caloric sweeteners, per capita availability ",1967,"Caloric sweeteners-Cane and beet sugar deliveries-Refined-Pounds, dry weight",98.5223343
"Caloric sweeteners, per capita availability ",1968,"Caloric sweeteners-Cane and beet sugar deliveries-Refined-Pounds, dry weight",99.23847324
"Caloric sweeteners, per capita availability ",1969,"Caloric sweeteners-Cane and beet sugar deliveries-Refined-Pounds, dry weight",100.9847675
"Caloric sweeteners, per capita availability ",1970,"Caloric sweeteners-Cane and beet sugar deliveries-Refined-Pounds, dry weight",101.7567279
"Caloric sweeteners, per capita availability ",1971,"Caloric sweeteners-Cane and beet sugar deliveries-Refined-Pounds, dry weight",102.1164661
"Caloric sweeteners, per capita availability ",1972,"Caloric sweeteners-Cane and beet sugar deliveries-Refined-Pounds, dry weight",102.2936504
"Caloric sweeteners, per capita availability ",1973,"Caloric sweeteners-Cane and beet sugar deliveries-Refined-Pounds, dry weight",100.8103328
"Caloric sweeteners, per capita availability ",1974,"Caloric sweeteners-Cane and beet sugar deliveries-Refined-Pounds, dry weight",95.66313431
"Caloric sweeteners, per capita availability ",1975,"Caloric sweeteners-Cane and beet sugar deliveries-Refined-Pounds, dry weight",89.15963924
"Caloric sweeteners, per capita availability ",1976,"Caloric sweeteners-Cane and beet sugar deliveries-Refined-Pounds, dry weight",93.38293239
"Caloric sweeteners, per capita availability ",1977,"Caloric sweeteners-Cane and beet sugar deliveries-Refined-Pounds, dry weight",94.19673351
"Caloric sweeteners, per capita availability ",1978,"Caloric sweeteners-Cane and beet sugar deliveries-Refined-Pounds, dry weight",91.4404431
"Caloric sweeteners, per capita availability ",1979,"Caloric sweeteners-Cane and beet sugar deliveries-Refined-Pounds, dry weight",89.33226499
"Caloric sweeteners, per capita availability ",1980,"Caloric sweeteners-Cane and beet sugar deliveries-Refined-Pounds, dry weight",83.63059033
"Caloric sweeteners, per capita availability ",1981,"Caloric sweeteners-Cane and beet sugar deliveries-Refined-Pounds, dry weight",79.40222939
"Caloric sweeteners, per capita availability ",1982,"Caloric sweeteners-Cane and beet sugar deliveries-Refined-Pounds, dry weight",73.68344279
"Caloric sweeteners, per capita availability ",1983,"Caloric sweeteners-Cane and beet sugar deliveries-Refined-Pounds, dry weight",70.29678173
"Caloric sweeteners, per capita availability ",1984,"Caloric sweeteners-Cane and beet sugar deliveries-Refined-Pounds, dry weight",66.65286369
"Caloric sweeteners, per capita availability ",1985,"Caloric sweeteners-Cane and beet sugar deliveries-Refined-Pounds, dry weight",62.72960718
"Caloric sweeteners, per capita availability ",1986,"Caloric sweeteners-Cane and beet sugar deliveries-Refined-Pounds, dry weight",60.0474018
"Caloric sweeteners, per capita availability ",1987,"Caloric sweeteners-Cane and beet sugar deliveries-Refined-Pounds, dry weight",62.37868566
"Caloric sweeteners, per capita availability ",1988,"Caloric sweeteners-Cane and beet sugar deliveries-Refined-Pounds, dry weight",62.06601326
"Caloric sweeteners, per capita availability ",1989,"Caloric sweeteners-Cane and beet sugar deliveries-Refined-Pounds, dry weight",62.75317304
"Caloric sweeteners, per capita availability ",1990,"Caloric sweeteners-Cane and beet sugar deliveries-Refined-Pounds, dry weight",64.37722378
"Caloric sweeteners, per capita availability ",1991,"Caloric sweeteners-Cane and beet sugar deliveries-Refined-Pounds, dry weight",63.57527762
"Caloric sweeteners, per capita availability ",1992,"Caloric sweeteners-Cane and beet sugar deliveries-Refined-Pounds, dry weight",64.21791191
"Caloric sweeteners, per capita availability ",1993,"Caloric sweeteners-Cane and beet sugar deliveries-Refined-Pounds, dry weight",63.819507
"Caloric sweeteners, per capita availability ",1994,"Caloric sweeteners-Cane and beet sugar deliveries-Refined-Pounds, dry weight",64.36704448
"Caloric sweeteners, per capita availability ",1995,"Caloric sweeteners-Cane and beet sugar deliveries-Refined-Pounds, dry weight",64.92004666
"Caloric sweeteners, per capita availability ",1996,"Caloric sweeteners-Cane and beet sugar deliveries-Refined-Pounds, dry weight",65.02252375
"Caloric sweeteners, per capita availability ",1997,"Caloric sweeteners-Cane and beet sugar deliveries-Refined-Pounds, dry weight",64.87859393
"Caloric sweeteners, per capita availability ",1998,"Caloric sweeteners-Cane and beet sugar deliveries-Refined-Pounds, dry weight",64.93017593
"Caloric sweeteners, per capita availability ",1999,"Caloric sweeteners-Cane and beet sugar deliveries-Refined-Pounds, dry weight",66.28984697
"Caloric sweeteners, per capita availability ",2000,"Caloric sweeteners-Cane and beet sugar deliveries-Refined-Pounds, dry weight",65.52551427
"Caloric sweeteners, per capita availability ",2001,"Caloric sweeteners-Cane and beet sugar deliveries-Refined-Pounds, dry weight",64.45732813
"Caloric sweeteners, per capita availability ",2002,"Caloric sweeteners-Cane and beet sugar deliveries-Refined-Pounds, dry weight",63.2046456
"Caloric sweeteners, per capita availability ",2003,"Caloric sweeteners-Cane and beet sugar deliveries-Refined-Pounds, dry weight",60.84966161
"Caloric sweeteners, per capita availability ",2004,"Caloric sweeteners-Cane and beet sugar deliveries-Refined-Pounds, dry weight",61.53276198
"Caloric sweeteners, per capita availability ",2005,"Caloric sweeteners-Cane and beet sugar deliveries-Refined-Pounds, dry weight",62.95938814
"Caloric sweeteners, per capita availability ",2006,"Caloric sweeteners-Cane and beet sugar deliveries-Refined-Pounds, dry weight",62.11451308
"Caloric sweeteners, per capita availability ",2007,"Caloric sweeteners-Cane and beet sugar deliveries-Refined-Pounds, dry weight",61.12388907
"Caloric sweeteners, per capita availability ",2008,"Caloric sweeteners-Cane and beet sugar deliveries-Refined-Pounds, dry weight",65.03478114
"Caloric sweeteners, per capita availability ",2009,"Caloric sweeteners-Cane and beet sugar deliveries-Refined-Pounds, dry weight",63.36281051
"Caloric sweeteners, per capita availability ",2010,"Caloric sweeteners-Cane and beet sugar deliveries-Refined-Pounds, dry weight",65.915045
"Caloric sweeteners, per capita availability ",2011,"Caloric sweeteners-Cane and beet sugar deliveries-Refined-Pounds, dry weight",65.87858678
"Caloric sweeteners, per capita availability ",2012,"Caloric sweeteners-Cane and beet sugar deliveries-Refined-Pounds, dry weight",66.62762678
"Caloric sweeteners, per capita availability ",2013,"Caloric sweeteners-Cane and beet sugar deliveries-Refined-Pounds, dry weight",67.98981733
"Caloric sweeteners, per capita availability ",2014,"Caloric sweeteners-Cane and beet sugar deliveries-Refined-Pounds, dry weight",68.42939074
"Caloric sweeteners, per capita availability ",2015,"Caloric sweeteners-Cane and beet sugar deliveries-Refined-Pounds, dry weight",69.02261729
"Caloric sweeteners, per capita availability ",2016,"Caloric sweeteners-Cane and beet sugar deliveries-Refined-Pounds, dry weight",69.60147594
"Caloric sweeteners, per capita availability ",2017,"Caloric sweeteners-Cane and beet sugar deliveries-Refined-Pounds, dry weight",69.07509079
"Caloric sweeteners, per capita availability ",2018,"Caloric sweeteners-Cane and beet sugar deliveries-Refined-Pounds, dry weight",68.45867262
"Caloric sweeteners, per capita availability ",2019,"Caloric sweeteners-Cane and beet sugar deliveries-Refined-Pounds, dry weight",68.20614793
"Caloric sweeteners, per capita availability ",2020,"Caloric sweeteners-Cane and beet sugar deliveries-Refined-Pounds, dry weight",68.53647605
"Caloric sweeteners, per capita availability ",2021,"Caloric sweeteners-Cane and beet sugar deliveries-Refined-Pounds, dry weight",69.49167368
"Caloric sweeteners, per capita availability ",2022,"Caloric sweeteners-Cane and beet sugar deliveries-Refined-Pounds, dry weight",69.2066141
"Caloric sweeteners, per capita availability ",2023,"Caloric sweeteners-Cane and beet sugar deliveries-Refined-Pounds, dry weight",68.4046201
"Caloric sweeteners, per capita availability ",1966,"Caloric sweeteners-Corn sweeteners-HFCS-Pounds, dry weight",
"Caloric sweeteners, per capita availability ",1967,"Caloric sweeteners-Corn sweeteners-HFCS-Pounds, dry weight",0.030194452
"Caloric sweeteners, per capita availability ",1968,"Caloric sweeteners-Corn sweeteners-HFCS-Pounds, dry weight",0.149472363
"Caloric sweeteners, per capita availability ",1969,"Caloric sweeteners-Corn sweeteners-HFCS-Pounds, dry weight",0.325641291
"Caloric sweeteners, per capita availability ",1970,"Caloric sweeteners-Corn sweeteners-HFCS-Pounds, dry weight",0.547984786
"Caloric sweeteners, per capita availability ",1971,"Caloric sweeteners-Corn sweeteners-HFCS-Pounds, dry weight",0.824711835
"Caloric sweeteners, per capita availability ",1972,"Caloric sweeteners-Corn sweeteners-HFCS-Pounds, dry weight",1.154476843
"Caloric sweeteners, per capita availability ",1973,"Caloric sweeteners-Corn sweeteners-HFCS-Pounds, dry weight",2.062141354
"Caloric sweeteners, per capita availability ",1974,"Caloric sweeteners-Corn sweeteners-HFCS-Pounds, dry weight",2.762557767
"Caloric sweeteners, per capita availability ",1975,"Caloric sweeteners-Corn sweeteners-HFCS-Pounds, dry weight",4.879174712
"Caloric sweeteners, per capita availability ",1976,"Caloric sweeteners-Corn sweeteners-HFCS-Pounds, dry weight",7.175064926
"Caloric sweeteners, per capita availability ",1977,"Caloric sweeteners-Corn sweeteners-HFCS-Pounds, dry weight",9.597731437
"Caloric sweeteners, per capita availability ",1978,"Caloric sweeteners-Corn sweeteners-HFCS-Pounds, dry weight",10.76743508
"Caloric sweeteners, per capita availability ",1979,"Caloric sweeteners-Corn sweeteners-HFCS-Pounds, dry weight",14.75019796
"Caloric sweeteners, per capita availability ",1980,"Caloric sweeteners-Corn sweeteners-HFCS-Pounds, dry weight",18.95571255
"Caloric sweeteners, per capita availability ",1981,"Caloric sweeteners-Corn sweeteners-HFCS-Pounds, dry weight",22.83407245
"Caloric sweeteners, per capita availability ",1982,"Caloric sweeteners-Corn sweeteners-HFCS-Pounds, dry weight",26.61671814
"Caloric sweeteners, per capita availability ",1983,"Caloric sweeteners-Corn sweeteners-HFCS-Pounds, dry weight",31.20147499
"Caloric sweeteners, per capita availability ",1984,"Caloric sweeteners-Corn sweeteners-HFCS-Pounds, dry weight",37.22626805
"Caloric sweeteners, per capita availability ",1985,"Caloric sweeteners-Corn sweeteners-HFCS-Pounds, dry weight",45.17106003
"Caloric sweeteners, per capita availability ",1986,"Caloric sweeteners-Corn sweeteners-HFCS-Pounds, dry weight",45.69382217
"Caloric sweeteners, per capita availability ",1987,"Caloric sweeteners-Corn sweeteners-HFCS-Pounds, dry weight",47.70912341
"Caloric sweeteners, per capita availability ",1988,"Caloric sweeteners-Corn sweeteners-HFCS-Pounds, dry weight",48.9622767
"Caloric sweeteners, per capita availability ",1989,"Caloric sweeteners-Corn sweeteners-HFCS-Pounds, dry weight",48.19616563
"Caloric sweeteners, per capita availability ",1990,"Caloric sweeteners-Corn sweeteners-HFCS-Pounds, dry weight",49.59341468
"Caloric sweeteners, per capita availability ",1991,"Caloric sweeteners-Corn sweeteners-HFCS-Pounds, dry weight",50.30546011
"Caloric sweeteners, per capita availability ",1992,"Caloric sweeteners-Corn sweeteners-HFCS-Pounds, dry weight",51.21435215
"Caloric sweeteners, per capita availability ",1993,"Caloric sweeteners-Corn sweeteners-HFCS-Pounds, dry weight",53.67738041
"Caloric sweeteners, per capita availability ",1994,"Caloric sweeteners-Corn sweeteners-HFCS-Pounds, dry weight",56.29757993
"Caloric sweeteners, per capita availability ",1995,"Caloric sweeteners-Corn sweeteners-HFCS-Pounds, dry weight",58.3838342
"Caloric sweeteners, per capita availability ",1996,"Caloric sweeteners-Corn sweeteners-HFCS-Pounds, dry weight",59.70303314
"Caloric sweeteners, per capita availability ",1997,"Caloric sweeteners-Corn sweeteners-HFCS-Pounds, dry weight",62.69257685
"Caloric sweeteners, per capita availability ",1998,"Caloric sweeteners-Corn sweeteners-HFCS-Pounds, dry weight",64.35608917
"Caloric sweeteners, per capita availability ",1999,"Caloric sweeteners-Corn sweeteners-HFCS-Pounds, dry weight",65.85779552
"Caloric sweeteners, per capita availability ",2000,"Caloric sweeteners-Corn sweeteners-HFCS-Pounds, dry weight",64.38433755
"Caloric sweeteners, per capita availability ",2001,"Caloric sweeteners-Corn sweeteners-HFCS-Pounds, dry weight",63.77749686
"Caloric sweeteners, per capita availability ",2002,"Caloric sweeteners-Corn sweeteners-HFCS-Pounds, dry weight",64.18248762
"Caloric sweeteners, per capita availability ",2003,"Caloric sweeteners-Corn sweeteners-HFCS-Pounds, dry weight",62.43222728
"Caloric sweeteners, per capita availability ",2004,"Caloric sweeteners-Corn sweeteners-HFCS-Pounds, dry weight",61.45435099
"Caloric sweeteners, per capita availability ",2005,"Caloric sweeteners-Corn sweeteners-HFCS-Pounds, dry weight",60.82820891
"Caloric sweeteners, per capita availability ",2006,"Caloric sweeteners-Corn sweeteners-HFCS-Pounds, dry weight",60.09677148
"Caloric sweeteners, per capita availability ",2007,"Caloric sweeteners-Corn sweeteners-HFCS-Pounds, dry weight",57.72869872
"Caloric sweeteners, per capita availability ",2008,"Caloric sweeteners-Corn sweeteners-HFCS-Pounds, dry weight",54.46759593
"Caloric sweeteners, per capita availability ",2009,"Caloric sweeteners-Corn sweeteners-HFCS-Pounds, dry weight",51.76463265
"Caloric sweeteners, per capita availability ",2010,"Caloric sweeteners-Corn sweeteners-HFCS-Pounds, dry weight",50.56207157
"Caloric sweeteners, per capita availability ",2011,"Caloric sweeteners-Corn sweeteners-HFCS-Pounds, dry weight",48.58340245
"Caloric sweeteners, per capita availability ",2012,"Caloric sweeteners-Corn sweeteners-HFCS-Pounds, dry weight",47.70741403
"Caloric sweeteners, per capita availability ",2013,"Caloric sweeteners-Corn sweeteners-HFCS-Pounds, dry weight",45.80011213
"Caloric sweeteners, per capita availability ",2014,"Caloric sweeteners-Corn sweeteners-HFCS-Pounds, dry weight",46.02881309
"Caloric sweeteners, per capita availability ",2015,"Caloric sweeteners-Corn sweeteners-HFCS-Pounds, dry weight",44.77486793
"Caloric sweeteners, per capita availability ",2016,"Caloric sweeteners-Corn sweeteners-HFCS-Pounds, dry weight",43.54430753
"Caloric sweeteners, per capita availability ",2017,"Caloric sweeteners-Corn sweeteners-HFCS-Pounds, dry weight",42.33128764
"Caloric sweeteners, per capita availability ",2018,"Caloric sweeteners-Corn sweeteners-HFCS-Pounds, dry weight",40.99888768
"Caloric sweeteners, per capita availability ",2019,"Caloric sweeteners-Corn sweeteners-HFCS-Pounds, dry weight",40.05438379
"Caloric sweeteners, per capita availability ",2020,"Caloric sweeteners-Corn sweeteners-HFCS-Pounds, dry weight",40.21267752
"Caloric sweeteners, per capita availability ",2021,"Caloric sweeteners-Corn sweeteners-HFCS-Pounds, dry weight",39.51690779
"Caloric sweeteners, per capita availability ",2022,"Caloric sweeteners-Corn sweeteners-HFCS-Pounds, dry weight",39.3042363
"Caloric sweeteners, per capita availability ",2023,"Caloric sweeteners-Corn sweeteners-HFCS-Pounds, dry weight",37.75852324
"Caloric sweeteners, per capita availability ",1966,"Caloric sweeteners-Corn sweeteners-Glucose-Pounds, dry weight",9.684142247
"Caloric sweeteners, per capita availability ",1967,"Caloric sweeteners-Corn sweeteners-Glucose-Pounds, dry weight",9.902108581
"Caloric sweeteners, per capita availability ",1968,"Caloric sweeteners-Corn sweeteners-Glucose-Pounds, dry weight",10.2694842
"Caloric sweeteners, per capita availability ",1969,"Caloric sweeteners-Corn sweeteners-Glucose-Pounds, dry weight",10.4690711
"Caloric sweeteners, per capita availability ",1970,"Caloric sweeteners-Corn sweeteners-Glucose-Pounds, dry weight",10.74743263
"Caloric sweeteners, per capita availability ",1971,"Caloric sweeteners-Corn sweeteners-Glucose-Pounds, dry weight",11.20206615
"Caloric sweeteners, per capita availability ",1972,"Caloric sweeteners-Corn sweeteners-Glucose-Pounds, dry weight",11.98034026
"Caloric sweeteners, per capita availability ",1973,"Caloric sweeteners-Corn sweeteners-Glucose-Pounds, dry weight",13.06671024
"Caloric sweeteners, per capita availability ",1974,"Caloric sweeteners-Corn sweeteners-Glucose-Pounds, dry weight",13.84581069
"Caloric sweeteners, per capita availability ",1975,"Caloric sweeteners-Corn sweeteners-Glucose-Pounds, dry weight",14.02578795
"Caloric sweeteners, per capita availability ",1976,"Caloric sweeteners-Corn sweeteners-Glucose-Pounds, dry weight",13.88675901
"Caloric sweeteners, per capita availability ",1977,"Caloric sweeteners-Corn sweeteners-Glucose-Pounds, dry weight",13.77758027
"Caloric sweeteners, per capita availability ",1978,"Caloric sweeteners-Corn sweeteners-Glucose-Pounds, dry weight",13.93455085
"Caloric sweeteners, per capita availability ",1979,"Caloric sweeteners-Corn sweeteners-Glucose-Pounds, dry weight",13.50058652
"Caloric sweeteners, per capita availability ",1980,"Caloric sweeteners-Corn sweeteners-Glucose-Pounds, dry weight",12.92632374
"Caloric sweeteners, per capita availability ",1981,"Caloric sweeteners-Corn sweeteners-Glucose-Pounds, dry weight",12.92457363
"Caloric sweeteners, per capita availability ",1982,"Caloric sweeteners-Corn sweeteners-Glucose-Pounds, dry weight",12.74235103
"Caloric sweeteners, per capita availability ",1983,"Caloric sweeteners-Corn sweeteners-Glucose-Pounds, dry weight",13.00425297
"Caloric sweeteners, per capita availability ",1984,"Caloric sweeteners-Corn sweeteners-Glucose-Pounds, dry weight",13.13497681
"Caloric sweeteners, per capita availability ",1985,"Caloric sweeteners-Corn sweeteners-Glucose-Pounds, dry weight",13.4808652
"Caloric sweeteners, per capita availability ",1986,"Caloric sweeteners-Corn sweeteners-Glucose-Pounds, dry weight",13.56712418
"Caloric sweeteners, per capita availability ",1987,"Caloric sweeteners-Corn sweeteners-Glucose-Pounds, dry weight",13.83174907
"Caloric sweeteners, per capita availability ",1988,"Caloric sweeteners-Corn sweeteners-Glucose-Pounds, dry weight",14.25850641
"Caloric sweeteners, per capita availability ",1989,"Caloric sweeteners-Corn sweeteners-Glucose-Pounds, dry weight",12.83159293
"Caloric sweeteners, per capita availability ",1990,"Caloric sweeteners-Corn sweeteners-Glucose-Pounds, dry weight",13.59675991
"Caloric sweeteners, per capita availability ",1991,"Caloric sweeteners-Corn sweeteners-Glucose-Pounds, dry weight",14.01280462
"Caloric sweeteners, per capita availability ",1992,"Caloric sweeteners-Corn sweeteners-Glucose-Pounds, dry weight",15.12889622
"Caloric sweeteners, per capita availability ",1993,"Caloric sweeteners-Corn sweeteners-Glucose-Pounds, dry weight",15.73801477
"Caloric sweeteners, per capita availability ",1994,"Caloric sweeteners-Corn sweeteners-Glucose-Pounds, dry weight",15.86749964
"Caloric sweeteners, per capita availability ",1995,"Caloric sweeteners-Corn sweeteners-Glucose-Pounds, dry weight",16.30709188
"Caloric sweeteners, per capita availability ",1996,"Caloric sweeteners-Corn sweeteners-Glucose-Pounds, dry weight",16.41743486
"Caloric sweeteners, per capita availability ",1997,"Caloric sweeteners-Corn sweeteners-Glucose-Pounds, dry weight",17.29865068
"Caloric sweeteners, per capita availability ",1998,"Caloric sweeteners-Corn sweeteners-Glucose-Pounds, dry weight",17.04593571
"Caloric sweeteners, per capita availability ",1999,"Caloric sweeteners-Corn sweeteners-Glucose-Pounds, dry weight",16.3032559
"Caloric sweeteners, per capita availability ",2000,"Caloric sweeteners-Corn sweeteners-Glucose-Pounds, dry weight",15.75851558
"Caloric sweeteners, per capita availability ",2001,"Caloric sweeteners-Corn sweeteners-Glucose-Pounds, dry weight",15.41585926
"Caloric sweeteners, per capita availability ",2002,"Caloric sweeteners-Corn sweeteners-Glucose-Pounds, dry weight",15.38844846
"Caloric sweeteners, per capita availability ",2003,"Caloric sweeteners-Corn sweeteners-Glucose-Pounds, dry weight",15.12422803
"Caloric sweeteners, per capita availability ",2004,"Caloric sweeteners-Corn sweeteners-Glucose-Pounds, dry weight",15.53376233
"Caloric sweeteners, per capita availability ",2005,"Caloric sweeteners-Corn sweeteners-Glucose-Pounds, dry weight",15.16895625
"Caloric sweeteners, per capita availability ",2006,"Caloric sweeteners-Corn sweeteners-Glucose-Pounds, dry weight",13.64637808
"Caloric sweeteners, per capita availability ",2007,"Caloric sweeteners-Corn sweeteners-Glucose-Pounds, dry weight",13.60185642
"Caloric sweeteners, per capita availability ",2008,"Caloric sweeteners-Corn sweeteners-Glucose-Pounds, dry weight",13.25811516
"Caloric sweeteners, per capita availability ",2009,"Caloric sweeteners-Corn sweeteners-Glucose-Pounds, dry weight",12.86952
"Caloric sweeteners, per capita availability ",2010,"Caloric sweeteners-Corn sweeteners-Glucose-Pounds, dry weight",12.53029399
"Caloric sweeteners, per capita availability ",2011,"Caloric sweeteners-Corn sweeteners-Glucose-Pounds, dry weight",12.12086461
"Caloric sweeteners, per capita availability ",2012,"Caloric sweeteners-Corn sweeteners-Glucose-Pounds, dry weight",12.41914915
"Caloric sweeteners, per capita availability ",2013,"Caloric sweeteners-Corn sweeteners-Glucose-Pounds, dry weight",11.90787416
"Caloric sweeteners, per capita availability ",2014,"Caloric sweeteners-Corn sweeteners-Glucose-Pounds, dry weight",12.0330983
"Caloric sweeteners, per capita availability ",2015,"Caloric sweeteners-Corn sweeteners-Glucose-Pounds, dry weight",12.13250549
"Caloric sweeteners, per capita availability ",2016,"Caloric sweeteners-Corn sweeteners-Glucose-Pounds, dry weight",12.24348102
"Caloric sweeteners, per capita availability ",2017,"Caloric sweeteners-Corn sweeteners-Glucose-Pounds, dry weight",12.93742386
"Caloric sweeteners, per capita availability ",2018,"Caloric sweeteners-Corn sweeteners-Glucose-Pounds, dry weight",12.98594209
"Caloric sweeteners, per capita availability ",2019,"Caloric sweeteners-Corn sweeteners-Glucose-Pounds, dry weight",12.99794303
"Caloric sweeteners, per capita availability ",2020,"Caloric sweeteners-Corn sweeteners-Glucose-Pounds, dry weight",12.66776863
"Caloric sweeteners, per capita availability ",2021,"Caloric sweeteners-Corn sweeteners-Glucose-Pounds, dry weight",12.77985723
"Caloric sweeteners, per capita availability ",2022,"Caloric sweeteners-Corn sweeteners-Glucose-Pounds, dry weight",12.641168
"Caloric sweeteners, per capita availability ",2023,"Caloric sweeteners-Corn sweeteners-Glucose-Pounds, dry weight",12.61335734
"Caloric sweeteners, per capita availability ",1966,"Caloric sweeteners-Corn sweeteners-Dextrose-Pounds, dry weight",4.221184371
"Caloric sweeteners, per capita availability ",1967,"Caloric sweeteners-Corn sweeteners-Dextrose-Pounds, dry weight",4.306091228
"Caloric sweeteners, per capita availability ",1968,"Caloric sweeteners-Corn sweeteners-Dextrose-Pounds, dry weight",4.419618746
"Caloric sweeteners, per capita availability ",1969,"Caloric sweeteners-Corn sweeteners-Dextrose-Pounds, dry weight",4.528772382
"Caloric sweeteners, per capita availability ",1970,"Caloric sweeteners-Corn sweeteners-Dextrose-Pounds, dry weight",4.595439206
"Caloric sweeteners, per capita availability ",1971,"Caloric sweeteners-Corn sweeteners-Dextrose-Pounds, dry weight",4.639917943
"Caloric sweeteners, per capita availability ",1972,"Caloric sweeteners-Corn sweeteners-Dextrose-Pounds, dry weight",4.616800701
"Caloric sweeteners, per capita availability ",1973,"Caloric sweeteners-Corn sweeteners-Dextrose-Pounds, dry weight",4.619190313
"Caloric sweeteners, per capita availability ",1974,"Caloric sweeteners-Corn sweeteners-Dextrose-Pounds, dry weight",4.548374124
"Caloric sweeteners, per capita availability ",1975,"Caloric sweeteners-Corn sweeteners-Dextrose-Pounds, dry weight",4.380973548
"Caloric sweeteners, per capita availability ",1976,"Caloric sweeteners-Corn sweeteners-Dextrose-Pounds, dry weight",4.144655675
"Caloric sweeteners, per capita availability ",1977,"Caloric sweeteners-Corn sweeteners-Dextrose-Pounds, dry weight",3.89133623
"Caloric sweeteners, per capita availability ",1978,"Caloric sweeteners-Corn sweeteners-Dextrose-Pounds, dry weight",3.687139744
"Caloric sweeteners, per capita availability ",1979,"Caloric sweeteners-Corn sweeteners-Dextrose-Pounds, dry weight",3.543809291
"Caloric sweeteners, per capita availability ",1980,"Caloric sweeteners-Corn sweeteners-Dextrose-Pounds, dry weight",3.455055637
"Caloric sweeteners, per capita availability ",1981,"Caloric sweeteners-Corn sweeteners-Dextrose-Pounds, dry weight",3.387457276
"Caloric sweeteners, per capita availability ",1982,"Caloric sweeteners-Corn sweeteners-Dextrose-Pounds, dry weight",3.37407618
"Caloric sweeteners, per capita availability ",1983,"Caloric sweeteners-Corn sweeteners-Dextrose-Pounds, dry weight",3.398455872
"Caloric sweeteners, per capita availability ",1984,"Caloric sweeteners-Corn sweeteners-Dextrose-Pounds, dry weight",3.451292162
"Caloric sweeteners, per capita availability ",1985,"Caloric sweeteners-Corn sweeteners-Dextrose-Pounds, dry weight",3.504902166
"Caloric sweeteners, per capita availability ",1986,"Caloric sweeteners-Corn sweeteners-Dextrose-Pounds, dry weight",3.577770298
"Caloric sweeteners, per capita availability ",1987,"Caloric sweeteners-Corn sweeteners-Dextrose-Pounds, dry weight",3.632353668
"Caloric sweeteners, per capita availability ",1988,"Caloric sweeteners-Corn sweeteners-Dextrose-Pounds, dry weight",3.685928961
"Caloric sweeteners, per capita availability ",1989,"Caloric sweeteners-Corn sweeteners-Dextrose-Pounds, dry weight",3.540118421
"Caloric sweeteners, per capita availability ",1990,"Caloric sweeteners-Corn sweeteners-Dextrose-Pounds, dry weight",3.639115078
"Caloric sweeteners, per capita availability ",1991,"Caloric sweeteners-Corn sweeteners-Dextrose-Pounds, dry weight",3.651711649
"Caloric sweeteners, per capita availability ",1992,"Caloric sweeteners-Corn sweeteners-Dextrose-Pounds, dry weight",3.563673587
"Caloric sweeteners, per capita availability ",1993,"Caloric sweeteners-Corn sweeteners-Dextrose-Pounds, dry weight",3.69301643
"Caloric sweeteners, per capita availability ",1994,"Caloric sweeteners-Corn sweeteners-Dextrose-Pounds, dry weight",3.810942787
"Caloric sweeteners, per capita availability ",1995,"Caloric sweeteners-Corn sweeteners-Dextrose-Pounds, dry weight",3.920118896
"Caloric sweeteners, per capita availability ",1996,"Caloric sweeteners-Corn sweeteners-Dextrose-Pounds, dry weight",3.98740843
"Caloric sweeteners, per capita availability ",1997,"Caloric sweeteners-Corn sweeteners-Dextrose-Pounds, dry weight",3.774000731
"Caloric sweeteners, per capita availability ",1998,"Caloric sweeteners-Corn sweeteners-Dextrose-Pounds, dry weight",3.671069011
"Caloric sweeteners, per capita availability ",1999,"Caloric sweeteners-Corn sweeteners-Dextrose-Pounds, dry weight",3.532639652
"Caloric sweeteners, per capita availability ",2000,"Caloric sweeteners-Corn sweeteners-Dextrose-Pounds, dry weight",3.411848244
"Caloric sweeteners, per capita availability ",2001,"Caloric sweeteners-Corn sweeteners-Dextrose-Pounds, dry weight",3.339226777
"Caloric sweeteners, per capita availability ",2002,"Caloric sweeteners-Corn sweeteners-Dextrose-Pounds, dry weight",3.337602051
"Caloric sweeteners, per capita availability ",2003,"Caloric sweeteners-Corn sweeteners-Dextrose-Pounds, dry weight",3.159877046
"Caloric sweeteners, per capita availability ",2004,"Caloric sweeteners-Corn sweeteners-Dextrose-Pounds, dry weight",3.41324287
"Caloric sweeteners, per capita availability ",2005,"Caloric sweeteners-Corn sweeteners-Dextrose-Pounds, dry weight",3.358318949
"Caloric sweeteners, per capita availability ",2006,"Caloric sweeteners-Corn sweeteners-Dextrose-Pounds, dry weight",3.216218064
"Caloric sweeteners, per capita availability ",2007,"Caloric sweeteners-Corn sweeteners-Dextrose-Pounds, dry weight",3.085752604
"Caloric sweeteners, per capita availability ",2008,"Caloric sweeteners-Corn sweeteners-Dextrose-Pounds, dry weight",2.883116261
"Caloric sweeteners, per capita availability ",2009,"Caloric sweeteners-Corn sweeteners-Dextrose-Pounds, dry weight",2.824506457
"Caloric sweeteners, per capita availability ",2010,"Caloric sweeteners-Corn sweeteners-Dextrose-Pounds, dry weight",3.059047448
"Caloric sweeteners, per capita availability ",2011,"Caloric sweeteners-Corn sweeteners-Dextrose-Pounds, dry weight",3.042459317
"Caloric sweeteners, per capita availability ",2012,"Caloric sweeteners-Corn sweeteners-Dextrose-Pounds, dry weight",2.858095902
"Caloric sweeteners, per capita availability ",2013,"Caloric sweeteners-Corn sweeteners-Dextrose-Pounds, dry weight",2.829037937
"Caloric sweeteners, per capita availability ",2014,"Caloric sweeteners-Corn sweeteners-Dextrose-Pounds, dry weight",3.248525182
"Caloric sweeteners, per capita availability ",2015,"Caloric sweeteners-Corn sweeteners-Dextrose-Pounds, dry weight",3.268601917
"Caloric sweeteners, per capita availability ",2016,"Caloric sweeteners-Corn sweeteners-Dextrose-Pounds, dry weight",3.054562756
"Caloric sweeteners, per capita availability ",2017,"Caloric sweeteners-Corn sweeteners-Dextrose-Pounds, dry weight",3.323850056
"Caloric sweeteners, per capita availability ",2018,"Caloric sweeteners-Corn sweeteners-Dextrose-Pounds, dry weight",3.315755003
"Caloric sweeteners, per capita availability ",2019,"Caloric sweeteners-Corn sweeteners-Dextrose-Pounds, dry weight",3.175960167
"Caloric sweeteners, per capita availability ",2020,"Caloric sweeteners-Corn sweeteners-Dextrose-Pounds, dry weight",3.209795557
"Caloric sweeteners, per capita availability ",2021,"Caloric sweeteners-Corn sweeteners-Dextrose-Pounds, dry weight",3.19250516
"Caloric sweeteners, per capita availability ",2022,"Caloric sweeteners-Corn sweeteners-Dextrose-Pounds, dry weight",3.193418511
"Caloric sweeteners, per capita availability ",2023,"Caloric sweeteners-Corn sweeteners-Dextrose-Pounds, dry weight",2.656404256
"Caloric sweeteners, per capita availability ",1966,"Caloric sweeteners-Corn sweeteners-Total-Pounds, dry weight",13.90532662
"Caloric sweeteners, per capita availability ",1967,"Caloric sweeteners-Corn sweeteners-Total-Pounds, dry weight",14.23839426
"Caloric sweeteners, per capita availability ",1968,"Caloric sweeteners-Corn sweeteners-Total-Pounds, dry weight",14.83857531
"Caloric sweeteners, per capita availability ",1969,"Caloric sweeteners-Corn sweeteners-Total-Pounds, dry weight",15.32348477
"Caloric sweeteners, per capita availability ",1970,"Caloric sweeteners-Corn sweeteners-Total-Pounds, dry weight",15.89085662
"Caloric sweeteners, per capita availability ",1971,"Caloric sweeteners-Corn sweeteners-Total-Pounds, dry weight",16.66669593
"Caloric sweeteners, per capita availability ",1972,"Caloric sweeteners-Corn sweeteners-Total-Pounds, dry weight",17.75161781
"Caloric sweeteners, per capita availability ",1973,"Caloric sweeteners-Corn sweeteners-Total-Pounds, dry weight",19.74804191
"Caloric sweeteners, per capita availability ",1974,"Caloric sweeteners-Corn sweeteners-Total-Pounds, dry weight",21.15674259
"Caloric sweeteners, per capita availability ",1975,"Caloric sweeteners-Corn sweeteners-Total-Pounds, dry weight",23.2859362
"Caloric sweeteners, per capita availability ",1976,"Caloric sweeteners-Corn sweeteners-Total-Pounds, dry weight",25.20647961
"Caloric sweeteners, per capita availability ",1977,"Caloric sweeteners-Corn sweeteners-Total-Pounds, dry weight",27.26664793
"Caloric sweeteners, per capita availability ",1978,"Caloric sweeteners-Corn sweeteners-Total-Pounds, dry weight",28.38912567
"Caloric sweeteners, per capita availability ",1979,"Caloric sweeteners-Corn sweeteners-Total-Pounds, dry weight",31.79459377
"Caloric sweeteners, per capita availability ",1980,"Caloric sweeteners-Corn sweeteners-Total-Pounds, dry weight",35.33709193
"Caloric sweeteners, per capita availability ",1981,"Caloric sweeteners-Corn sweeteners-Total-Pounds, dry weight",39.14610336
"Caloric sweeteners, per capita availability ",1982,"Caloric sweeteners-Corn sweeteners-Total-Pounds, dry weight",42.73314535
"Caloric sweeteners, per capita availability ",1983,"Caloric sweeteners-Corn sweeteners-Total-Pounds, dry weight",47.60418383
"Caloric sweeteners, per capita availability ",1984,"Caloric sweeteners-Corn sweeteners-Total-Pounds, dry weight",53.81253702
"Caloric sweeteners, per capita availability ",1985,"Caloric sweeteners-Corn sweeteners-Total-Pounds, dry weight",62.15682739
"Caloric sweeteners, per capita availability ",1986,"Caloric sweeteners-Corn sweeteners-Total-Pounds, dry weight",62.83871665
"Caloric sweeteners, per capita availability ",1987,"Caloric sweeteners-Corn sweeteners-Total-Pounds, dry weight",65.17322614
"Caloric sweeteners, per capita availability ",1988,"Caloric sweeteners-Corn sweeteners-Total-Pounds, dry weight",66.90671208
"Caloric sweeteners, per capita availability ",1989,"Caloric sweeteners-Corn sweeteners-Total-Pounds, dry weight",64.56787699
"Caloric sweeteners, per capita availability ",1990,"Caloric sweeteners-Corn sweeteners-Total-Pounds, dry weight",66.82928967
"Caloric sweeteners, per capita availability ",1991,"Caloric sweeteners-Corn sweeteners-Total-Pounds, dry weight",67.96997638
"Caloric sweeteners, per capita availability ",1992,"Caloric sweeteners-Corn sweeteners-Total-Pounds, dry weight",69.90692196
"Caloric sweeteners, per capita availability ",1993,"Caloric sweeteners-Corn sweeteners-Total-Pounds, dry weight",73.10841161
"Caloric sweeteners, per capita availability ",1994,"Caloric sweeteners-Corn sweeteners-Total-Pounds, dry weight",75.97602235
"Caloric sweeteners, per capita availability ",1995,"Caloric sweeteners-Corn sweeteners-Total-Pounds, dry weight",78.61104498
"Caloric sweeteners, per capita availability ",1996,"Caloric sweeteners-Corn sweeteners-Total-Pounds, dry weight",80.10787644
"Caloric sweeteners, per capita availability ",1997,"Caloric sweeteners-Corn sweeteners-Total-Pounds, dry weight",83.76522826
"Caloric sweeteners, per capita availability ",1998,"Caloric sweeteners-Corn sweeteners-Total-Pounds, dry weight",85.0730939
"Caloric sweeteners, per capita availability ",1999,"Caloric sweeteners-Corn sweeteners-Total-Pounds, dry weight",85.69369108
"Caloric sweeteners, per capita availability ",2000,"Caloric sweeteners-Corn sweeteners-Total-Pounds, dry weight",83.55470138
"Caloric sweeteners, per capita availability ",2001,"Caloric sweeteners-Corn sweeteners-Total-Pounds, dry weight",82.5325829
"Caloric sweeteners, per capita availability ",2002,"Caloric sweeteners-Corn sweeteners-Total-Pounds, dry weight",82.90853813
"Caloric sweeteners, per capita availability ",2003,"Caloric sweeteners-Corn sweeteners-Total-Pounds, dry weight",80.71633236
"Caloric sweeteners, per capita availability ",2004,"Caloric sweeteners-Corn sweeteners-Total-Pounds, dry weight",80.4013562
"Caloric sweeteners, per capita availability ",2005,"Caloric sweeteners-Corn sweeteners-Total-Pounds, dry weight",79.3554841
"Caloric sweeteners, per capita availability ",2006,"Caloric sweeteners-Corn sweeteners-Total-Pounds, dry weight",76.95936763
"Caloric sweeteners, per capita availability ",2007,"Caloric sweeteners-Corn sweeteners-Total-Pounds, dry weight",74.41630774
"Caloric sweeteners, per capita availability ",2008,"Caloric sweeteners-Corn sweeteners-Total-Pounds, dry weight",70.60882735
"Caloric sweeteners, per capita availability ",2009,"Caloric sweeteners-Corn sweeteners-Total-Pounds, dry weight",67.4586591
"Caloric sweeteners, per capita availability ",2010,"Caloric sweeteners-Corn sweeteners-Total-Pounds, dry weight",66.151413
"Caloric sweeteners, per capita availability ",2011,"Caloric sweeteners-Corn sweeteners-Total-Pounds, dry weight",63.74672637
"Caloric sweeteners, per capita availability ",2012,"Caloric sweeteners-Corn sweeteners-Total-Pounds, dry weight",62.98465908
"Caloric sweeteners, per capita availability ",2013,"Caloric sweeteners-Corn sweeteners-Total-Pounds, dry weight",60.53702424
"Caloric sweeteners, per capita availability ",2014,"Caloric sweeteners-Corn sweeteners-Total-Pounds, dry weight",61.31043657
"Caloric sweeteners, per capita availability ",2015,"Caloric sweeteners-Corn sweeteners-Total-Pounds, dry weight",60.17597533
"Caloric sweeteners, per capita availability ",2016,"Caloric sweeteners-Corn sweeteners-Total-Pounds, dry weight",58.8423513
"Caloric sweeteners, per capita availability ",2017,"Caloric sweeteners-Corn sweeteners-Total-Pounds, dry weight",58.59256155
"Caloric sweeteners, per capita availability ",2018,"Caloric sweeteners-Corn sweeteners-Total-Pounds, dry weight",57.30058477
"Caloric sweeteners, per capita availability ",2019,"Caloric sweeteners-Corn sweeteners-Total-Pounds, dry weight",56.22828699
"Caloric sweeteners, per capita availability ",2020,"Caloric sweeteners-Corn sweeteners-Total-Pounds, dry weight",56.09024171
"Caloric sweeteners, per capita availability ",2021,"Caloric sweeteners-Corn sweeteners-Total-Pounds, dry weight",55.48927018
"Caloric sweeteners, per capita availability ",2022,"Caloric sweeteners-Corn sweeteners-Total-Pounds, dry weight",55.13882281
"Caloric sweeteners, per capita availability ",2023,"Caloric sweeteners-Corn sweeteners-Total-Pounds, dry weight",53.02828484
"Caloric sweeteners, per capita availability ",1966,"Caloric sweeteners-Edible syrups-Pounds, dry weight",0.702075702
"Caloric sweeteners, per capita availability ",1967,"Caloric sweeteners-Edible syrups-Pounds, dry weight",0.503240871
"Caloric sweeteners, per capita availability ",1968,"Caloric sweeteners-Edible syrups-Pounds, dry weight",0.697537692
"Caloric sweeteners, per capita availability ",1969,"Caloric sweeteners-Edible syrups-Pounds, dry weight",0.601942993
"Caloric sweeteners, per capita availability ",1970,"Caloric sweeteners-Edible syrups-Pounds, dry weight",0.497434797
"Caloric sweeteners, per capita availability ",1971,"Caloric sweeteners-Edible syrups-Pounds, dry weight",0.500816234
"Caloric sweeteners, per capita availability ",1972,"Caloric sweeteners-Edible syrups-Pounds, dry weight",0.495483478
"Caloric sweeteners, per capita availability ",1973,"Caloric sweeteners-Edible syrups-Pounds, dry weight",0.500214715
"Caloric sweeteners, per capita availability ",1974,"Caloric sweeteners-Edible syrups-Pounds, dry weight",0.402143518
"Caloric sweeteners, per capita availability ",1975,"Caloric sweeteners-Edible syrups-Pounds, dry weight",0.398197923
"Caloric sweeteners, per capita availability ",1976,"Caloric sweeteners-Edible syrups-Pounds, dry weight",0.403604926
"Caloric sweeteners, per capita availability ",1977,"Caloric sweeteners-Edible syrups-Pounds, dry weight",0.399565926
"Caloric sweeteners, per capita availability ",1978,"Caloric sweeteners-Edible syrups-Pounds, dry weight",0.404339915
"Caloric sweeteners, per capita availability ",1979,"Caloric sweeteners-Edible syrups-Pounds, dry weight",0.39101553
"Caloric sweeteners, per capita availability ",1980,"Caloric sweeteners-Edible syrups-Pounds, dry weight",0.439124211
"Caloric sweeteners, per capita availability ",1981,"Caloric sweeteners-Edible syrups-Pounds, dry weight",0.400059139
"Caloric sweeteners, per capita availability ",1982,"Caloric sweeteners-Edible syrups-Pounds, dry weight",0.396230641
"Caloric sweeteners, per capita availability ",1983,"Caloric sweeteners-Edible syrups-Pounds, dry weight",0.402890225
"Caloric sweeteners, per capita availability ",1984,"Caloric sweeteners-Edible syrups-Pounds, dry weight",0.397718618
"Caloric sweeteners, per capita availability ",1985,"Caloric sweeteners-Edible syrups-Pounds, dry weight",0.403244569
"Caloric sweeteners, per capita availability ",1986,"Caloric sweeteners-Edible syrups-Pounds, dry weight",0.41472134
"Caloric sweeteners, per capita availability ",1987,"Caloric sweeteners-Edible syrups-Pounds, dry weight",0.448782468
"Caloric sweeteners, per capita availability ",1988,"Caloric sweeteners-Edible syrups-Pounds, dry weight",0.436933902
"Caloric sweeteners, per capita availability ",1989,"Caloric sweeteners-Edible syrups-Pounds, dry weight",0.423785421
"Caloric sweeteners, per capita availability ",1990,"Caloric sweeteners-Edible syrups-Pounds, dry weight",0.420374859
"Caloric sweeteners, per capita availability ",1991,"Caloric sweeteners-Edible syrups-Pounds, dry weight",0.41850751
"Caloric sweeteners, per capita availability ",1992,"Caloric sweeteners-Edible syrups-Pounds, dry weight",0.15547429
"Caloric sweeteners, per capita availability ",1993,"Caloric sweeteners-Edible syrups-Pounds, dry weight",0.15299118
"Caloric sweeteners, per capita availability ",1994,"Caloric sweeteners-Edible syrups-Pounds, dry weight",0.138741935
"Caloric sweeteners, per capita availability ",1995,"Caloric sweeteners-Edible syrups-Pounds, dry weight",0.268222026
"Caloric sweeteners, per capita availability ",1996,"Caloric sweeteners-Edible syrups-Pounds, dry weight",0.700373051
"Caloric sweeteners, per capita availability ",1997,"Caloric sweeteners-Edible syrups-Pounds, dry weight",0.596927852
"Caloric sweeteners, per capita availability ",1998,"Caloric sweeteners-Edible syrups-Pounds, dry weight",0.584270194
"Caloric sweeteners, per capita availability ",1999,"Caloric sweeteners-Edible syrups-Pounds, dry weight",0.555175097
"Caloric sweeteners, per capita availability ",2000,"Caloric sweeteners-Edible syrups-Pounds, dry weight",0.591984055
"Caloric sweeteners, per capita availability ",2001,"Caloric sweeteners-Edible syrups-Pounds, dry weight",0.997569726
"Caloric sweeteners, per capita availability ",2002,"Caloric sweeteners-Edible syrups-Pounds, dry weight",0.959383845
"Caloric sweeteners, per capita availability ",2003,"Caloric sweeteners-Edible syrups-Pounds, dry weight",0.769240431
"Caloric sweeteners, per capita availability ",2004,"Caloric sweeteners-Edible syrups-Pounds, dry weight",0.656119431
"Caloric sweeteners, per capita availability ",2005,"Caloric sweeteners-Edible syrups-Pounds, dry weight",0.636095613
"Caloric sweeteners, per capita availability ",2006,"Caloric sweeteners-Edible syrups-Pounds, dry weight",0.657741095
"Caloric sweeteners, per capita availability ",2007,"Caloric sweeteners-Edible syrups-Pounds, dry weight",0.620217014
"Caloric sweeteners, per capita availability ",2008,"Caloric sweeteners-Edible syrups-Pounds, dry weight",0.611769883
"Caloric sweeteners, per capita availability ",2009,"Caloric sweeteners-Edible syrups-Pounds, dry weight",0.587748975
"Caloric sweeteners, per capita availability ",2010,"Caloric sweeteners-Edible syrups-Pounds, dry weight",0.670424704
"Caloric sweeteners, per capita availability ",2011,"Caloric sweeteners-Edible syrups-Pounds, dry weight",0.654768341
"Caloric sweeteners, per capita availability ",2012,"Caloric sweeteners-Edible syrups-Pounds, dry weight",0.660765181
"Caloric sweeteners, per capita availability ",2013,"Caloric sweeteners-Edible syrups-Pounds, dry weight",0.700790387
"Caloric sweeteners, per capita availability ",2014,"Caloric sweeteners-Edible syrups-Pounds, dry weight",0.80001743
"Caloric sweeteners, per capita availability ",2015,"Caloric sweeteners-Edible syrups-Pounds, dry weight",0.852870229
"Caloric sweeteners, per capita availability ",2016,"Caloric sweeteners-Edible syrups-Pounds, dry weight",0.651683031
"Caloric sweeteners, per capita availability ",2017,"Caloric sweeteners-Edible syrups-Pounds, dry weight",0.673222028
"Caloric sweeteners, per capita availability ",2018,"Caloric sweeteners-Edible syrups-Pounds, dry weight",0.719964458
"Caloric sweeteners, per capita availability ",2019,"Caloric sweeteners-Edible syrups-Pounds, dry weight",0.78049786
"Caloric sweeteners, per capita availability ",2020,"Caloric sweeteners-Edible syrups-Pounds, dry weight",0.756425943
"Caloric sweeteners, per capita availability ",2021,"Caloric sweeteners-Edible syrups-Pounds, dry weight",0.816755029
"Caloric sweeteners, per capita availability ",2022,"Caloric sweeteners-Edible syrups-Pounds, dry weight",0.898913966
"Caloric sweeteners, per capita availability ",2023,"Caloric sweeteners-Edible syrups-Pounds, dry weight",0.813434851
"Caloric sweeteners, per capita availability ",1966,"Caloric sweeteners-Honey-Pounds, dry weight",0.997150997
"Caloric sweeteners, per capita availability ",1967,"Caloric sweeteners-Honey-Pounds, dry weight",0.895768751
"Caloric sweeteners, per capita availability ",1968,"Caloric sweeteners-Honey-Pounds, dry weight",0.896834175
"Caloric sweeteners, per capita availability ",1969,"Caloric sweeteners-Honey-Pounds, dry weight",0.99665971
"Caloric sweeteners, per capita availability ",1970,"Caloric sweeteners-Honey-Pounds, dry weight",1.004623218
"Caloric sweeteners, per capita availability ",1971,"Caloric sweeteners-Honey-Pounds, dry weight",0.895690573
"Caloric sweeteners, per capita availability ",1972,"Caloric sweeteners-Honey-Pounds, dry weight",1.000495483
"Caloric sweeteners, per capita availability ",1973,"Caloric sweeteners-Honey-Pounds, dry weight",0.896611281
"Caloric sweeteners, per capita availability ",1974,"Caloric sweeteners-Honey-Pounds, dry weight",0.701413114
"Caloric sweeteners, per capita availability ",1975,"Caloric sweeteners-Honey-Pounds, dry weight",1.000125016
"Caloric sweeteners, per capita availability ",1976,"Caloric sweeteners-Honey-Pounds, dry weight",0.917283922
"Caloric sweeteners, per capita availability ",1977,"Caloric sweeteners-Honey-Pounds, dry weight",0.908104378
"Caloric sweeteners, per capita availability ",1978,"Caloric sweeteners-Honey-Pounds, dry weight",1.078239774
"Caloric sweeteners, per capita availability ",1979,"Caloric sweeteners-Honey-Pounds, dry weight",1.03974584
"Caloric sweeteners, per capita availability ",1980,"Caloric sweeteners-Honey-Pounds, dry weight",0.824438141
"Caloric sweeteners, per capita availability ",1981,"Caloric sweeteners-Honey-Pounds, dry weight",0.837341172
"Caloric sweeteners, per capita availability ",1982,"Caloric sweeteners-Honey-Pounds, dry weight",0.896532121
"Caloric sweeteners, per capita availability ",1983,"Caloric sweeteners-Honey-Pounds, dry weight",0.987964508
"Caloric sweeteners, per capita availability ",1984,"Caloric sweeteners-Honey-Pounds, dry weight",0.914113934
"Caloric sweeteners, per capita availability ",1985,"Caloric sweeteners-Honey-Pounds, dry weight",0.876061996
"Caloric sweeteners, per capita availability ",1986,"Caloric sweeteners-Honey-Pounds, dry weight",1.005032184
"Caloric sweeteners, per capita availability ",1987,"Caloric sweeteners-Honey-Pounds, dry weight",0.883267986
"Caloric sweeteners, per capita availability ",1988,"Caloric sweeteners-Honey-Pounds, dry weight",0.846981932
"Caloric sweeteners, per capita availability ",1989,"Caloric sweeteners-Honey-Pounds, dry weight",0.780335869
"Caloric sweeteners, per capita availability ",1990,"Caloric sweeteners-Honey-Pounds, dry weight",0.827548539
"Caloric sweeteners, per capita availability ",1991,"Caloric sweeteners-Honey-Pounds, dry weight",0.917819752
"Caloric sweeteners, per capita availability ",1992,"Caloric sweeteners-Honey-Pounds, dry weight",0.981442526
"Caloric sweeteners, per capita availability ",1993,"Caloric sweeteners-Honey-Pounds, dry weight",1.036045244
"Caloric sweeteners, per capita availability ",1994,"Caloric sweeteners-Honey-Pounds, dry weight",0.954116892
"Caloric sweeteners, per capita availability ",1995,"Caloric sweeteners-Honey-Pounds, dry weight",0.900975498
"Caloric sweeteners, per capita availability ",1996,"Caloric sweeteners-Honey-Pounds, dry weight",0.969921045
"Caloric sweeteners, per capita availability ",1997,"Caloric sweeteners-Honey-Pounds, dry weight",0.947707071
"Caloric sweeteners, per capita availability ",1998,"Caloric sweeteners-Honey-Pounds, dry weight",0.938279672
"Caloric sweeteners, per capita availability ",1999,"Caloric sweeteners-Honey-Pounds, dry weight",1.052439679
"Caloric sweeteners, per capita availability ",2000,"Caloric sweeteners-Honey-Pounds, dry weight",1.111279344
"Caloric sweeteners, per capita availability ",2001,"Caloric sweeteners-Honey-Pounds, dry weight",0.940110232
"Caloric sweeteners, per capita availability ",2002,"Caloric sweeteners-Honey-Pounds, dry weight",1.063885143
"Caloric sweeteners, per capita availability ",2003,"Caloric sweeteners-Honey-Pounds, dry weight",1.00276763
"Caloric sweeteners, per capita availability ",2004,"Caloric sweeteners-Honey-Pounds, dry weight",0.887282092
"Caloric sweeteners, per capita availability ",2005,"Caloric sweeteners-Honey-Pounds, dry weight",1.049966689
"Caloric sweeteners, per capita availability ",2006,"Caloric sweeteners-Honey-Pounds, dry weight",1.115307652
"Caloric sweeteners, per capita availability ",2007,"Caloric sweeteners-Honey-Pounds, dry weight",0.983584545
"Caloric sweeteners, per capita availability ",2008,"Caloric sweeteners-Honey-Pounds, dry weight",0.989431251
"Caloric sweeteners, per capita availability ",2009,"Caloric sweeteners-Honey-Pounds, dry weight",0.915600834
"Caloric sweeteners, per capita availability ",2010,"Caloric sweeteners-Honey-Pounds, dry weight",1.033958545
"Caloric sweeteners, per capita availability ",2011,"Caloric sweeteners-Honey-Pounds, dry weight",1.082618732
"Caloric sweeteners, per capita availability ",2012,"Caloric sweeteners-Honey-Pounds, dry weight",1.10688246
"Caloric sweeteners, per capita availability ",2013,"Caloric sweeteners-Honey-Pounds, dry weight",1.156046134
"Caloric sweeteners, per capita availability ",2014,"Caloric sweeteners-Honey-Pounds, dry weight",1.297196056
"Caloric sweeteners, per capita availability ",2015,"Caloric sweeteners-Honey-Pounds, dry weight",1.290296852
"Caloric sweeteners, per capita availability ",2016,"Caloric sweeteners-Honey-Pounds, dry weight",1.252572022
"Caloric sweeteners, per capita availability ",2017,"Caloric sweeteners-Honey-Pounds, dry weight",1.429599724
"Caloric sweeteners, per capita availability ",2018,"Caloric sweeteners-Honey-Pounds, dry weight",1.330823339
"Caloric sweeteners, per capita availability ",2019,"Caloric sweeteners-Honey-Pounds, dry weight",1.259338558
"Caloric sweeteners, per capita availability ",2020,"Caloric sweeteners-Honey-Pounds, dry weight",1.347794564
"Caloric sweeteners, per capita availability ",2021,"Caloric sweeteners-Honey-Pounds, dry weight",1.451566545
"Caloric sweeteners, per capita availability ",2022,"Caloric sweeteners-Honey-Pounds, dry weight",1.324250231
"Caloric sweeteners, per capita availability ",2023,"Caloric sweeteners-Honey-Pounds, dry weight",1.279454907
"Caloric sweeteners, per capita availability ",1966,"Caloric sweeteners-Total caloric sweeteners-Pounds, dry weight",112.9328049
"Caloric sweeteners, per capita availability ",1967,"Caloric sweeteners-Total caloric sweeteners-Pounds, dry weight",114.1597382
"Caloric sweeteners, per capita availability ",1968,"Caloric sweeteners-Total caloric sweeteners-Pounds, dry weight",115.6714204
"Caloric sweeteners, per capita availability ",1969,"Caloric sweeteners-Total caloric sweeteners-Pounds, dry weight",117.906855
"Caloric sweeteners, per capita availability ",1970,"Caloric sweeteners-Total caloric sweeteners-Pounds, dry weight",119.1496425
"Caloric sweeteners, per capita availability ",1971,"Caloric sweeteners-Total caloric sweeteners-Pounds, dry weight",120.1796689
"Caloric sweeteners, per capita availability ",1972,"Caloric sweeteners-Total caloric sweeteners-Pounds, dry weight",121.5412471
"Caloric sweeteners, per capita availability ",1973,"Caloric sweeteners-Total caloric sweeteners-Pounds, dry weight",121.9552007
"Caloric sweeteners, per capita availability ",1974,"Caloric sweeteners-Total caloric sweeteners-Pounds, dry weight",117.9234335
"Caloric sweeteners, per capita availability ",1975,"Caloric sweeteners-Total caloric sweeteners-Pounds, dry weight",113.8438984
"Caloric sweeteners, per capita availability ",1976,"Caloric sweeteners-Total caloric sweeteners-Pounds, dry weight",119.9103008
"Caloric sweeteners, per capita availability ",1977,"Caloric sweeteners-Total caloric sweeteners-Pounds, dry weight",122.7710518
"Caloric sweeteners, per capita availability ",1978,"Caloric sweeteners-Total caloric sweeteners-Pounds, dry weight",121.3121485
"Caloric sweeteners, per capita availability ",1979,"Caloric sweeteners-Total caloric sweeteners-Pounds, dry weight",122.5576201
"Caloric sweeteners, per capita availability ",1980,"Caloric sweeteners-Total caloric sweeteners-Pounds, dry weight",120.2312446
"Caloric sweeteners, per capita availability ",1981,"Caloric sweeteners-Total caloric sweeteners-Pounds, dry weight",119.7857331
"Caloric sweeteners, per capita availability ",1982,"Caloric sweeteners-Total caloric sweeteners-Pounds, dry weight",117.7093509
"Caloric sweeteners, per capita availability ",1983,"Caloric sweeteners-Total caloric sweeteners-Pounds, dry weight",119.2918203
"Caloric sweeteners, per capita availability ",1984,"Caloric sweeteners-Total caloric sweeteners-Pounds, dry weight",121.7772333
"Caloric sweeteners, per capita availability ",1985,"Caloric sweeteners-Total caloric sweeteners-Pounds, dry weight",126.1657411
"Caloric sweeteners, per capita availability ",1986,"Caloric sweeteners-Total caloric sweeteners-Pounds, dry weight",124.305872
"Caloric sweeteners, per capita availability ",1987,"Caloric sweeteners-Total caloric sweeteners-Pounds, dry weight",128.8839623
"Caloric sweeteners, per capita availability ",1988,"Caloric sweeteners-Total caloric sweeteners-Pounds, dry weight",130.2566412
"Caloric sweeteners, per capita availability ",1989,"Caloric sweeteners-Total caloric sweeteners-Pounds, dry weight",128.5251713
"Caloric sweeteners, per capita availability ",1990,"Caloric sweeteners-Total caloric sweeteners-Pounds, dry weight",132.4544368
"Caloric sweeteners, per capita availability ",1991,"Caloric sweeteners-Total caloric sweeteners-Pounds, dry weight",132.8815813
"Caloric sweeteners, per capita availability ",1992,"Caloric sweeteners-Total caloric sweeteners-Pounds, dry weight",135.2617507
"Caloric sweeteners, per capita availability ",1993,"Caloric sweeteners-Total caloric sweeteners-Pounds, dry weight",138.116955
"Caloric sweeteners, per capita availability ",1994,"Caloric sweeteners-Total caloric sweeteners-Pounds, dry weight",141.4359257
"Caloric sweeteners, per capita availability ",1995,"Caloric sweeteners-Total caloric sweeteners-Pounds, dry weight",144.7002892
"Caloric sweeteners, per capita availability ",1996,"Caloric sweeteners-Total caloric sweeteners-Pounds, dry weight",146.8006943
"Caloric sweeteners, per capita availability ",1997,"Caloric sweeteners-Total caloric sweeteners-Pounds, dry weight",150.1884571
"Caloric sweeteners, per capita availability ",1998,"Caloric sweeteners-Total caloric sweeteners-Pounds, dry weight",151.5258197
"Caloric sweeteners, per capita availability ",1999,"Caloric sweeteners-Total caloric sweeteners-Pounds, dry weight",153.5911528
"Caloric sweeteners, per capita availability ",2000,"Caloric sweeteners-Total caloric sweeteners-Pounds, dry weight",150.7834791
"Caloric sweeteners, per capita availability ",2001,"Caloric sweeteners-Total caloric sweeteners-Pounds, dry weight",148.927591
"Caloric sweeteners, per capita availability ",2002,"Caloric sweeteners-Total caloric sweeteners-Pounds, dry weight",148.1364527
"Caloric sweeteners, per capita availability ",2003,"Caloric sweeteners-Total caloric sweeteners-Pounds, dry weight",143.338002
"Caloric sweeteners, per capita availability ",2004,"Caloric sweeteners-Total caloric sweeteners-Pounds, dry weight",143.4775197
"Caloric sweeteners, per capita availability ",2005,"Caloric sweeteners-Total caloric sweeteners-Pounds, dry weight",144.0009345
"Caloric sweeteners, per capita availability ",2006,"Caloric sweeteners-Total caloric sweeteners-Pounds, dry weight",140.8469295
"Caloric sweeteners, per capita availability ",2007,"Caloric sweeteners-Total caloric sweeteners-Pounds, dry weight",137.1439984
"Caloric sweeteners, per capita availability ",2008,"Caloric sweeteners-Total caloric sweeteners-Pounds, dry weight",137.2448096
"Caloric sweeteners, per capita availability ",2009,"Caloric sweeteners-Total caloric sweeteners-Pounds, dry weight",132.3248194
"Caloric sweeteners, per capita availability ",2010,"Caloric sweeteners-Total caloric sweeteners-Pounds, dry weight",133.7708413
"Caloric sweeteners, per capita availability ",2011,"Caloric sweeteners-Total caloric sweeteners-Pounds, dry weight",131.3627002
"Caloric sweeteners, per capita availability ",2012,"Caloric sweeteners-Total caloric sweeteners-Pounds, dry weight",131.3799335
"Caloric sweeteners, per capita availability ",2013,"Caloric sweeteners-Total caloric sweeteners-Pounds, dry weight",130.3836781
"Caloric sweeteners, per capita availability ",2014,"Caloric sweeteners-Total caloric sweeteners-Pounds, dry weight",131.8370408
"Caloric sweeteners, per capita availability ",2015,"Caloric sweeteners-Total caloric sweeteners-Pounds, dry weight",131.3417597
"Caloric sweeteners, per capita availability ",2016,"Caloric sweeteners-Total caloric sweeteners-Pounds, dry weight",130.3480823
"Caloric sweeteners, per capita availability ",2017,"Caloric sweeteners-Total caloric sweeteners-Pounds, dry weight",129.7704741
"Caloric sweeteners, per capita availability ",2018,"Caloric sweeteners-Total caloric sweeteners-Pounds, dry weight",127.8100452
"Caloric sweeteners, per capita availability ",2019,"Caloric sweeteners-Total caloric sweeteners-Pounds, dry weight",126.4742713
"Caloric sweeteners, per capita availability ",2020,"Caloric sweeteners-Total caloric sweeteners-Pounds, dry weight",126.7309383
"Caloric sweeteners, per capita availability ",2021,"Caloric sweeteners-Total caloric sweeteners-Pounds, dry weight",127.2492654
"Caloric sweeteners, per capita availability ",2022,"Caloric sweeteners-Total caloric sweeteners-Pounds, dry weight",126.5686011
"Caloric sweeteners, per capita availability ",2023,"Caloric sweeteners-Total caloric sweeteners-Pounds, dry weight",123.5257947
"Caloric sweeteners, per capita availability",1909,"Caloric sweeteners-Cane and beet sugar deliveries-Raw-Pounds, dry weight",
"Caloric sweeteners, per capita availability",1910,"Caloric sweeteners-Cane and beet sugar deliveries-Raw-Pounds, dry weight",
"Caloric sweeteners, per capita availability",1911,"Caloric sweeteners-Cane and beet sugar deliveries-Raw-Pounds, dry weight",
"Caloric sweeteners, per capita availability",1912,"Caloric sweeteners-Cane and beet sugar deliveries-Raw-Pounds, dry weight",
"Caloric sweeteners, per capita availability",1913,"Caloric sweeteners-Cane and beet sugar deliveries-Raw-Pounds, dry weight",
"Caloric sweeteners, per capita availability",1914,"Caloric sweeteners-Cane and beet sugar deliveries-Raw-Pounds, dry weight",
"Caloric sweeteners, per capita availability",1915,"Caloric sweeteners-Cane and beet sugar deliveries-Raw-Pounds, dry weight",
"Caloric sweeteners, per capita availability",1916,"Caloric sweeteners-Cane and beet sugar deliveries-Raw-Pounds, dry weight",
"Caloric sweeteners, per capita availability",1917,"Caloric sweeteners-Cane and beet sugar deliveries-Raw-Pounds, dry weight",
"Caloric sweeteners, per capita availability",1918,"Caloric sweeteners-Cane and beet sugar deliveries-Raw-Pounds, dry weight",
"Caloric sweeteners, per capita availability",1919,"Caloric sweeteners-Cane and beet sugar deliveries-Raw-Pounds, dry weight",
"Caloric sweeteners, per capita availability",1920,"Caloric sweeteners-Cane and beet sugar deliveries-Raw-Pounds, dry weight",
"Caloric sweeteners, per capita availability",1921,"Caloric sweeteners-Cane and beet sugar deliveries-Raw-Pounds, dry weight",
"Caloric sweeteners, per capita availability",1922,"Caloric sweeteners-Cane and beet sugar deliveries-Raw-Pounds, dry weight",
"Caloric sweeteners, per capita availability",1923,"Caloric sweeteners-Cane and beet sugar deliveries-Raw-Pounds, dry weight",
"Caloric sweeteners, per capita availability",1924,"Caloric sweeteners-Cane and beet sugar deliveries-Raw-Pounds, dry weight",
"Caloric sweeteners, per capita availability",1925,"Caloric sweeteners-Cane and beet sugar deliveries-Raw-Pounds, dry weight",
"Caloric sweeteners, per capita availability",1926,"Caloric sweeteners-Cane and beet sugar deliveries-Raw-Pounds, dry weight",
"Caloric sweeteners, per capita availability",1927,"Caloric sweeteners-Cane and beet sugar deliveries-Raw-Pounds, dry weight",
"Caloric sweeteners, per capita availability",1928,"Caloric sweeteners-Cane and beet sugar deliveries-Raw-Pounds, dry weight",
"Caloric sweeteners, per capita availability",1929,"Caloric sweeteners-Cane and beet sugar deliveries-Raw-Pounds, dry weight",
"Caloric sweeteners, per capita availability",1930,"Caloric sweeteners-Cane and beet sugar deliveries-Raw-Pounds, dry weight",
"Caloric sweeteners, per capita availability",1931,"Caloric sweeteners-Cane and beet sugar deliveries-Raw-Pounds, dry weight",
"Caloric sweeteners, per capita availability",1932,"Caloric sweeteners-Cane and beet sugar deliveries-Raw-Pounds, dry weight",
"Caloric sweeteners, per capita availability",1933,"Caloric sweeteners-Cane and beet sugar deliveries-Raw-Pounds, dry weight",
"Caloric sweeteners, per capita availability",1934,"Caloric sweeteners-Cane and beet sugar deliveries-Raw-Pounds, dry weight",
"Caloric sweeteners, per capita availability",1935,"Caloric sweeteners-Cane and beet sugar deliveries-Raw-Pounds, dry weight",
"Caloric sweeteners, per capita availability",1936,"Caloric sweeteners-Cane and beet sugar deliveries-Raw-Pounds, dry weight",
"Caloric sweeteners, per capita availability",1937,"Caloric sweeteners-Cane and beet sugar deliveries-Raw-Pounds, dry weight",
"Caloric sweeteners, per capita availability",1938,"Caloric sweeteners-Cane and beet sugar deliveries-Raw-Pounds, dry weight",
"Caloric sweeteners, per capita availability",1939,"Caloric sweeteners-Cane and beet sugar deliveries-Raw-Pounds, dry weight",
"Caloric sweeteners, per capita availability",1940,"Caloric sweeteners-Cane and beet sugar deliveries-Raw-Pounds, dry weight",
"Caloric sweeteners, per capita availability",1941,"Caloric sweeteners-Cane and beet sugar deliveries-Raw-Pounds, dry weight",
"Caloric sweeteners, per capita availability",1942,"Caloric sweeteners-Cane and beet sugar deliveries-Raw-Pounds, dry weight",
"Caloric sweeteners, per capita availability",1943,"Caloric sweeteners-Cane and beet sugar deliveries-Raw-Pounds, dry weight",
"Caloric sweeteners, per capita availability",1944,"Caloric sweeteners-Cane and beet sugar deliveries-Raw-Pounds, dry weight",
"Caloric sweeteners, per capita availability",1945,"Caloric sweeteners-Cane and beet sugar deliveries-Raw-Pounds, dry weight",
"Caloric sweeteners, per capita availability",1946,"Caloric sweeteners-Cane and beet sugar deliveries-Raw-Pounds, dry weight",
"Caloric sweeteners, per capita availability",1947,"Caloric sweeteners-Cane and beet sugar deliveries-Raw-Pounds, dry weight",
"Caloric sweeteners, per capita availability",1948,"Caloric sweeteners-Cane and beet sugar deliveries-Raw-Pounds, dry weight",
"Caloric sweeteners, per capita availability",1949,"Caloric sweeteners-Cane and beet sugar deliveries-Raw-Pounds, dry weight",
"Caloric sweeteners, per capita availability",1950,"Caloric sweeteners-Cane and beet sugar deliveries-Raw-Pounds, dry weight",
"Caloric sweeteners, per capita availability",1951,"Caloric sweeteners-Cane and beet sugar deliveries-Raw-Pounds, dry weight",
"Caloric sweeteners, per capita availability",1952,"Caloric sweeteners-Cane and beet sugar deliveries-Raw-Pounds, dry weight",
"Caloric sweeteners, per capita availability",1953,"Caloric sweeteners-Cane and beet sugar deliveries-Raw-Pounds, dry weight",
"Caloric sweeteners, per capita availability",1954,"Caloric sweeteners-Cane and beet sugar deliveries-Raw-Pounds, dry weight",
"Caloric sweeteners, per capita availability",1955,"Caloric sweeteners-Cane and beet sugar deliveries-Raw-Pounds, dry weight",
"Caloric sweeteners, per capita availability",1956,"Caloric sweeteners-Cane and beet sugar deliveries-Raw-Pounds, dry weight",
"Caloric sweeteners, per capita availability",1957,"Caloric sweeteners-Cane and beet sugar deliveries-Raw-Pounds, dry weight",
"Caloric sweeteners, per capita availability",1958,"Caloric sweeteners-Cane and beet sugar deliveries-Raw-Pounds, dry weight",
"Caloric sweeteners, per capita availability",1959,"Caloric sweeteners-Cane and beet sugar deliveries-Raw-Pounds, dry weight",
"Caloric sweeteners, per capita availability",1960,"Caloric sweeteners-Cane and beet sugar deliveries-Raw-Pounds, dry weight",
"Caloric sweeteners, per capita availability",1961,"Caloric sweeteners-Cane and beet sugar deliveries-Raw-Pounds, dry weight",
"Caloric sweeteners, per capita availability",1962,"Caloric sweeteners-Cane and beet sugar deliveries-Raw-Pounds, dry weight",
"Caloric sweeteners, per capita availability",1963,"Caloric sweeteners-Cane and beet sugar deliveries-Raw-Pounds, dry weight",
"Caloric sweeteners, per capita availability",1964,"Caloric sweeteners-Cane and beet sugar deliveries-Raw-Pounds, dry weight",
"Caloric sweeteners, per capita availability",1965,"Caloric sweeteners-Cane and beet sugar deliveries-Raw-Pounds, dry weight",
"Caloric sweeteners, per capita availability",1909,"Caloric sweeteners-Cane and beet sugar deliveries-Refined-Pounds, dry weight",73.7
"Caloric sweeteners, per capita availability",1910,"Caloric sweeteners-Cane and beet sugar deliveries-Refined-Pounds, dry weight",75.4
"Caloric sweeteners, per capita availability",1911,"Caloric sweeteners-Cane and beet sugar deliveries-Refined-Pounds, dry weight",77.4
"Caloric sweeteners, per capita availability",1912,"Caloric sweeteners-Cane and beet sugar deliveries-Refined-Pounds, dry weight",75.9
"Caloric sweeteners, per capita availability",1913,"Caloric sweeteners-Cane and beet sugar deliveries-Refined-Pounds, dry weight",81.3
"Caloric sweeteners, per capita availability",1914,"Caloric sweeteners-Cane and beet sugar deliveries-Refined-Pounds, dry weight",81
"Caloric sweeteners, per capita availability",1915,"Caloric sweeteners-Cane and beet sugar deliveries-Refined-Pounds, dry weight",77.6
"Caloric sweeteners, per capita availability",1916,"Caloric sweeteners-Cane and beet sugar deliveries-Refined-Pounds, dry weight",76.8
"Caloric sweeteners, per capita availability",1917,"Caloric sweeteners-Cane and beet sugar deliveries-Refined-Pounds, dry weight",78
"Caloric sweeteners, per capita availability",1918,"Caloric sweeteners-Cane and beet sugar deliveries-Refined-Pounds, dry weight",74.6
"Caloric sweeteners, per capita availability",1919,"Caloric sweeteners-Cane and beet sugar deliveries-Refined-Pounds, dry weight",86.6
"Caloric sweeteners, per capita availability",1920,"Caloric sweeteners-Cane and beet sugar deliveries-Refined-Pounds, dry weight",85.5
"Caloric sweeteners, per capita availability",1921,"Caloric sweeteners-Cane and beet sugar deliveries-Refined-Pounds, dry weight",87.3
"Caloric sweeteners, per capita availability",1922,"Caloric sweeteners-Cane and beet sugar deliveries-Refined-Pounds, dry weight",104.4
"Caloric sweeteners, per capita availability",1923,"Caloric sweeteners-Cane and beet sugar deliveries-Refined-Pounds, dry weight",90.5
"Caloric sweeteners, per capita availability",1924,"Caloric sweeteners-Cane and beet sugar deliveries-Refined-Pounds, dry weight",99.5
"Caloric sweeteners, per capita availability",1925,"Caloric sweeteners-Cane and beet sugar deliveries-Refined-Pounds, dry weight",104.3
"Caloric sweeteners, per capita availability",1926,"Caloric sweeteners-Cane and beet sugar deliveries-Refined-Pounds, dry weight",104.5
"Caloric sweeteners, per capita availability",1927,"Caloric sweeteners-Cane and beet sugar deliveries-Refined-Pounds, dry weight",102.4
"Caloric sweeteners, per capita availability",1928,"Caloric sweeteners-Cane and beet sugar deliveries-Refined-Pounds, dry weight",103.7
"Caloric sweeteners, per capita availability",1929,"Caloric sweeteners-Cane and beet sugar deliveries-Refined-Pounds, dry weight",96.9
"Caloric sweeteners, per capita availability",1930,"Caloric sweeteners-Cane and beet sugar deliveries-Refined-Pounds, dry weight",109.6
"Caloric sweeteners, per capita availability",1931,"Caloric sweeteners-Cane and beet sugar deliveries-Refined-Pounds, dry weight",100.5
"Caloric sweeteners, per capita availability",1932,"Caloric sweeteners-Cane and beet sugar deliveries-Refined-Pounds, dry weight",94.7
"Caloric sweeteners, per capita availability",1933,"Caloric sweeteners-Cane and beet sugar deliveries-Refined-Pounds, dry weight",93.7
"Caloric sweeteners, per capita availability",1934,"Caloric sweeteners-Cane and beet sugar deliveries-Refined-Pounds, dry weight",93.7
"Caloric sweeteners, per capita availability",1935,"Caloric sweeteners-Cane and beet sugar deliveries-Refined-Pounds, dry weight",97.8
"Caloric sweeteners, per capita availability",1936,"Caloric sweeteners-Cane and beet sugar deliveries-Refined-Pounds, dry weight",97.3
"Caloric sweeteners, per capita availability",1937,"Caloric sweeteners-Cane and beet sugar deliveries-Refined-Pounds, dry weight",96.4
"Caloric sweeteners, per capita availability",1938,"Caloric sweeteners-Cane and beet sugar deliveries-Refined-Pounds, dry weight",95.2
"Caloric sweeteners, per capita availability",1939,"Caloric sweeteners-Cane and beet sugar deliveries-Refined-Pounds, dry weight",100.8
"Caloric sweeteners, per capita availability",1940,"Caloric sweeteners-Cane and beet sugar deliveries-Refined-Pounds, dry weight",95.7
"Caloric sweeteners, per capita availability",1941,"Caloric sweeteners-Cane and beet sugar deliveries-Refined-Pounds, dry weight",104.3
"Caloric sweeteners, per capita availability",1942,"Caloric sweeteners-Cane and beet sugar deliveries-Refined-Pounds, dry weight",81.8
"Caloric sweeteners, per capita availability",1943,"Caloric sweeteners-Cane and beet sugar deliveries-Refined-Pounds, dry weight",80.7
"Caloric sweeteners, per capita availability",1944,"Caloric sweeteners-Cane and beet sugar deliveries-Refined-Pounds, dry weight",89.5
"Caloric sweeteners, per capita availability",1945,"Caloric sweeteners-Cane and beet sugar deliveries-Refined-Pounds, dry weight",73.9
"Caloric sweeteners, per capita availability",1946,"Caloric sweeteners-Cane and beet sugar deliveries-Refined-Pounds, dry weight",75.1
"Caloric sweeteners, per capita availability",1947,"Caloric sweeteners-Cane and beet sugar deliveries-Refined-Pounds, dry weight",95.1
"Caloric sweeteners, per capita availability",1948,"Caloric sweeteners-Cane and beet sugar deliveries-Refined-Pounds, dry weight",94.1
"Caloric sweeteners, per capita availability",1949,"Caloric sweeteners-Cane and beet sugar deliveries-Refined-Pounds, dry weight",96.4
"Caloric sweeteners, per capita availability",1950,"Caloric sweeteners-Cane and beet sugar deliveries-Refined-Pounds, dry weight",100.6
"Caloric sweeteners, per capita availability",1951,"Caloric sweeteners-Cane and beet sugar deliveries-Refined-Pounds, dry weight",94
"Caloric sweeteners, per capita availability",1952,"Caloric sweeteners-Cane and beet sugar deliveries-Refined-Pounds, dry weight",97.1
"Caloric sweeteners, per capita availability",1953,"Caloric sweeteners-Cane and beet sugar deliveries-Refined-Pounds, dry weight",97.2
"Caloric sweeteners, per capita availability",1954,"Caloric sweeteners-Cane and beet sugar deliveries-Refined-Pounds, dry weight",97.2
"Caloric sweeteners, per capita availability",1955,"Caloric sweeteners-Cane and beet sugar deliveries-Refined-Pounds, dry weight",95.6
"Caloric sweeteners, per capita availability",1956,"Caloric sweeteners-Cane and beet sugar deliveries-Refined-Pounds, dry weight",96.3
"Caloric sweeteners, per capita availability",1957,"Caloric sweeteners-Cane and beet sugar deliveries-Refined-Pounds, dry weight",97.8
"Caloric sweeteners, per capita availability",1958,"Caloric sweeteners-Cane and beet sugar deliveries-Refined-Pounds, dry weight",95
"Caloric sweeteners, per capita availability",1959,"Caloric sweeteners-Cane and beet sugar deliveries-Refined-Pounds, dry weight",96.8
"Caloric sweeteners, per capita availability",1960,"Caloric sweeteners-Cane and beet sugar deliveries-Refined-Pounds, dry weight",96.4
"Caloric sweeteners, per capita availability",1961,"Caloric sweeteners-Cane and beet sugar deliveries-Refined-Pounds, dry weight",97.60085935
"Caloric sweeteners, per capita availability",1962,"Caloric sweeteners-Cane and beet sugar deliveries-Refined-Pounds, dry weight",97.79731169
"Caloric sweeteners, per capita availability",1963,"Caloric sweeteners-Cane and beet sugar deliveries-Refined-Pounds, dry weight",97.89792023
"Caloric sweeteners, per capita availability",1964,"Caloric sweeteners-Cane and beet sugar deliveries-Refined-Pounds, dry weight",97.29914138
"Caloric sweeteners, per capita availability",1965,"Caloric sweeteners-Cane and beet sugar deliveries-Refined-Pounds, dry weight",96.80440742
"Caloric sweeteners, per capita availability",1909,"Caloric sweeteners-Corn sweeteners-HFCS-Pounds, dry weight",
"Caloric sweeteners, per capita availability",1910,"Caloric sweeteners-Corn sweeteners-HFCS-Pounds, dry weight",
"Caloric sweeteners, per capita availability",1911,"Caloric sweeteners-Corn sweeteners-HFCS-Pounds, dry weight",
"Caloric sweeteners, per capita availability",1912,"Caloric sweeteners-Corn sweeteners-HFCS-Pounds, dry weight",
"Caloric sweeteners, per capita availability",1913,"Caloric sweeteners-Corn sweeteners-HFCS-Pounds, dry weight",
"Caloric sweeteners, per capita availability",1914,"Caloric sweeteners-Corn sweeteners-HFCS-Pounds, dry weight",
"Caloric sweeteners, per capita availability",1915,"Caloric sweeteners-Corn sweeteners-HFCS-Pounds, dry weight",
"Caloric sweeteners, per capita availability",1916,"Caloric sweeteners-Corn sweeteners-HFCS-Pounds, dry weight",
"Caloric sweeteners, per capita availability",1917,"Caloric sweeteners-Corn sweeteners-HFCS-Pounds, dry weight",
"Caloric sweeteners, per capita availability",1918,"Caloric sweeteners-Corn sweeteners-HFCS-Pounds, dry weight",
"Caloric sweeteners, per capita availability",1919,"Caloric sweeteners-Corn sweeteners-HFCS-Pounds, dry weight",
"Caloric sweeteners, per capita availability",1920,"Caloric sweeteners-Corn sweeteners-HFCS-Pounds, dry weight",
"Caloric sweeteners, per capita availability",1921,"Caloric sweeteners-Corn sweeteners-HFCS-Pounds, dry weight",
"Caloric sweeteners, per capita availability",1922,"Caloric sweeteners-Corn sweeteners-HFCS-Pounds, dry weight",
"Caloric sweeteners, per capita availability",1923,"Caloric sweeteners-Corn sweeteners-HFCS-Pounds, dry weight",
"Caloric sweeteners, per capita availability",1924,"Caloric sweeteners-Corn sweeteners-HFCS-Pounds, dry weight",
"Caloric sweeteners, per capita availability",1925,"Caloric sweeteners-Corn sweeteners-HFCS-Pounds, dry weight",
"Caloric sweeteners, per capita availability",1926,"Caloric sweeteners-Corn sweeteners-HFCS-Pounds, dry weight",
"Caloric sweeteners, per capita availability",1927,"Caloric sweeteners-Corn sweeteners-HFCS-Pounds, dry weight",
"Caloric sweeteners, per capita availability",1928,"Caloric sweeteners-Corn sweeteners-HFCS-Pounds, dry weight",
"Caloric sweeteners, per capita availability",1929,"Caloric sweeteners-Corn sweeteners-HFCS-Pounds, dry weight",
"Caloric sweeteners, per capita availability",1930,"Caloric sweeteners-Corn sweeteners-HFCS-Pounds, dry weight",
"Caloric sweeteners, per capita availability",1931,"Caloric sweeteners-Corn sweeteners-HFCS-Pounds, dry weight",
"Caloric sweeteners, per capita availability",1932,"Caloric sweeteners-Corn sweeteners-HFCS-Pounds, dry weight",
"Caloric sweeteners, per capita availability",1933,"Caloric sweeteners-Corn sweeteners-HFCS-Pounds, dry weight",
"Caloric sweeteners, per capita availability",1934,"Caloric sweeteners-Corn sweeteners-HFCS-Pounds, dry weight",
"Caloric sweeteners, per capita availability",1935,"Caloric sweeteners-Corn sweeteners-HFCS-Pounds, dry weight",
"Caloric sweeteners, per capita availability",1936,"Caloric sweeteners-Corn sweeteners-HFCS-Pounds, dry weight",
"Caloric sweeteners, per capita availability",1937,"Caloric sweeteners-Corn sweeteners-HFCS-Pounds, dry weight",
"Caloric sweeteners, per capita availability",1938,"Caloric sweeteners-Corn sweeteners-HFCS-Pounds, dry weight",
"Caloric sweeteners, per capita availability",1939,"Caloric sweeteners-Corn sweeteners-HFCS-Pounds, dry weight",
"Caloric sweeteners, per capita availability",1940,"Caloric sweeteners-Corn sweeteners-HFCS-Pounds, dry weight",
"Caloric sweeteners, per capita availability",1941,"Caloric sweeteners-Corn sweeteners-HFCS-Pounds, dry weight",
"Caloric sweeteners, per capita availability",1942,"Caloric sweeteners-Corn sweeteners-HFCS-Pounds, dry weight",
"Caloric sweeteners, per capita availability",1943,"Caloric sweeteners-Corn sweeteners-HFCS-Pounds, dry weight",
"Caloric sweeteners, per capita availability",1944,"Caloric sweeteners-Corn sweeteners-HFCS-Pounds, dry weight",
"Caloric sweeteners, per capita availability",1945,"Caloric sweeteners-Corn sweeteners-HFCS-Pounds, dry weight",
"Caloric sweeteners, per capita availability",1946,"Caloric sweeteners-Corn sweeteners-HFCS-Pounds, dry weight",
"Caloric sweeteners, per capita availability",1947,"Caloric sweeteners-Corn sweeteners-HFCS-Pounds, dry weight",
"Caloric sweeteners, per capita availability",1948,"Caloric sweeteners-Corn sweeteners-HFCS-Pounds, dry weight",
"Caloric sweeteners, per capita availability",1949,"Caloric sweeteners-Corn sweeteners-HFCS-Pounds, dry weight",
"Caloric sweeteners, per capita availability",1950,"Caloric sweeteners-Corn sweeteners-HFCS-Pounds, dry weight",
"Caloric sweeteners, per capita availability",1951,"Caloric sweeteners-Corn sweeteners-HFCS-Pounds, dry weight",
"Caloric sweeteners, per capita availability",1952,"Caloric sweeteners-Corn sweeteners-HFCS-Pounds, dry weight",
"Caloric sweeteners, per capita availability",1953,"Caloric sweeteners-Corn sweeteners-HFCS-Pounds, dry weight",
"Caloric sweeteners, per capita availability",1954,"Caloric sweeteners-Corn sweeteners-HFCS-Pounds, dry weight",
"Caloric sweeteners, per capita availability",1955,"Caloric sweeteners-Corn sweeteners-HFCS-Pounds, dry weight",
"Caloric sweeteners, per capita availability",1956,"Caloric sweeteners-Corn sweeteners-HFCS-Pounds, dry weight",
"Caloric sweeteners, per capita availability",1957,"Caloric sweeteners-Corn sweeteners-HFCS-Pounds, dry weight",
"Caloric sweeteners, per capita availability",1958,"Caloric sweeteners-Corn sweeteners-HFCS-Pounds, dry weight",
"Caloric sweeteners, per capita availability",1959,"Caloric sweeteners-Corn sweeteners-HFCS-Pounds, dry weight",
"Caloric sweeteners, per capita availability",1960,"Caloric sweeteners-Corn sweeteners-HFCS-Pounds, dry weight",
"Caloric sweeteners, per capita availability",1961,"Caloric sweeteners-Corn sweeteners-HFCS-Pounds, dry weight",
"Caloric sweeteners, per capita availability",1962,"Caloric sweeteners-Corn sweeteners-HFCS-Pounds, dry weight",
"Caloric sweeteners, per capita availability",1963,"Caloric sweeteners-Corn sweeteners-HFCS-Pounds, dry weight",
"Caloric sweeteners, per capita availability",1964,"Caloric sweeteners-Corn sweeteners-HFCS-Pounds, dry weight",
"Caloric sweeteners, per capita availability",1965,"Caloric sweeteners-Corn sweeteners-HFCS-Pounds, dry weight",
"Caloric sweeteners, per capita availability",1909,"Caloric sweeteners-Corn sweeteners-Glucose-Pounds, dry weight",4.016393443
"Caloric sweeteners, per capita availability",1910,"Caloric sweeteners-Corn sweeteners-Glucose-Pounds, dry weight",4.426229508
"Caloric sweeteners, per capita availability",1911,"Caloric sweeteners-Corn sweeteners-Glucose-Pounds, dry weight",4.262295082
"Caloric sweeteners, per capita availability",1912,"Caloric sweeteners-Corn sweeteners-Glucose-Pounds, dry weight",4.344262295
"Caloric sweeteners, per capita availability",1913,"Caloric sweeteners-Corn sweeteners-Glucose-Pounds, dry weight",4.262295082
"Caloric sweeteners, per capita availability",1914,"Caloric sweeteners-Corn sweeteners-Glucose-Pounds, dry weight",4.098360656
"Caloric sweeteners, per capita availability",1915,"Caloric sweeteners-Corn sweeteners-Glucose-Pounds, dry weight",4.672131148
"Caloric sweeteners, per capita availability",1916,"Caloric sweeteners-Corn sweeteners-Glucose-Pounds, dry weight",5.081967213
"Caloric sweeteners, per capita availability",1917,"Caloric sweeteners-Corn sweeteners-Glucose-Pounds, dry weight",4.918032787
"Caloric sweeteners, per capita availability",1918,"Caloric sweeteners-Corn sweeteners-Glucose-Pounds, dry weight",6.229508197
"Caloric sweeteners, per capita availability",1919,"Caloric sweeteners-Corn sweeteners-Glucose-Pounds, dry weight",9.344262295
"Caloric sweeteners, per capita availability",1920,"Caloric sweeteners-Corn sweeteners-Glucose-Pounds, dry weight",8.278688525
"Caloric sweeteners, per capita availability",1921,"Caloric sweeteners-Corn sweeteners-Glucose-Pounds, dry weight",5.573770492
"Caloric sweeteners, per capita availability",1922,"Caloric sweeteners-Corn sweeteners-Glucose-Pounds, dry weight",6.229508197
"Caloric sweeteners, per capita availability",1923,"Caloric sweeteners-Corn sweeteners-Glucose-Pounds, dry weight",6.147540984
"Caloric sweeteners, per capita availability",1924,"Caloric sweeteners-Corn sweeteners-Glucose-Pounds, dry weight",7.131147541
"Caloric sweeteners, per capita availability",1925,"Caloric sweeteners-Corn sweeteners-Glucose-Pounds, dry weight",6.31147541
"Caloric sweeteners, per capita availability",1926,"Caloric sweeteners-Corn sweeteners-Glucose-Pounds, dry weight",6.557377049
"Caloric sweeteners, per capita availability",1927,"Caloric sweeteners-Corn sweeteners-Glucose-Pounds, dry weight",6.31147541
"Caloric sweeteners, per capita availability",1928,"Caloric sweeteners-Corn sweeteners-Glucose-Pounds, dry weight",6.475409836
"Caloric sweeteners, per capita availability",1929,"Caloric sweeteners-Corn sweeteners-Glucose-Pounds, dry weight",6.393442623
"Caloric sweeteners, per capita availability",1930,"Caloric sweeteners-Corn sweeteners-Glucose-Pounds, dry weight",6.06557377
"Caloric sweeteners, per capita availability",1931,"Caloric sweeteners-Corn sweeteners-Glucose-Pounds, dry weight",5.491803279
"Caloric sweeteners, per capita availability",1932,"Caloric sweeteners-Corn sweeteners-Glucose-Pounds, dry weight",4.754098361
"Caloric sweeteners, per capita availability",1933,"Caloric sweeteners-Corn sweeteners-Glucose-Pounds, dry weight",5.983606557
"Caloric sweeteners, per capita availability",1934,"Caloric sweeteners-Corn sweeteners-Glucose-Pounds, dry weight",5.983606557
"Caloric sweeteners, per capita availability",1935,"Caloric sweeteners-Corn sweeteners-Glucose-Pounds, dry weight",5.655737705
"Caloric sweeteners, per capita availability",1936,"Caloric sweeteners-Corn sweeteners-Glucose-Pounds, dry weight",6.885245902
"Caloric sweeteners, per capita availability",1937,"Caloric sweeteners-Corn sweeteners-Glucose-Pounds, dry weight",6.147540984
"Caloric sweeteners, per capita availability",1938,"Caloric sweeteners-Corn sweeteners-Glucose-Pounds, dry weight",6.31147541
"Caloric sweeteners, per capita availability",1939,"Caloric sweeteners-Corn sweeteners-Glucose-Pounds, dry weight",6.557377049
"Caloric sweeteners, per capita availability",1940,"Caloric sweeteners-Corn sweeteners-Glucose-Pounds, dry weight",6.475409836
"Caloric sweeteners, per capita availability",1941,"Caloric sweeteners-Corn sweeteners-Glucose-Pounds, dry weight",7.049180328
"Caloric sweeteners, per capita availability",1942,"Caloric sweeteners-Corn sweeteners-Glucose-Pounds, dry weight",11.39344262
"Caloric sweeteners, per capita availability",1943,"Caloric sweeteners-Corn sweeteners-Glucose-Pounds, dry weight",9.754098361
"Caloric sweeteners, per capita availability",1944,"Caloric sweeteners-Corn sweeteners-Glucose-Pounds, dry weight",9.508196721
"Caloric sweeteners, per capita availability",1945,"Caloric sweeteners-Corn sweeteners-Glucose-Pounds, dry weight",9.836065574
"Caloric sweeteners, per capita availability",1946,"Caloric sweeteners-Corn sweeteners-Glucose-Pounds, dry weight",9.754098361
"Caloric sweeteners, per capita availability",1947,"Caloric sweeteners-Corn sweeteners-Glucose-Pounds, dry weight",10.49180328
"Caloric sweeteners, per capita availability",1948,"Caloric sweeteners-Corn sweeteners-Glucose-Pounds, dry weight",6.803278689
"Caloric sweeteners, per capita availability",1949,"Caloric sweeteners-Corn sweeteners-Glucose-Pounds, dry weight",7.049180328
"Caloric sweeteners, per capita availability",1950,"Caloric sweeteners-Corn sweeteners-Glucose-Pounds, dry weight",7.540983607
"Caloric sweeteners, per capita availability",1951,"Caloric sweeteners-Corn sweeteners-Glucose-Pounds, dry weight",7.37704918
"Caloric sweeteners, per capita availability",1952,"Caloric sweeteners-Corn sweeteners-Glucose-Pounds, dry weight",7.131147541
"Caloric sweeteners, per capita availability",1953,"Caloric sweeteners-Corn sweeteners-Glucose-Pounds, dry weight",7.213114754
"Caloric sweeteners, per capita availability",1954,"Caloric sweeteners-Corn sweeteners-Glucose-Pounds, dry weight",7.213114754
"Caloric sweeteners, per capita availability",1955,"Caloric sweeteners-Corn sweeteners-Glucose-Pounds, dry weight",7.213114754
"Caloric sweeteners, per capita availability",1956,"Caloric sweeteners-Corn sweeteners-Glucose-Pounds, dry weight",7.37704918
"Caloric sweeteners, per capita availability",1957,"Caloric sweeteners-Corn sweeteners-Glucose-Pounds, dry weight",7.37704918
"Caloric sweeteners, per capita availability",1958,"Caloric sweeteners-Corn sweeteners-Glucose-Pounds, dry weight",7.295081967
"Caloric sweeteners, per capita availability",1959,"Caloric sweeteners-Corn sweeteners-Glucose-Pounds, dry weight",7.786885246
"Caloric sweeteners, per capita availability",1960,"Caloric sweeteners-Corn sweeteners-Glucose-Pounds, dry weight",8.032786885
"Caloric sweeteners, per capita availability",1961,"Caloric sweeteners-Corn sweeteners-Glucose-Pounds, dry weight",8.278688525
"Caloric sweeteners, per capita availability",1962,"Caloric sweeteners-Corn sweeteners-Glucose-Pounds, dry weight",8.68852459
"Caloric sweeteners, per capita availability",1963,"Caloric sweeteners-Corn sweeteners-Glucose-Pounds, dry weight",9.508196721
"Caloric sweeteners, per capita availability",1964,"Caloric sweeteners-Corn sweeteners-Glucose-Pounds, dry weight",10.08196721
"Caloric sweeteners, per capita availability",1965,"Caloric sweeteners-Corn sweeteners-Glucose-Pounds, dry weight",11.14754098
"Caloric sweeteners, per capita availability",1909,"Caloric sweeteners-Corn sweeteners-Dextrose-Pounds, dry weight",1.018518519
"Caloric sweeteners, per capita availability",1910,"Caloric sweeteners-Corn sweeteners-Dextrose-Pounds, dry weight",1.018518519
"Caloric sweeteners, per capita availability",1911,"Caloric sweeteners-Corn sweeteners-Dextrose-Pounds, dry weight",1.018518519
"Caloric sweeteners, per capita availability",1912,"Caloric sweeteners-Corn sweeteners-Dextrose-Pounds, dry weight",1.111111111
"Caloric sweeteners, per capita availability",1913,"Caloric sweeteners-Corn sweeteners-Dextrose-Pounds, dry weight",1.018518519
"Caloric sweeteners, per capita availability",1914,"Caloric sweeteners-Corn sweeteners-Dextrose-Pounds, dry weight",1.018518519
"Caloric sweeteners, per capita availability",1915,"Caloric sweeteners-Corn sweeteners-Dextrose-Pounds, dry weight",1.111111111
"Caloric sweeteners, per capita availability",1916,"Caloric sweeteners-Corn sweeteners-Dextrose-Pounds, dry weight",1.296296296
"Caloric sweeteners, per capita availability",1917,"Caloric sweeteners-Corn sweeteners-Dextrose-Pounds, dry weight",1.296296296
"Caloric sweeteners, per capita availability",1918,"Caloric sweeteners-Corn sweeteners-Dextrose-Pounds, dry weight",0.740740741
"Caloric sweeteners, per capita availability",1919,"Caloric sweeteners-Corn sweeteners-Dextrose-Pounds, dry weight",0.648148148
"Caloric sweeteners, per capita availability",1920,"Caloric sweeteners-Corn sweeteners-Dextrose-Pounds, dry weight",0.462962963
"Caloric sweeteners, per capita availability",1921,"Caloric sweeteners-Corn sweeteners-Dextrose-Pounds, dry weight",0.925925926
"Caloric sweeteners, per capita availability",1922,"Caloric sweeteners-Corn sweeteners-Dextrose-Pounds, dry weight",1.851851852
"Caloric sweeteners, per capita availability",1923,"Caloric sweeteners-Corn sweeteners-Dextrose-Pounds, dry weight",3.333333333
"Caloric sweeteners, per capita availability",1924,"Caloric sweeteners-Corn sweeteners-Dextrose-Pounds, dry weight",3.796296296
"Caloric sweeteners, per capita availability",1925,"Caloric sweeteners-Corn sweeteners-Dextrose-Pounds, dry weight",3.611111111
"Caloric sweeteners, per capita availability",1926,"Caloric sweeteners-Corn sweeteners-Dextrose-Pounds, dry weight",4.62962963
"Caloric sweeteners, per capita availability",1927,"Caloric sweeteners-Corn sweeteners-Dextrose-Pounds, dry weight",5.925925926
"Caloric sweeteners, per capita availability",1928,"Caloric sweeteners-Corn sweeteners-Dextrose-Pounds, dry weight",6.296296296
"Caloric sweeteners, per capita availability",1929,"Caloric sweeteners-Corn sweeteners-Dextrose-Pounds, dry weight",5.740740741
"Caloric sweeteners, per capita availability",1930,"Caloric sweeteners-Corn sweeteners-Dextrose-Pounds, dry weight",5.37037037
"Caloric sweeteners, per capita availability",1931,"Caloric sweeteners-Corn sweeteners-Dextrose-Pounds, dry weight",5.092592593
"Caloric sweeteners, per capita availability",1932,"Caloric sweeteners-Corn sweeteners-Dextrose-Pounds, dry weight",4.907407407
"Caloric sweeteners, per capita availability",1933,"Caloric sweeteners-Corn sweeteners-Dextrose-Pounds, dry weight",5.185185185
"Caloric sweeteners, per capita availability",1934,"Caloric sweeteners-Corn sweeteners-Dextrose-Pounds, dry weight",3.888888889
"Caloric sweeteners, per capita availability",1935,"Caloric sweeteners-Corn sweeteners-Dextrose-Pounds, dry weight",2.222222222
"Caloric sweeteners, per capita availability",1936,"Caloric sweeteners-Corn sweeteners-Dextrose-Pounds, dry weight",2.592592593
"Caloric sweeteners, per capita availability",1937,"Caloric sweeteners-Corn sweeteners-Dextrose-Pounds, dry weight",2.5
"Caloric sweeteners, per capita availability",1938,"Caloric sweeteners-Corn sweeteners-Dextrose-Pounds, dry weight",2.407407407
"Caloric sweeteners, per capita availability",1939,"Caloric sweeteners-Corn sweeteners-Dextrose-Pounds, dry weight",2.685185185
"Caloric sweeteners, per capita availability",1940,"Caloric sweeteners-Corn sweeteners-Dextrose-Pounds, dry weight",2.685185185
"Caloric sweeteners, per capita availability",1941,"Caloric sweeteners-Corn sweeteners-Dextrose-Pounds, dry weight",3.796296296
"Caloric sweeteners, per capita availability",1942,"Caloric sweeteners-Corn sweeteners-Dextrose-Pounds, dry weight",4.351851852
"Caloric sweeteners, per capita availability",1943,"Caloric sweeteners-Corn sweeteners-Dextrose-Pounds, dry weight",3.981481481
"Caloric sweeteners, per capita availability",1944,"Caloric sweeteners-Corn sweeteners-Dextrose-Pounds, dry weight",3.611111111
"Caloric sweeteners, per capita availability",1945,"Caloric sweeteners-Corn sweeteners-Dextrose-Pounds, dry weight",3.611111111
"Caloric sweeteners, per capita availability",1946,"Caloric sweeteners-Corn sweeteners-Dextrose-Pounds, dry weight",3.518518519
"Caloric sweeteners, per capita availability",1947,"Caloric sweeteners-Corn sweeteners-Dextrose-Pounds, dry weight",4.166666667
"Caloric sweeteners, per capita availability",1948,"Caloric sweeteners-Corn sweeteners-Dextrose-Pounds, dry weight",3.796296296
"Caloric sweeteners, per capita availability",1949,"Caloric sweeteners-Corn sweeteners-Dextrose-Pounds, dry weight",3.796296296
"Caloric sweeteners, per capita availability",1950,"Caloric sweeteners-Corn sweeteners-Dextrose-Pounds, dry weight",4.166666667
"Caloric sweeteners, per capita availability",1951,"Caloric sweeteners-Corn sweeteners-Dextrose-Pounds, dry weight",3.796296296
"Caloric sweeteners, per capita availability",1952,"Caloric sweeteners-Corn sweeteners-Dextrose-Pounds, dry weight",3.611111111
"Caloric sweeteners, per capita availability",1953,"Caloric sweeteners-Corn sweeteners-Dextrose-Pounds, dry weight",3.703703704
"Caloric sweeteners, per capita availability",1954,"Caloric sweeteners-Corn sweeteners-Dextrose-Pounds, dry weight",3.703703704
"Caloric sweeteners, per capita availability",1955,"Caloric sweeteners-Corn sweeteners-Dextrose-Pounds, dry weight",3.425925926
"Caloric sweeteners, per capita availability",1956,"Caloric sweeteners-Corn sweeteners-Dextrose-Pounds, dry weight",3.425925926
"Caloric sweeteners, per capita availability",1957,"Caloric sweeteners-Corn sweeteners-Dextrose-Pounds, dry weight",3.148148148
"Caloric sweeteners, per capita availability",1958,"Caloric sweeteners-Corn sweeteners-Dextrose-Pounds, dry weight",2.962962963
"Caloric sweeteners, per capita availability",1959,"Caloric sweeteners-Corn sweeteners-Dextrose-Pounds, dry weight",3.425925926
"Caloric sweeteners, per capita availability",1960,"Caloric sweeteners-Corn sweeteners-Dextrose-Pounds, dry weight",3.611111111
"Caloric sweeteners, per capita availability",1961,"Caloric sweeteners-Corn sweeteners-Dextrose-Pounds, dry weight",3.425925926
"Caloric sweeteners, per capita availability",1962,"Caloric sweeteners-Corn sweeteners-Dextrose-Pounds, dry weight",3.425925926
"Caloric sweeteners, per capita availability",1963,"Caloric sweeteners-Corn sweeteners-Dextrose-Pounds, dry weight",3.611111111
"Caloric sweeteners, per capita availability",1964,"Caloric sweeteners-Corn sweeteners-Dextrose-Pounds, dry weight",4.351851852
"Caloric sweeteners, per capita availability",1965,"Caloric sweeteners-Corn sweeteners-Dextrose-Pounds, dry weight",4.166666667
"Caloric sweeteners, per capita availability",1909,"Caloric sweeteners-Corn sweeteners-Total-Pounds, dry weight",5.034911961
"Caloric sweeteners, per capita availability",1910,"Caloric sweeteners-Corn sweeteners-Total-Pounds, dry weight",5.444748027
"Caloric sweeteners, per capita availability",1911,"Caloric sweeteners-Corn sweeteners-Total-Pounds, dry weight",5.2808136
"Caloric sweeteners, per capita availability",1912,"Caloric sweeteners-Corn sweeteners-Total-Pounds, dry weight",5.455373406
"Caloric sweeteners, per capita availability",1913,"Caloric sweeteners-Corn sweeteners-Total-Pounds, dry weight",5.2808136
"Caloric sweeteners, per capita availability",1914,"Caloric sweeteners-Corn sweeteners-Total-Pounds, dry weight",5.116879174
"Caloric sweeteners, per capita availability",1915,"Caloric sweeteners-Corn sweeteners-Total-Pounds, dry weight",5.783242259
"Caloric sweeteners, per capita availability",1916,"Caloric sweeteners-Corn sweeteners-Total-Pounds, dry weight",6.378263509
"Caloric sweeteners, per capita availability",1917,"Caloric sweeteners-Corn sweeteners-Total-Pounds, dry weight",6.214329083
"Caloric sweeteners, per capita availability",1918,"Caloric sweeteners-Corn sweeteners-Total-Pounds, dry weight",6.970248937
"Caloric sweeteners, per capita availability",1919,"Caloric sweeteners-Corn sweeteners-Total-Pounds, dry weight",9.992410443
"Caloric sweeteners, per capita availability",1920,"Caloric sweeteners-Corn sweeteners-Total-Pounds, dry weight",8.741651488
"Caloric sweeteners, per capita availability",1921,"Caloric sweeteners-Corn sweeteners-Total-Pounds, dry weight",6.499696418
"Caloric sweeteners, per capita availability",1922,"Caloric sweeteners-Corn sweeteners-Total-Pounds, dry weight",8.081360049
"Caloric sweeteners, per capita availability",1923,"Caloric sweeteners-Corn sweeteners-Total-Pounds, dry weight",9.480874317
"Caloric sweeteners, per capita availability",1924,"Caloric sweeteners-Corn sweeteners-Total-Pounds, dry weight",10.92744384
"Caloric sweeteners, per capita availability",1925,"Caloric sweeteners-Corn sweeteners-Total-Pounds, dry weight",9.922586521
"Caloric sweeteners, per capita availability",1926,"Caloric sweeteners-Corn sweeteners-Total-Pounds, dry weight",11.18700668
"Caloric sweeteners, per capita availability",1927,"Caloric sweeteners-Corn sweeteners-Total-Pounds, dry weight",12.23740134
"Caloric sweeteners, per capita availability",1928,"Caloric sweeteners-Corn sweeteners-Total-Pounds, dry weight",12.77170613
"Caloric sweeteners, per capita availability",1929,"Caloric sweeteners-Corn sweeteners-Total-Pounds, dry weight",12.13418336
"Caloric sweeteners, per capita availability",1930,"Caloric sweeteners-Corn sweeteners-Total-Pounds, dry weight",11.43594414
"Caloric sweeteners, per capita availability",1931,"Caloric sweeteners-Corn sweeteners-Total-Pounds, dry weight",10.58439587
"Caloric sweeteners, per capita availability",1932,"Caloric sweeteners-Corn sweeteners-Total-Pounds, dry weight",9.661505768
"Caloric sweeteners, per capita availability",1933,"Caloric sweeteners-Corn sweeteners-Total-Pounds, dry weight",11.16879174
"Caloric sweeteners, per capita availability",1934,"Caloric sweeteners-Corn sweeteners-Total-Pounds, dry weight",9.872495446
"Caloric sweeteners, per capita availability",1935,"Caloric sweeteners-Corn sweeteners-Total-Pounds, dry weight",7.877959927
"Caloric sweeteners, per capita availability",1936,"Caloric sweeteners-Corn sweeteners-Total-Pounds, dry weight",9.477838494
"Caloric sweeteners, per capita availability",1937,"Caloric sweeteners-Corn sweeteners-Total-Pounds, dry weight",8.647540984
"Caloric sweeteners, per capita availability",1938,"Caloric sweeteners-Corn sweeteners-Total-Pounds, dry weight",8.718882817
"Caloric sweeteners, per capita availability",1939,"Caloric sweeteners-Corn sweeteners-Total-Pounds, dry weight",9.242562234
"Caloric sweeteners, per capita availability",1940,"Caloric sweeteners-Corn sweeteners-Total-Pounds, dry weight",9.160595021
"Caloric sweeteners, per capita availability",1941,"Caloric sweeteners-Corn sweeteners-Total-Pounds, dry weight",10.84547662
"Caloric sweeteners, per capita availability",1942,"Caloric sweeteners-Corn sweeteners-Total-Pounds, dry weight",15.74529447
"Caloric sweeteners, per capita availability",1943,"Caloric sweeteners-Corn sweeteners-Total-Pounds, dry weight",13.73557984
"Caloric sweeteners, per capita availability",1944,"Caloric sweeteners-Corn sweeteners-Total-Pounds, dry weight",13.11930783
"Caloric sweeteners, per capita availability",1945,"Caloric sweeteners-Corn sweeteners-Total-Pounds, dry weight",13.44717668
"Caloric sweeteners, per capita availability",1946,"Caloric sweeteners-Corn sweeteners-Total-Pounds, dry weight",13.27261688
"Caloric sweeteners, per capita availability",1947,"Caloric sweeteners-Corn sweeteners-Total-Pounds, dry weight",14.65846995
"Caloric sweeteners, per capita availability",1948,"Caloric sweeteners-Corn sweeteners-Total-Pounds, dry weight",10.59957498
"Caloric sweeteners, per capita availability",1949,"Caloric sweeteners-Corn sweeteners-Total-Pounds, dry weight",10.84547662
"Caloric sweeteners, per capita availability",1950,"Caloric sweeteners-Corn sweeteners-Total-Pounds, dry weight",11.70765027
"Caloric sweeteners, per capita availability",1951,"Caloric sweeteners-Corn sweeteners-Total-Pounds, dry weight",11.17334548
"Caloric sweeteners, per capita availability",1952,"Caloric sweeteners-Corn sweeteners-Total-Pounds, dry weight",10.74225865
"Caloric sweeteners, per capita availability",1953,"Caloric sweeteners-Corn sweeteners-Total-Pounds, dry weight",10.91681846
"Caloric sweeteners, per capita availability",1954,"Caloric sweeteners-Corn sweeteners-Total-Pounds, dry weight",10.91681846
"Caloric sweeteners, per capita availability",1955,"Caloric sweeteners-Corn sweeteners-Total-Pounds, dry weight",10.63904068
"Caloric sweeteners, per capita availability",1956,"Caloric sweeteners-Corn sweeteners-Total-Pounds, dry weight",10.80297511
"Caloric sweeteners, per capita availability",1957,"Caloric sweeteners-Corn sweeteners-Total-Pounds, dry weight",10.52519733
"Caloric sweeteners, per capita availability",1958,"Caloric sweeteners-Corn sweeteners-Total-Pounds, dry weight",10.25804493
"Caloric sweeteners, per capita availability",1959,"Caloric sweeteners-Corn sweeteners-Total-Pounds, dry weight",11.21281117
"Caloric sweeteners, per capita availability",1960,"Caloric sweeteners-Corn sweeteners-Total-Pounds, dry weight",11.643898
"Caloric sweeteners, per capita availability",1961,"Caloric sweeteners-Corn sweeteners-Total-Pounds, dry weight",11.70461445
"Caloric sweeteners, per capita availability",1962,"Caloric sweeteners-Corn sweeteners-Total-Pounds, dry weight",12.11445052
"Caloric sweeteners, per capita availability",1963,"Caloric sweeteners-Corn sweeteners-Total-Pounds, dry weight",13.11930783
"Caloric sweeteners, per capita availability",1964,"Caloric sweeteners-Corn sweeteners-Total-Pounds, dry weight",14.43381906
"Caloric sweeteners, per capita availability",1965,"Caloric sweeteners-Corn sweeteners-Total-Pounds, dry weight",15.31420765
"Caloric sweeteners, per capita availability",1909,"Caloric sweeteners-Edible syrups-Pounds, dry weight",3.714873572
"Caloric sweeteners, per capita availability",1910,"Caloric sweeteners-Edible syrups-Pounds, dry weight",3.927617449
"Caloric sweeteners, per capita availability",1911,"Caloric sweeteners-Edible syrups-Pounds, dry weight",4.140361326
"Caloric sweeteners, per capita availability",1912,"Caloric sweeteners-Edible syrups-Pounds, dry weight",3.98158175
"Caloric sweeteners, per capita availability",1913,"Caloric sweeteners-Edible syrups-Pounds, dry weight",3.974317325
"Caloric sweeteners, per capita availability",1914,"Caloric sweeteners-Edible syrups-Pounds, dry weight",3.747044597
"Caloric sweeteners, per capita availability",1915,"Caloric sweeteners-Edible syrups-Pounds, dry weight",3.617322721
"Caloric sweeteners, per capita availability",1916,"Caloric sweeteners-Edible syrups-Pounds, dry weight",3.693080297
"Caloric sweeteners, per capita availability",1917,"Caloric sweeteners-Edible syrups-Pounds, dry weight",3.747044597
"Caloric sweeteners, per capita availability",1918,"Caloric sweeteners-Edible syrups-Pounds, dry weight",5.853727868
"Caloric sweeteners, per capita availability",1919,"Caloric sweeteners-Edible syrups-Pounds, dry weight",5.640234988
"Caloric sweeteners, per capita availability",1920,"Caloric sweeteners-Edible syrups-Pounds, dry weight",4.659537604
"Caloric sweeteners, per capita availability",1921,"Caloric sweeteners-Edible syrups-Pounds, dry weight",4.529815727
"Caloric sweeteners, per capita availability",1922,"Caloric sweeteners-Edible syrups-Pounds, dry weight",4.335463028
"Caloric sweeteners, per capita availability",1923,"Caloric sweeteners-Edible syrups-Pounds, dry weight",3.317694515
"Caloric sweeteners, per capita availability",1924,"Caloric sweeteners-Edible syrups-Pounds, dry weight",2.78416987
"Caloric sweeteners, per capita availability",1925,"Caloric sweeteners-Edible syrups-Pounds, dry weight",2.637302146
"Caloric sweeteners, per capita availability",1926,"Caloric sweeteners-Edible syrups-Pounds, dry weight",2.424558269
"Caloric sweeteners, per capita availability",1927,"Caloric sweeteners-Edible syrups-Pounds, dry weight",2.647860379
"Caloric sweeteners, per capita availability",1928,"Caloric sweeteners-Edible syrups-Pounds, dry weight",2.496345227
"Caloric sweeteners, per capita availability",1929,"Caloric sweeteners-Edible syrups-Pounds, dry weight",2.26839569
"Caloric sweeteners, per capita availability",1930,"Caloric sweeteners-Edible syrups-Pounds, dry weight",2.326330608
"Caloric sweeteners, per capita availability",1931,"Caloric sweeteners-Edible syrups-Pounds, dry weight",1.99112928
"Caloric sweeteners, per capita availability",1932,"Caloric sweeteners-Edible syrups-Pounds, dry weight",2.821168805
"Caloric sweeteners, per capita availability",1933,"Caloric sweeteners-Edible syrups-Pounds, dry weight",2.958155107
"Caloric sweeteners, per capita availability",1934,"Caloric sweeteners-Edible syrups-Pounds, dry weight",3.091170791
"Caloric sweeteners, per capita availability",1935,"Caloric sweeteners-Edible syrups-Pounds, dry weight",3.145135091
"Caloric sweeteners, per capita availability",1936,"Caloric sweeteners-Edible syrups-Pounds, dry weight",2.99361994
"Caloric sweeteners, per capita availability",1937,"Caloric sweeteners-Edible syrups-Pounds, dry weight",2.56086776
"Caloric sweeteners, per capita availability",1938,"Caloric sweeteners-Edible syrups-Pounds, dry weight",2.622096486
"Caloric sweeteners, per capita availability",1939,"Caloric sweeteners-Edible syrups-Pounds, dry weight",2.26839569
"Caloric sweeteners, per capita availability",1940,"Caloric sweeteners-Edible syrups-Pounds, dry weight",2.261131265
"Caloric sweeteners, per capita availability",1941,"Caloric sweeteners-Edible syrups-Pounds, dry weight",1.717156677
"Caloric sweeteners, per capita availability",1942,"Caloric sweeteners-Edible syrups-Pounds, dry weight",2.414000036
"Caloric sweeteners, per capita availability",1943,"Caloric sweeteners-Edible syrups-Pounds, dry weight",2.866605303
"Caloric sweeteners, per capita availability",1944,"Caloric sweeteners-Edible syrups-Pounds, dry weight",2.997003989
"Caloric sweeteners, per capita availability",1945,"Caloric sweeteners-Edible syrups-Pounds, dry weight",3.226307145
"Caloric sweeteners, per capita availability",1946,"Caloric sweeteners-Edible syrups-Pounds, dry weight",3.112197015
"Caloric sweeteners, per capita availability",1947,"Caloric sweeteners-Edible syrups-Pounds, dry weight",2.555633765
"Caloric sweeteners, per capita availability",1948,"Caloric sweeteners-Edible syrups-Pounds, dry weight",1.76782717
"Caloric sweeteners, per capita availability",1949,"Caloric sweeteners-Edible syrups-Pounds, dry weight",1.346310033
"Caloric sweeteners, per capita availability",1950,"Caloric sweeteners-Edible syrups-Pounds, dry weight",1.061102388
"Caloric sweeteners, per capita availability",1951,"Caloric sweeteners-Edible syrups-Pounds, dry weight",1.133566156
"Caloric sweeteners, per capita availability",1952,"Caloric sweeteners-Edible syrups-Pounds, dry weight",0.77986536
"Caloric sweeteners, per capita availability",1953,"Caloric sweeteners-Edible syrups-Pounds, dry weight",0.77986536
"Caloric sweeteners, per capita availability",1954,"Caloric sweeteners-Edible syrups-Pounds, dry weight",0.77986536
"Caloric sweeteners, per capita availability",1955,"Caloric sweeteners-Edible syrups-Pounds, dry weight",0.711372209
"Caloric sweeteners, per capita availability",1956,"Caloric sweeteners-Edible syrups-Pounds, dry weight",0.638908441
"Caloric sweeteners, per capita availability",1957,"Caloric sweeteners-Edible syrups-Pounds, dry weight",0.638908441
"Caloric sweeteners, per capita availability",1958,"Caloric sweeteners-Edible syrups-Pounds, dry weight",0.638908441
"Caloric sweeteners, per capita availability",1959,"Caloric sweeteners-Edible syrups-Pounds, dry weight",0.642879059
"Caloric sweeteners, per capita availability",1960,"Caloric sweeteners-Edible syrups-Pounds, dry weight",0.57041529
"Caloric sweeteners, per capita availability",1961,"Caloric sweeteners-Edible syrups-Pounds, dry weight",0.567121483
"Caloric sweeteners, per capita availability",1962,"Caloric sweeteners-Edible syrups-Pounds, dry weight",0.494657715
"Caloric sweeteners, per capita availability",1963,"Caloric sweeteners-Edible syrups-Pounds, dry weight",0.494657715
"Caloric sweeteners, per capita availability",1964,"Caloric sweeteners-Edible syrups-Pounds, dry weight",0.494657715
"Caloric sweeteners, per capita availability",1965,"Caloric sweeteners-Edible syrups-Pounds, dry weight",0.494657715
"Caloric sweeteners, per capita availability",1909,"Caloric sweeteners-Honey-Pounds, dry weight",0.983606557
"Caloric sweeteners, per capita availability",1910,"Caloric sweeteners-Honey-Pounds, dry weight",0.983606557
"Caloric sweeteners, per capita availability",1911,"Caloric sweeteners-Honey-Pounds, dry weight",0.983606557
"Caloric sweeteners, per capita availability",1912,"Caloric sweeteners-Honey-Pounds, dry weight",0.983606557
"Caloric sweeteners, per capita availability",1913,"Caloric sweeteners-Honey-Pounds, dry weight",0.983606557
"Caloric sweeteners, per capita availability",1914,"Caloric sweeteners-Honey-Pounds, dry weight",0.983606557
"Caloric sweeteners, per capita availability",1915,"Caloric sweeteners-Honey-Pounds, dry weight",0.983606557
"Caloric sweeteners, per capita availability",1916,"Caloric sweeteners-Honey-Pounds, dry weight",0.983606557
"Caloric sweeteners, per capita availability",1917,"Caloric sweeteners-Honey-Pounds, dry weight",0.983606557
"Caloric sweeteners, per capita availability",1918,"Caloric sweeteners-Honey-Pounds, dry weight",0.983606557
"Caloric sweeteners, per capita availability",1919,"Caloric sweeteners-Honey-Pounds, dry weight",0.819672131
"Caloric sweeteners, per capita availability",1920,"Caloric sweeteners-Honey-Pounds, dry weight",0.901639344
"Caloric sweeteners, per capita availability",1921,"Caloric sweeteners-Honey-Pounds, dry weight",0.983606557
"Caloric sweeteners, per capita availability",1922,"Caloric sweeteners-Honey-Pounds, dry weight",1.06557377
"Caloric sweeteners, per capita availability",1923,"Caloric sweeteners-Honey-Pounds, dry weight",1.147540984
"Caloric sweeteners, per capita availability",1924,"Caloric sweeteners-Honey-Pounds, dry weight",1.147540984
"Caloric sweeteners, per capita availability",1925,"Caloric sweeteners-Honey-Pounds, dry weight",1.229508197
"Caloric sweeteners, per capita availability",1926,"Caloric sweeteners-Honey-Pounds, dry weight",1.31147541
"Caloric sweeteners, per capita availability",1927,"Caloric sweeteners-Honey-Pounds, dry weight",1.31147541
"Caloric sweeteners, per capita availability",1928,"Caloric sweeteners-Honey-Pounds, dry weight",1.393442623
"Caloric sweeteners, per capita availability",1929,"Caloric sweeteners-Honey-Pounds, dry weight",1.393442623
"Caloric sweeteners, per capita availability",1930,"Caloric sweeteners-Honey-Pounds, dry weight",1.147540984
"Caloric sweeteners, per capita availability",1931,"Caloric sweeteners-Honey-Pounds, dry weight",1.06557377
"Caloric sweeteners, per capita availability",1932,"Caloric sweeteners-Honey-Pounds, dry weight",1.147540984
"Caloric sweeteners, per capita availability",1933,"Caloric sweeteners-Honey-Pounds, dry weight",0.983606557
"Caloric sweeteners, per capita availability",1934,"Caloric sweeteners-Honey-Pounds, dry weight",0.983606557
"Caloric sweeteners, per capita availability",1935,"Caloric sweeteners-Honey-Pounds, dry weight",0.983606557
"Caloric sweeteners, per capita availability",1936,"Caloric sweeteners-Honey-Pounds, dry weight",1.147540984
"Caloric sweeteners, per capita availability",1937,"Caloric sweeteners-Honey-Pounds, dry weight",0.983606557
"Caloric sweeteners, per capita availability",1938,"Caloric sweeteners-Honey-Pounds, dry weight",1.229508197
"Caloric sweeteners, per capita availability",1939,"Caloric sweeteners-Honey-Pounds, dry weight",1.147540984
"Caloric sweeteners, per capita availability",1940,"Caloric sweeteners-Honey-Pounds, dry weight",1.31147541
"Caloric sweeteners, per capita availability",1941,"Caloric sweeteners-Honey-Pounds, dry weight",1.393442623
"Caloric sweeteners, per capita availability",1942,"Caloric sweeteners-Honey-Pounds, dry weight",1.229508197
"Caloric sweeteners, per capita availability",1943,"Caloric sweeteners-Honey-Pounds, dry weight",1.393442623
"Caloric sweeteners, per capita availability",1944,"Caloric sweeteners-Honey-Pounds, dry weight",1.31147541
"Caloric sweeteners, per capita availability",1945,"Caloric sweeteners-Honey-Pounds, dry weight",1.475409836
"Caloric sweeteners, per capita availability",1946,"Caloric sweeteners-Honey-Pounds, dry weight",1.475409836
"Caloric sweeteners, per capita availability",1947,"Caloric sweeteners-Honey-Pounds, dry weight",1.147540984
"Caloric sweeteners, per capita availability",1948,"Caloric sweeteners-Honey-Pounds, dry weight",1.06557377
"Caloric sweeteners, per capita availability",1949,"Caloric sweeteners-Honey-Pounds, dry weight",1.229508197
"Caloric sweeteners, per capita availability",1950,"Caloric sweeteners-Honey-Pounds, dry weight",1.31147541
"Caloric sweeteners, per capita availability",1951,"Caloric sweeteners-Honey-Pounds, dry weight",1.393442623
"Caloric sweeteners, per capita availability",1952,"Caloric sweeteners-Honey-Pounds, dry weight",1.31147541
"Caloric sweeteners, per capita availability",1953,"Caloric sweeteners-Honey-Pounds, dry weight",1.147540984
"Caloric sweeteners, per capita availability",1954,"Caloric sweeteners-Honey-Pounds, dry weight",1.147540984
"Caloric sweeteners, per capita availability",1955,"Caloric sweeteners-Honey-Pounds, dry weight",1.06557377
"Caloric sweeteners, per capita availability",1956,"Caloric sweeteners-Honey-Pounds, dry weight",1.147540984
"Caloric sweeteners, per capita availability",1957,"Caloric sweeteners-Honey-Pounds, dry weight",0.983606557
"Caloric sweeteners, per capita availability",1958,"Caloric sweeteners-Honey-Pounds, dry weight",0.983606557
"Caloric sweeteners, per capita availability",1959,"Caloric sweeteners-Honey-Pounds, dry weight",1.147540984
"Caloric sweeteners, per capita availability",1960,"Caloric sweeteners-Honey-Pounds, dry weight",1.147540984
"Caloric sweeteners, per capita availability",1961,"Caloric sweeteners-Honey-Pounds, dry weight",1.147540984
"Caloric sweeteners, per capita availability",1962,"Caloric sweeteners-Honey-Pounds, dry weight",1.06557377
"Caloric sweeteners, per capita availability",1963,"Caloric sweeteners-Honey-Pounds, dry weight",1.147540984
"Caloric sweeteners, per capita availability",1964,"Caloric sweeteners-Honey-Pounds, dry weight",1.06557377
"Caloric sweeteners, per capita availability",1965,"Caloric sweeteners-Honey-Pounds, dry weight",0.983606557
"Caloric sweeteners, per capita availability",1909,"Caloric sweeteners-Total caloric sweeteners-Pounds, dry weight",83.43339209
"Caloric sweeteners, per capita availability",1910,"Caloric sweeteners-Total caloric sweeteners-Pounds, dry weight",85.75597203
"Caloric sweeteners, per capita availability",1911,"Caloric sweeteners-Total caloric sweeteners-Pounds, dry weight",87.80478148
"Caloric sweeteners, per capita availability",1912,"Caloric sweeteners-Total caloric sweeteners-Pounds, dry weight",86.32056171
"Caloric sweeteners, per capita availability",1913,"Caloric sweeteners-Total caloric sweeteners-Pounds, dry weight",91.53873748
"Caloric sweeteners, per capita availability",1914,"Caloric sweeteners-Total caloric sweeteners-Pounds, dry weight",90.84753033
"Caloric sweeteners, per capita availability",1915,"Caloric sweeteners-Total caloric sweeteners-Pounds, dry weight",87.98417154
"Caloric sweeteners, per capita availability",1916,"Caloric sweeteners-Total caloric sweeteners-Pounds, dry weight",87.85495036
"Caloric sweeteners, per capita availability",1917,"Caloric sweeteners-Total caloric sweeteners-Pounds, dry weight",88.94498024
"Caloric sweeteners, per capita availability",1918,"Caloric sweeteners-Total caloric sweeteners-Pounds, dry weight",88.40758336
"Caloric sweeteners, per capita availability",1919,"Caloric sweeteners-Total caloric sweeteners-Pounds, dry weight",103.0523176
"Caloric sweeteners, per capita availability",1920,"Caloric sweeteners-Total caloric sweeteners-Pounds, dry weight",99.80282844
"Caloric sweeteners, per capita availability",1921,"Caloric sweeteners-Total caloric sweeteners-Pounds, dry weight",99.3131187
"Caloric sweeteners, per capita availability",1922,"Caloric sweeteners-Total caloric sweeteners-Pounds, dry weight",117.8823968
"Caloric sweeteners, per capita availability",1923,"Caloric sweeteners-Total caloric sweeteners-Pounds, dry weight",104.4461098
"Caloric sweeteners, per capita availability",1924,"Caloric sweeteners-Total caloric sweeteners-Pounds, dry weight",114.3591547
"Caloric sweeteners, per capita availability",1925,"Caloric sweeteners-Total caloric sweeteners-Pounds, dry weight",118.0893969
"Caloric sweeteners, per capita availability",1926,"Caloric sweeteners-Total caloric sweeteners-Pounds, dry weight",119.4230404
"Caloric sweeteners, per capita availability",1927,"Caloric sweeteners-Total caloric sweeteners-Pounds, dry weight",118.5967371
"Caloric sweeteners, per capita availability",1928,"Caloric sweeteners-Total caloric sweeteners-Pounds, dry weight",120.361494
"Caloric sweeteners, per capita availability",1929,"Caloric sweeteners-Total caloric sweeteners-Pounds, dry weight",112.6960217
"Caloric sweeteners, per capita availability",1930,"Caloric sweeteners-Total caloric sweeteners-Pounds, dry weight",124.5098157
"Caloric sweeteners, per capita availability",1931,"Caloric sweeteners-Total caloric sweeteners-Pounds, dry weight",114.1410989
"Caloric sweeteners, per capita availability",1932,"Caloric sweeteners-Total caloric sweeteners-Pounds, dry weight",108.3302156
"Caloric sweeteners, per capita availability",1933,"Caloric sweeteners-Total caloric sweeteners-Pounds, dry weight",108.8105534
"Caloric sweeteners, per capita availability",1934,"Caloric sweeteners-Total caloric sweeteners-Pounds, dry weight",107.6472728
"Caloric sweeteners, per capita availability",1935,"Caloric sweeteners-Total caloric sweeteners-Pounds, dry weight",109.8067016
"Caloric sweeteners, per capita availability",1936,"Caloric sweeteners-Total caloric sweeteners-Pounds, dry weight",110.9189994
"Caloric sweeteners, per capita availability",1937,"Caloric sweeteners-Total caloric sweeteners-Pounds, dry weight",108.5920153
"Caloric sweeteners, per capita availability",1938,"Caloric sweeteners-Total caloric sweeteners-Pounds, dry weight",107.7704875
"Caloric sweeteners, per capita availability",1939,"Caloric sweeteners-Total caloric sweeteners-Pounds, dry weight",113.4584989
"Caloric sweeteners, per capita availability",1940,"Caloric sweeteners-Total caloric sweeteners-Pounds, dry weight",108.4332017
"Caloric sweeteners, per capita availability",1941,"Caloric sweeteners-Total caloric sweeteners-Pounds, dry weight",118.2560759
"Caloric sweeteners, per capita availability",1942,"Caloric sweeteners-Total caloric sweeteners-Pounds, dry weight",101.1888027
"Caloric sweeteners, per capita availability",1943,"Caloric sweeteners-Total caloric sweeteners-Pounds, dry weight",98.69562777
"Caloric sweeteners, per capita availability",1944,"Caloric sweeteners-Total caloric sweeteners-Pounds, dry weight",106.9277872
"Caloric sweeteners, per capita availability",1945,"Caloric sweeteners-Total caloric sweeteners-Pounds, dry weight",92.04889367
"Caloric sweeteners, per capita availability",1946,"Caloric sweeteners-Total caloric sweeteners-Pounds, dry weight",92.96022373
"Caloric sweeteners, per capita availability",1947,"Caloric sweeteners-Total caloric sweeteners-Pounds, dry weight",113.4616447
"Caloric sweeteners, per capita availability",1948,"Caloric sweeteners-Total caloric sweeteners-Pounds, dry weight",107.5329759
"Caloric sweeteners, per capita availability",1949,"Caloric sweeteners-Total caloric sweeteners-Pounds, dry weight",109.8212949
"Caloric sweeteners, per capita availability",1950,"Caloric sweeteners-Total caloric sweeteners-Pounds, dry weight",114.6802281
"Caloric sweeteners, per capita availability",1951,"Caloric sweeteners-Total caloric sweeteners-Pounds, dry weight",107.7003543
"Caloric sweeteners, per capita availability",1952,"Caloric sweeteners-Total caloric sweeteners-Pounds, dry weight",109.9335994
"Caloric sweeteners, per capita availability",1953,"Caloric sweeteners-Total caloric sweeteners-Pounds, dry weight",110.0442248
"Caloric sweeteners, per capita availability",1954,"Caloric sweeteners-Total caloric sweeteners-Pounds, dry weight",110.0442248
"Caloric sweeteners, per capita availability",1955,"Caloric sweeteners-Total caloric sweeteners-Pounds, dry weight",108.0159867
"Caloric sweeteners, per capita availability",1956,"Caloric sweeteners-Total caloric sweeteners-Pounds, dry weight",108.8894245
"Caloric sweeteners, per capita availability",1957,"Caloric sweeteners-Total caloric sweeteners-Pounds, dry weight",109.9477123
"Caloric sweeteners, per capita availability",1958,"Caloric sweeteners-Total caloric sweeteners-Pounds, dry weight",106.8805599
"Caloric sweeteners, per capita availability",1959,"Caloric sweeteners-Total caloric sweeteners-Pounds, dry weight",109.8032312
"Caloric sweeteners, per capita availability",1960,"Caloric sweeteners-Total caloric sweeteners-Pounds, dry weight",109.7618543
"Caloric sweeteners, per capita availability",1961,"Caloric sweeteners-Total caloric sweeteners-Pounds, dry weight",111.0201363
"Caloric sweeteners, per capita availability",1962,"Caloric sweeteners-Total caloric sweeteners-Pounds, dry weight",111.4719937
"Caloric sweeteners, per capita availability",1963,"Caloric sweeteners-Total caloric sweeteners-Pounds, dry weight",112.6594268
"Caloric sweeteners, per capita availability",1964,"Caloric sweeteners-Total caloric sweeteners-Pounds, dry weight",113.2931919
"Caloric sweeteners, per capita availability",1965,"Caloric sweeteners-Total caloric sweeteners-Pounds, dry weight",113.5968793
"Caloric sweeteners, per capita availability (daily teaspoons)",1966,"U.S. population, July 1-Millions",196.56
"Caloric sweeteners, per capita availability (daily teaspoons)",1967,"U.S. population, July 1-Millions",198.712
"Caloric sweeteners, per capita availability (daily teaspoons)",1968,"U.S. population, July 1-Millions",200.706
"Caloric sweeteners, per capita availability (daily teaspoons)",1969,"U.S. population, July 1-Millions",202.677
"Caloric sweeteners, per capita availability (daily teaspoons)",1970,"U.S. population, July 1-Millions",205.052
"Caloric sweeteners, per capita availability (daily teaspoons)",1971,"U.S. population, July 1-Millions",207.661
"Caloric sweeteners, per capita availability (daily teaspoons)",1972,"U.S. population, July 1-Millions",209.896
"Caloric sweeteners, per capita availability (daily teaspoons)",1973,"U.S. population, July 1-Millions",211.909
"Caloric sweeteners, per capita availability (daily teaspoons)",1974,"U.S. population, July 1-Millions",213.854
"Caloric sweeteners, per capita availability (daily teaspoons)",1975,"U.S. population, July 1-Millions",215.973
"Caloric sweeteners, per capita availability (daily teaspoons)",1976,"U.S. population, July 1-Millions",218.035
"Caloric sweeteners, per capita availability (daily teaspoons)",1977,"U.S. population, July 1-Millions",220.239
"Caloric sweeteners, per capita availability (daily teaspoons)",1978,"U.S. population, July 1-Millions",222.585
"Caloric sweeteners, per capita availability (daily teaspoons)",1979,"U.S. population, July 1-Millions",225.055
"Caloric sweeteners, per capita availability (daily teaspoons)",1980,"U.S. population, July 1-Millions",227.726
"Caloric sweeteners, per capita availability (daily teaspoons)",1981,"U.S. population, July 1-Millions",229.966
"Caloric sweeteners, per capita availability (daily teaspoons)",1982,"U.S. population, July 1-Millions",232.188
"Caloric sweeteners, per capita availability (daily teaspoons)",1983,"U.S. population, July 1-Millions",234.307
"Caloric sweeteners, per capita availability (daily teaspoons)",1984,"U.S. population, July 1-Millions",236.348
"Caloric sweeteners, per capita availability (daily teaspoons)",1985,"U.S. population, July 1-Millions",238.466
"Caloric sweeteners, per capita availability (daily teaspoons)",1986,"U.S. population, July 1-Millions",240.651
"Caloric sweeteners, per capita availability (daily teaspoons)",1987,"U.S. population, July 1-Millions",242.804
"Caloric sweeteners, per capita availability (daily teaspoons)",1988,"U.S. population, July 1-Millions",245.021
"Caloric sweeteners, per capita availability (daily teaspoons)",1989,"U.S. population, July 1-Millions",247.342
"Caloric sweeteners, per capita availability (daily teaspoons)",1990,"U.S. population, July 1-Millions",250.132
"Caloric sweeteners, per capita availability (daily teaspoons)",1991,"U.S. population, July 1-Millions",253.493
"Caloric sweeteners, per capita availability (daily teaspoons)",1992,"U.S. population, July 1-Millions",256.894
"Caloric sweeteners, per capita availability (daily teaspoons)",1993,"U.S. population, July 1-Millions",260.255
"Caloric sweeteners, per capita availability (daily teaspoons)",1994,"U.S. population, July 1-Millions",263.436
"Caloric sweeteners, per capita availability (daily teaspoons)",1995,"U.S. population, July 1-Millions",266.557
"Caloric sweeteners, per capita availability (daily teaspoons)",1996,"U.S. population, July 1-Millions",269.667
"Caloric sweeteners, per capita availability (daily teaspoons)",1997,"U.S. population, July 1-Millions",272.912
"Caloric sweeteners, per capita availability (daily teaspoons)",1998,"U.S. population, July 1-Millions",276.115
"Caloric sweeteners, per capita availability (daily teaspoons)",1999,"U.S. population, July 1-Millions",279.295
"Caloric sweeteners, per capita availability (daily teaspoons)",2000,"U.S. population, July 1-Millions",282.385
"Caloric sweeteners, per capita availability (daily teaspoons)",2001,"U.S. population, July 1-Millions",285.309019
"Caloric sweeteners, per capita availability (daily teaspoons)",2002,"U.S. population, July 1-Millions",288.104818
"Caloric sweeteners, per capita availability (daily teaspoons)",2003,"U.S. population, July 1-Millions",290.819634
"Caloric sweeteners, per capita availability (daily teaspoons)",2004,"U.S. population, July 1-Millions",293.463185
"Caloric sweeteners, per capita availability (daily teaspoons)",2005,"U.S. population, July 1-Millions",296.186216
"Caloric sweeteners, per capita availability (daily teaspoons)",2006,"U.S. population, July 1-Millions",298.995825
"Caloric sweeteners, per capita availability (daily teaspoons)",2007,"U.S. population, July 1-Millions",302.003917
"Caloric sweeteners, per capita availability (daily teaspoons)",2008,"U.S. population, July 1-Millions",304.797761
"Caloric sweeteners, per capita availability (daily teaspoons)",2009,"U.S. population, July 1-Millions",307.439406
"Caloric sweeteners, per capita availability (daily teaspoons)",2010,"U.S. population, July 1-Millions",309.741279
"Caloric sweeteners, per capita availability (daily teaspoons)",2011,"U.S. population, July 1-Millions",311.973914
"Caloric sweeteners, per capita availability (daily teaspoons)",2012,"U.S. population, July 1-Millions",314.167558
"Caloric sweeteners, per capita availability (daily teaspoons)",2013,"U.S. population, July 1-Millions",316.294766
"Caloric sweeteners, per capita availability (daily teaspoons)",2014,"U.S. population, July 1-Millions",318.576955
"Caloric sweeteners, per capita availability (daily teaspoons)",2015,"U.S. population, July 1-Millions",320.870703
"Caloric sweeteners, per capita availability (daily teaspoons)",2016,"U.S. population, July 1-Millions",323.161011
"Caloric sweeteners, per capita availability (daily teaspoons)",2017,"U.S. population, July 1-Millions",325.20603
"Caloric sweeteners, per capita availability (daily teaspoons)",2018,"U.S. population, July 1-Millions",326.923976
"Caloric sweeteners, per capita availability (daily teaspoons)",2019,"U.S. population, July 1-Millions",328.475998
"Caloric sweeteners, per capita availability (daily teaspoons)",2020,"U.S. population, July 1-Millions",330.11398
"Caloric sweeteners, per capita availability (daily teaspoons)",2021,"U.S. population, July 1-Millions",332.298819
"Caloric sweeteners, per capita availability (daily teaspoons)",2022,"U.S. population, July 1-Millions",333.521104
"Caloric sweeteners, per capita availability (daily teaspoons)",2023,"U.S. population, July 1-Millions",335.160938
"Caloric sweeteners, per capita availability (daily teaspoons)",1966,Caloric sweeteners-Cane and beet sugar deliveries-Raw-Teaspoons (daily),30.81384762
"Caloric sweeteners, per capita availability (daily teaspoons)",1967,Caloric sweeteners-Cane and beet sugar deliveries-Raw-Teaspoons (daily),31.19189083
"Caloric sweeteners, per capita availability (daily teaspoons)",1968,Caloric sweeteners-Cane and beet sugar deliveries-Raw-Teaspoons (daily),31.41861838
"Caloric sweeteners, per capita availability (daily teaspoons)",1969,Caloric sweeteners-Cane and beet sugar deliveries-Raw-Teaspoons (daily),31.97149018
"Caloric sweeteners, per capita availability (daily teaspoons)",1970,Caloric sweeteners-Cane and beet sugar deliveries-Raw-Teaspoons (daily),32.21589063
"Caloric sweeteners, per capita availability (daily teaspoons)",1971,Caloric sweeteners-Cane and beet sugar deliveries-Raw-Teaspoons (daily),32.32978275
"Caloric sweeteners, per capita availability (daily teaspoons)",1972,Caloric sweeteners-Cane and beet sugar deliveries-Raw-Teaspoons (daily),32.38587877
"Caloric sweeteners, per capita availability (daily teaspoons)",1973,Caloric sweeteners-Cane and beet sugar deliveries-Raw-Teaspoons (daily),31.91626466
"Caloric sweeteners, per capita availability (daily teaspoons)",1974,Caloric sweeteners-Cane and beet sugar deliveries-Raw-Teaspoons (daily),30.28667625
"Caloric sweeteners, per capita availability (daily teaspoons)",1975,Caloric sweeteners-Cane and beet sugar deliveries-Raw-Teaspoons (daily),28.22768821
"Caloric sweeteners, per capita availability (daily teaspoons)",1976,Caloric sweeteners-Cane and beet sugar deliveries-Raw-Teaspoons (daily),29.5647708
"Caloric sweeteners, per capita availability (daily teaspoons)",1977,Caloric sweeteners-Cane and beet sugar deliveries-Raw-Teaspoons (daily),29.82241793
"Caloric sweeteners, per capita availability (daily teaspoons)",1978,Caloric sweeteners-Cane and beet sugar deliveries-Raw-Teaspoons (daily),28.94978422
"Caloric sweeteners, per capita availability (daily teaspoons)",1979,Caloric sweeteners-Cane and beet sugar deliveries-Raw-Teaspoons (daily),28.28234103
"Caloric sweeteners, per capita availability (daily teaspoons)",1980,Caloric sweeteners-Cane and beet sugar deliveries-Raw-Teaspoons (daily),26.47720704
"Caloric sweeteners, per capita availability (daily teaspoons)",1981,Caloric sweeteners-Cane and beet sugar deliveries-Raw-Teaspoons (daily),25.13852
"Caloric sweeteners, per capita availability (daily teaspoons)",1982,Caloric sweeteners-Cane and beet sugar deliveries-Raw-Teaspoons (daily),23.32796843
"Caloric sweeteners, per capita availability (daily teaspoons)",1983,Caloric sweeteners-Cane and beet sugar deliveries-Raw-Teaspoons (daily),22.25576117
"Caloric sweeteners, per capita availability (daily teaspoons)",1984,Caloric sweeteners-Cane and beet sugar deliveries-Raw-Teaspoons (daily),21.10210708
"Caloric sweeteners, per capita availability (daily teaspoons)",1985,Caloric sweeteners-Cane and beet sugar deliveries-Raw-Teaspoons (daily),19.86001522
"Caloric sweeteners, per capita availability (daily teaspoons)",1986,Caloric sweeteners-Cane and beet sugar deliveries-Raw-Teaspoons (daily),19.01083663
"Caloric sweeteners, per capita availability (daily teaspoons)",1987,Caloric sweeteners-Cane and beet sugar deliveries-Raw-Teaspoons (daily),19.74891447
"Caloric sweeteners, per capita availability (daily teaspoons)",1988,Caloric sweeteners-Cane and beet sugar deliveries-Raw-Teaspoons (daily),19.64992328
"Caloric sweeteners, per capita availability (daily teaspoons)",1989,Caloric sweeteners-Cane and beet sugar deliveries-Raw-Teaspoons (daily),19.86747611
"Caloric sweeteners, per capita availability (daily teaspoons)",1990,Caloric sweeteners-Cane and beet sugar deliveries-Raw-Teaspoons (daily),20.38164595
"Caloric sweeteners, per capita availability (daily teaspoons)",1991,Caloric sweeteners-Cane and beet sugar deliveries-Raw-Teaspoons (daily),20.12775208
"Caloric sweeteners, per capita availability (daily teaspoons)",1992,Caloric sweeteners-Cane and beet sugar deliveries-Raw-Teaspoons (daily),20.33120827
"Caloric sweeteners, per capita availability (daily teaspoons)",1993,Caloric sweeteners-Cane and beet sugar deliveries-Raw-Teaspoons (daily),20.20507441
"Caloric sweeteners, per capita availability (daily teaspoons)",1994,Caloric sweeteners-Cane and beet sugar deliveries-Raw-Teaspoons (daily),20.37842322
"Caloric sweeteners, per capita availability (daily teaspoons)",1995,Caloric sweeteners-Cane and beet sugar deliveries-Raw-Teaspoons (daily),20.55350213
"Caloric sweeteners, per capita availability (daily teaspoons)",1996,Caloric sweeteners-Cane and beet sugar deliveries-Raw-Teaspoons (daily),20.58594609
"Caloric sweeteners, per capita availability (daily teaspoons)",1997,Caloric sweeteners-Cane and beet sugar deliveries-Raw-Teaspoons (daily),20.54037832
"Caloric sweeteners, per capita availability (daily teaspoons)",1998,Caloric sweeteners-Cane and beet sugar deliveries-Raw-Teaspoons (daily),20.55670903
"Caloric sweeteners, per capita availability (daily teaspoons)",1999,Caloric sweeteners-Cane and beet sugar deliveries-Raw-Teaspoons (daily),20.98717702
"Caloric sweeteners, per capita availability (daily teaspoons)",2000,Caloric sweeteners-Cane and beet sugar deliveries-Raw-Teaspoons (daily),20.74519146
"Caloric sweeteners, per capita availability (daily teaspoons)",2001,Caloric sweeteners-Cane and beet sugar deliveries-Raw-Teaspoons (daily),20.40700676
"Caloric sweeteners, per capita availability (daily teaspoons)",2002,Caloric sweeteners-Cane and beet sugar deliveries-Raw-Teaspoons (daily),20.01041104
"Caloric sweeteners, per capita availability (daily teaspoons)",2003,Caloric sweeteners-Cane and beet sugar deliveries-Raw-Teaspoons (daily),19.2648298
"Caloric sweeteners, per capita availability (daily teaspoons)",2004,Caloric sweeteners-Cane and beet sugar deliveries-Raw-Teaspoons (daily),19.48109744
"Caloric sweeteners, per capita availability (daily teaspoons)",2005,Caloric sweeteners-Cane and beet sugar deliveries-Raw-Teaspoons (daily),19.93276322
"Caloric sweeteners, per capita availability (daily teaspoons)",2006,Caloric sweeteners-Cane and beet sugar deliveries-Raw-Teaspoons (daily),19.66527818
"Caloric sweeteners, per capita availability (daily teaspoons)",2007,Caloric sweeteners-Cane and beet sugar deliveries-Raw-Teaspoons (daily),19.35164944
"Caloric sweeteners, per capita availability (daily teaspoons)",2008,Caloric sweeteners-Cane and beet sugar deliveries-Raw-Teaspoons (daily),20.58982674
"Caloric sweeteners, per capita availability (daily teaspoons)",2009,Caloric sweeteners-Cane and beet sugar deliveries-Raw-Teaspoons (daily),20.0604856
"Caloric sweeteners, per capita availability (daily teaspoons)",2010,Caloric sweeteners-Cane and beet sugar deliveries-Raw-Teaspoons (daily),20.86851578
"Caloric sweeteners, per capita availability (daily teaspoons)",2011,Caloric sweeteners-Cane and beet sugar deliveries-Raw-Teaspoons (daily),20.85697321
"Caloric sweeteners, per capita availability (daily teaspoons)",2012,Caloric sweeteners-Cane and beet sugar deliveries-Raw-Teaspoons (daily),21.09411714
"Caloric sweeteners, per capita availability (daily teaspoons)",2013,Caloric sweeteners-Cane and beet sugar deliveries-Raw-Teaspoons (daily),21.5253828
"Caloric sweeteners, per capita availability (daily teaspoons)",2014,Caloric sweeteners-Cane and beet sugar deliveries-Raw-Teaspoons (daily),21.66455049
"Caloric sweeteners, per capita availability (daily teaspoons)",2015,Caloric sweeteners-Cane and beet sugar deliveries-Raw-Teaspoons (daily),21.85236433
"Caloric sweeteners, per capita availability (daily teaspoons)",2016,Caloric sweeteners-Cane and beet sugar deliveries-Raw-Teaspoons (daily),22.03562933
"Caloric sweeteners, per capita availability (daily teaspoons)",2017,Caloric sweeteners-Cane and beet sugar deliveries-Raw-Teaspoons (daily),21.86897729
"Caloric sweeteners, per capita availability (daily teaspoons)",2018,Caloric sweeteners-Cane and beet sugar deliveries-Raw-Teaspoons (daily),21.67382105
"Caloric sweeteners, per capita availability (daily teaspoons)",2019,Caloric sweeteners-Cane and beet sugar deliveries-Raw-Teaspoons (daily),21.59387245
"Caloric sweeteners, per capita availability (daily teaspoons)",2020,Caloric sweeteners-Cane and beet sugar deliveries-Raw-Teaspoons (daily),21.69845339
"Caloric sweeteners, per capita availability (daily teaspoons)",2021,Caloric sweeteners-Cane and beet sugar deliveries-Raw-Teaspoons (daily),22.00086625
"Caloric sweeteners, per capita availability (daily teaspoons)",2022,Caloric sweeteners-Cane and beet sugar deliveries-Raw-Teaspoons (daily),21.91061719
"Caloric sweeteners, per capita availability (daily teaspoons)",2023,Caloric sweeteners-Cane and beet sugar deliveries-Raw-Teaspoons (daily),21.65670817
"Caloric sweeteners, per capita availability (daily teaspoons)",1966,Caloric sweeteners-Cane and beet sugar deliveries-Refined-Teaspoons (daily),28.79798843
"Caloric sweeteners, per capita availability (daily teaspoons)",1967,Caloric sweeteners-Cane and beet sugar deliveries-Refined-Teaspoons (daily),29.15129984
"Caloric sweeteners, per capita availability (daily teaspoons)",1968,Caloric sweeteners-Cane and beet sugar deliveries-Refined-Teaspoons (daily),29.36319475
"Caloric sweeteners, per capita availability (daily teaspoons)",1969,Caloric sweeteners-Cane and beet sugar deliveries-Refined-Teaspoons (daily),29.87989736
"Caloric sweeteners, per capita availability (daily teaspoons)",1970,Caloric sweeteners-Cane and beet sugar deliveries-Refined-Teaspoons (daily),30.108309
"Caloric sweeteners, per capita availability (daily teaspoons)",1971,Caloric sweeteners-Cane and beet sugar deliveries-Refined-Teaspoons (daily),30.21475024
"Caloric sweeteners, per capita availability (daily teaspoons)",1972,Caloric sweeteners-Cane and beet sugar deliveries-Refined-Teaspoons (daily),30.26717642
"Caloric sweeteners, per capita availability (daily teaspoons)",1973,Caloric sweeteners-Cane and beet sugar deliveries-Refined-Teaspoons (daily),29.82828473
"Caloric sweeteners, per capita availability (daily teaspoons)",1974,Caloric sweeteners-Cane and beet sugar deliveries-Refined-Teaspoons (daily),28.3053049
"Caloric sweeteners, per capita availability (daily teaspoons)",1975,Caloric sweeteners-Cane and beet sugar deliveries-Refined-Teaspoons (daily),26.38101701
"Caloric sweeteners, per capita availability (daily teaspoons)",1976,Caloric sweeteners-Cane and beet sugar deliveries-Refined-Teaspoons (daily),27.63062692
"Caloric sweeteners, per capita availability (daily teaspoons)",1977,Caloric sweeteners-Cane and beet sugar deliveries-Refined-Teaspoons (daily),27.87141862
"Caloric sweeteners, per capita availability (daily teaspoons)",1978,Caloric sweeteners-Cane and beet sugar deliveries-Refined-Teaspoons (daily),27.0558731
"Caloric sweeteners, per capita availability (daily teaspoons)",1979,Caloric sweeteners-Cane and beet sugar deliveries-Refined-Teaspoons (daily),26.43209442
"Caloric sweeteners, per capita availability (daily teaspoons)",1980,Caloric sweeteners-Cane and beet sugar deliveries-Refined-Teaspoons (daily),24.74505331
"Caloric sweeteners, per capita availability (daily teaspoons)",1981,Caloric sweeteners-Cane and beet sugar deliveries-Refined-Teaspoons (daily),23.49394392
"Caloric sweeteners, per capita availability (daily teaspoons)",1982,Caloric sweeteners-Cane and beet sugar deliveries-Refined-Teaspoons (daily),21.80183965
"Caloric sweeteners, per capita availability (daily teaspoons)",1983,Caloric sweeteners-Cane and beet sugar deliveries-Refined-Teaspoons (daily),20.79977679
"Caloric sweeteners, per capita availability (daily teaspoons)",1984,Caloric sweeteners-Cane and beet sugar deliveries-Refined-Teaspoons (daily),19.7215954
"Caloric sweeteners, per capita availability (daily teaspoons)",1985,Caloric sweeteners-Cane and beet sugar deliveries-Refined-Teaspoons (daily),18.56076189
"Caloric sweeteners, per capita availability (daily teaspoons)",1986,Caloric sweeteners-Cane and beet sugar deliveries-Refined-Teaspoons (daily),17.76713704
"Caloric sweeteners, per capita availability (daily teaspoons)",1987,Caloric sweeteners-Cane and beet sugar deliveries-Refined-Teaspoons (daily),18.45692941
"Caloric sweeteners, per capita availability (daily teaspoons)",1988,Caloric sweeteners-Cane and beet sugar deliveries-Refined-Teaspoons (daily),18.36441428
"Caloric sweeteners, per capita availability (daily teaspoons)",1989,Caloric sweeteners-Cane and beet sugar deliveries-Refined-Teaspoons (daily),18.56773468
"Caloric sweeteners, per capita availability (daily teaspoons)",1990,Caloric sweeteners-Cane and beet sugar deliveries-Refined-Teaspoons (daily),19.04826725
"Caloric sweeteners, per capita availability (daily teaspoons)",1991,Caloric sweeteners-Cane and beet sugar deliveries-Refined-Teaspoons (daily),18.81098325
"Caloric sweeteners, per capita availability (daily teaspoons)",1992,Caloric sweeteners-Cane and beet sugar deliveries-Refined-Teaspoons (daily),19.00112922
"Caloric sweeteners, per capita availability (daily teaspoons)",1993,Caloric sweeteners-Cane and beet sugar deliveries-Refined-Teaspoons (daily),18.88324711
"Caloric sweeteners, per capita availability (daily teaspoons)",1994,Caloric sweeteners-Cane and beet sugar deliveries-Refined-Teaspoons (daily),19.04525534
"Caloric sweeteners, per capita availability (daily teaspoons)",1995,Caloric sweeteners-Cane and beet sugar deliveries-Refined-Teaspoons (daily),19.2088805
"Caloric sweeteners, per capita availability (daily teaspoons)",1996,Caloric sweeteners-Cane and beet sugar deliveries-Refined-Teaspoons (daily),19.23920195
"Caloric sweeteners, per capita availability (daily teaspoons)",1997,Caloric sweeteners-Cane and beet sugar deliveries-Refined-Teaspoons (daily),19.19661525
"Caloric sweeteners, per capita availability (daily teaspoons)",1998,Caloric sweeteners-Cane and beet sugar deliveries-Refined-Teaspoons (daily),19.2118776
"Caloric sweeteners, per capita availability (daily teaspoons)",1999,Caloric sweeteners-Cane and beet sugar deliveries-Refined-Teaspoons (daily),19.61418413
"Caloric sweeteners, per capita availability (daily teaspoons)",2000,Caloric sweeteners-Cane and beet sugar deliveries-Refined-Teaspoons (daily),19.3880294
"Caloric sweeteners, per capita availability (daily teaspoons)",2001,Caloric sweeteners-Cane and beet sugar deliveries-Refined-Teaspoons (daily),19.07196894
"Caloric sweeteners, per capita availability (daily teaspoons)",2002,Caloric sweeteners-Cane and beet sugar deliveries-Refined-Teaspoons (daily),18.70131873
"Caloric sweeteners, per capita availability (daily teaspoons)",2003,Caloric sweeteners-Cane and beet sugar deliveries-Refined-Teaspoons (daily),18.00451383
"Caloric sweeteners, per capita availability (daily teaspoons)",2004,Caloric sweeteners-Cane and beet sugar deliveries-Refined-Teaspoons (daily),18.20663312
"Caloric sweeteners, per capita availability (daily teaspoons)",2005,Caloric sweeteners-Cane and beet sugar deliveries-Refined-Teaspoons (daily),18.62875068
"Caloric sweeteners, per capita availability (daily teaspoons)",2006,Caloric sweeteners-Cane and beet sugar deliveries-Refined-Teaspoons (daily),18.37876466
"Caloric sweeteners, per capita availability (daily teaspoons)",2007,Caloric sweeteners-Cane and beet sugar deliveries-Refined-Teaspoons (daily),18.08565368
"Caloric sweeteners, per capita availability (daily teaspoons)",2008,Caloric sweeteners-Cane and beet sugar deliveries-Refined-Teaspoons (daily),19.24282873
"Caloric sweeteners, per capita availability (daily teaspoons)",2009,Caloric sweeteners-Cane and beet sugar deliveries-Refined-Teaspoons (daily),18.74811738
"Caloric sweeteners, per capita availability (daily teaspoons)",2010,Caloric sweeteners-Cane and beet sugar deliveries-Refined-Teaspoons (daily),19.50328578
"Caloric sweeteners, per capita availability (daily teaspoons)",2011,Caloric sweeteners-Cane and beet sugar deliveries-Refined-Teaspoons (daily),19.49249833
"Caloric sweeteners, per capita availability (daily teaspoons)",2012,Caloric sweeteners-Cane and beet sugar deliveries-Refined-Teaspoons (daily),19.71412817
"Caloric sweeteners, per capita availability (daily teaspoons)",2013,Caloric sweeteners-Cane and beet sugar deliveries-Refined-Teaspoons (daily),20.11718019
"Caloric sweeteners, per capita availability (daily teaspoons)",2014,Caloric sweeteners-Cane and beet sugar deliveries-Refined-Teaspoons (daily),20.24724345
"Caloric sweeteners, per capita availability (daily teaspoons)",2015,Caloric sweeteners-Cane and beet sugar deliveries-Refined-Teaspoons (daily),20.4227704
"Caloric sweeteners, per capita availability (daily teaspoons)",2016,Caloric sweeteners-Cane and beet sugar deliveries-Refined-Teaspoons (daily),20.5940461
"Caloric sweeteners, per capita availability (daily teaspoons)",2017,Caloric sweeteners-Cane and beet sugar deliveries-Refined-Teaspoons (daily),20.43829653
"Caloric sweeteners, per capita availability (daily teaspoons)",2018,Caloric sweeteners-Cane and beet sugar deliveries-Refined-Teaspoons (daily),20.25590752
"Caloric sweeteners, per capita availability (daily teaspoons)",2019,Caloric sweeteners-Cane and beet sugar deliveries-Refined-Teaspoons (daily),20.18118921
"Caloric sweeteners, per capita availability (daily teaspoons)",2020,Caloric sweeteners-Cane and beet sugar deliveries-Refined-Teaspoons (daily),20.27892841
"Caloric sweeteners, per capita availability (daily teaspoons)",2021,Caloric sweeteners-Cane and beet sugar deliveries-Refined-Teaspoons (daily),20.56155724
"Caloric sweeteners, per capita availability (daily teaspoons)",2022,Caloric sweeteners-Cane and beet sugar deliveries-Refined-Teaspoons (daily),20.47721233
"Caloric sweeteners, per capita availability (daily teaspoons)",2023,Caloric sweeteners-Cane and beet sugar deliveries-Refined-Teaspoons (daily),20.23991418
"Caloric sweeteners, per capita availability (daily teaspoons)",1966,Caloric sweeteners-Corn sweeteners-HFCS-Teaspoons (daily),
"Caloric sweeteners, per capita availability (daily teaspoons)",1967,Caloric sweeteners-Corn sweeteners-HFCS-Teaspoons (daily),0.008934091
"Caloric sweeteners, per capita availability (daily teaspoons)",1968,Caloric sweeteners-Corn sweeteners-HFCS-Teaspoons (daily),0.044226659
"Caloric sweeteners, per capita availability (daily teaspoons)",1969,Caloric sweeteners-Corn sweeteners-HFCS-Teaspoons (daily),0.096352436
"Caloric sweeteners, per capita availability (daily teaspoons)",1970,Caloric sweeteners-Corn sweeteners-HFCS-Teaspoons (daily),0.162140584
"Caloric sweeteners, per capita availability (daily teaspoons)",1971,Caloric sweeteners-Corn sweeteners-HFCS-Teaspoons (daily),0.24402002
"Caloric sweeteners, per capita availability (daily teaspoons)",1972,Caloric sweeteners-Corn sweeteners-HFCS-Teaspoons (daily),0.341592603
"Caloric sweeteners, per capita availability (daily teaspoons)",1973,Caloric sweeteners-Corn sweeteners-HFCS-Teaspoons (daily),0.610157091
"Caloric sweeteners, per capita availability (daily teaspoons)",1974,Caloric sweeteners-Corn sweeteners-HFCS-Teaspoons (daily),0.817399937
"Caloric sweeteners, per capita availability (daily teaspoons)",1975,Caloric sweeteners-Corn sweeteners-HFCS-Teaspoons (daily),1.443675548
"Caloric sweeteners, per capita availability (daily teaspoons)",1976,Caloric sweeteners-Corn sweeteners-HFCS-Teaspoons (daily),2.122995466
"Caloric sweeteners, per capita availability (daily teaspoons)",1977,Caloric sweeteners-Corn sweeteners-HFCS-Teaspoons (daily),2.839826613
"Caloric sweeteners, per capita availability (daily teaspoons)",1978,Caloric sweeteners-Corn sweeteners-HFCS-Teaspoons (daily),3.185924601
"Caloric sweeteners, per capita availability (daily teaspoons)",1979,Caloric sweeteners-Corn sweeteners-HFCS-Teaspoons (daily),4.364365161
"Caloric sweeteners, per capita availability (daily teaspoons)",1980,Caloric sweeteners-Corn sweeteners-HFCS-Teaspoons (daily),5.608714656
"Caloric sweeteners, per capita availability (daily teaspoons)",1981,Caloric sweeteners-Corn sweeteners-HFCS-Teaspoons (daily),6.756263922
"Caloric sweeteners, per capita availability (daily teaspoons)",1982,Caloric sweeteners-Corn sweeteners-HFCS-Teaspoons (daily),7.87549277
"Caloric sweeteners, per capita availability (daily teaspoons)",1983,Caloric sweeteners-Corn sweeteners-HFCS-Teaspoons (daily),9.232054431
"Caloric sweeteners, per capita availability (daily teaspoons)",1984,Caloric sweeteners-Corn sweeteners-HFCS-Teaspoons (daily),11.01470148
"Caloric sweeteners, per capita availability (daily teaspoons)",1985,Caloric sweeteners-Corn sweeteners-HFCS-Teaspoons (daily),13.36544779
"Caloric sweeteners, per capita availability (daily teaspoons)",1986,Caloric sweeteners-Corn sweeteners-HFCS-Teaspoons (daily),13.52012537
"Caloric sweeteners, per capita availability (daily teaspoons)",1987,Caloric sweeteners-Corn sweeteners-HFCS-Teaspoons (daily),14.11642316
"Caloric sweeteners, per capita availability (daily teaspoons)",1988,Caloric sweeteners-Corn sweeteners-HFCS-Teaspoons (daily),14.48721266
"Caloric sweeteners, per capita availability (daily teaspoons)",1989,Caloric sweeteners-Corn sweeteners-HFCS-Teaspoons (daily),14.26053174
"Caloric sweeteners, per capita availability (daily teaspoons)",1990,Caloric sweeteners-Corn sweeteners-HFCS-Teaspoons (daily),14.67395705
"Caloric sweeteners, per capita availability (daily teaspoons)",1991,Caloric sweeteners-Corn sweeteners-HFCS-Teaspoons (daily),14.88464075
"Caloric sweeteners, per capita availability (daily teaspoons)",1992,Caloric sweeteners-Corn sweeteners-HFCS-Teaspoons (daily),15.15356844
"Caloric sweeteners, per capita availability (daily teaspoons)",1993,Caloric sweeteners-Corn sweeteners-HFCS-Teaspoons (daily),15.88234203
"Caloric sweeteners, per capita availability (daily teaspoons)",1994,Caloric sweeteners-Corn sweeteners-HFCS-Teaspoons (daily),16.65762027
"Caloric sweeteners, per capita availability (daily teaspoons)",1995,Caloric sweeteners-Corn sweeteners-HFCS-Teaspoons (daily),17.27491202
"Caloric sweeteners, per capita availability (daily teaspoons)",1996,Caloric sweeteners-Corn sweeteners-HFCS-Teaspoons (daily),17.66524345
"Caloric sweeteners, per capita availability (daily teaspoons)",1997,Caloric sweeteners-Corn sweeteners-HFCS-Teaspoons (daily),18.54980517
"Caloric sweeteners, per capita availability (daily teaspoons)",1998,Caloric sweeteners-Corn sweeteners-HFCS-Teaspoons (daily),19.04201383
"Caloric sweeteners, per capita availability (daily teaspoons)",1999,Caloric sweeteners-Corn sweeteners-HFCS-Teaspoons (daily),19.4863465
"Caloric sweeteners, per capita availability (daily teaspoons)",2000,Caloric sweeteners-Corn sweeteners-HFCS-Teaspoons (daily),19.05037211
"Caloric sweeteners, per capita availability (daily teaspoons)",2001,Caloric sweeteners-Corn sweeteners-HFCS-Teaspoons (daily),18.87081693
"Caloric sweeteners, per capita availability (daily teaspoons)",2002,Caloric sweeteners-Corn sweeteners-HFCS-Teaspoons (daily),18.9906477
"Caloric sweeteners, per capita availability (daily teaspoons)",2003,Caloric sweeteners-Corn sweeteners-HFCS-Teaspoons (daily),18.47277158
"Caloric sweeteners, per capita availability (daily teaspoons)",2004,Caloric sweeteners-Corn sweeteners-HFCS-Teaspoons (daily),18.18343247
"Caloric sweeteners, per capita availability (daily teaspoons)",2005,Caloric sweeteners-Corn sweeteners-HFCS-Teaspoons (daily),17.9981663
"Caloric sweeteners, per capita availability (daily teaspoons)",2006,Caloric sweeteners-Corn sweeteners-HFCS-Teaspoons (daily),17.78174479
"Caloric sweeteners, per capita availability (daily teaspoons)",2007,Caloric sweeteners-Corn sweeteners-HFCS-Teaspoons (daily),17.08106713
"Caloric sweeteners, per capita availability (daily teaspoons)",2008,Caloric sweeteners-Corn sweeteners-HFCS-Teaspoons (daily),16.1161551
"Caloric sweeteners, per capita availability (daily teaspoons)",2009,Caloric sweeteners-Corn sweeteners-HFCS-Teaspoons (daily),15.31638829
"Caloric sweeteners, per capita availability (daily teaspoons)",2010,Caloric sweeteners-Corn sweeteners-HFCS-Teaspoons (daily),14.96056828
"Caloric sweeteners, per capita availability (daily teaspoons)",2011,Caloric sweeteners-Corn sweeteners-HFCS-Teaspoons (daily),14.37510938
"Caloric sweeteners, per capita availability (daily teaspoons)",2012,Caloric sweeteners-Corn sweeteners-HFCS-Teaspoons (daily),14.11591738
"Caloric sweeteners, per capita availability (daily teaspoons)",2013,Caloric sweeteners-Corn sweeteners-HFCS-Teaspoons (daily),13.55157499
"Caloric sweeteners, per capita availability (daily teaspoons)",2014,Caloric sweeteners-Corn sweeteners-HFCS-Teaspoons (daily),13.61924422
"Caloric sweeteners, per capita availability (daily teaspoons)",2015,Caloric sweeteners-Corn sweeteners-HFCS-Teaspoons (daily),13.24822041
"Caloric sweeteners, per capita availability (daily teaspoons)",2016,Caloric sweeteners-Corn sweeteners-HFCS-Teaspoons (daily),12.88411581
"Caloric sweeteners, per capita availability (daily teaspoons)",2017,Caloric sweeteners-Corn sweeteners-HFCS-Teaspoons (daily),12.52520119
"Caloric sweeteners, per capita availability (daily teaspoons)",2018,Caloric sweeteners-Corn sweeteners-HFCS-Teaspoons (daily),12.13096377
"Caloric sweeteners, per capita availability (daily teaspoons)",2019,Caloric sweeteners-Corn sweeteners-HFCS-Teaspoons (daily),11.85149906
"Caloric sweeteners, per capita availability (daily teaspoons)",2020,Caloric sweeteners-Corn sweeteners-HFCS-Teaspoons (daily),11.89833583
"Caloric sweeteners, per capita availability (daily teaspoons)",2021,Caloric sweeteners-Corn sweeteners-HFCS-Teaspoons (daily),11.69246787
"Caloric sweeteners, per capita availability (daily teaspoons)",2022,Caloric sweeteners-Corn sweeteners-HFCS-Teaspoons (daily),11.62954152
"Caloric sweeteners, per capita availability (daily teaspoons)",2023,Caloric sweeteners-Corn sweeteners-HFCS-Teaspoons (daily),11.17218792
"Caloric sweeteners, per capita availability (daily teaspoons)",1966,Caloric sweeteners-Corn sweeteners-Glucose-Teaspoons (daily),2.865394292
"Caloric sweeteners, per capita availability (daily teaspoons)",1967,Caloric sweeteners-Corn sweeteners-Glucose-Teaspoons (daily),2.929887303
"Caloric sweeteners, per capita availability (daily teaspoons)",1968,Caloric sweeteners-Corn sweeteners-Glucose-Teaspoons (daily),3.03858831
"Caloric sweeteners, per capita availability (daily teaspoons)",1969,Caloric sweeteners-Corn sweeteners-Glucose-Teaspoons (daily),3.097643116
"Caloric sweeteners, per capita availability (daily teaspoons)",1970,Caloric sweeteners-Corn sweeteners-Glucose-Teaspoons (daily),3.180006172
"Caloric sweeteners, per capita availability (daily teaspoons)",1971,Caloric sweeteners-Corn sweeteners-Glucose-Teaspoons (daily),3.314525499
"Caloric sweeteners, per capita availability (daily teaspoons)",1972,Caloric sweeteners-Corn sweeteners-Glucose-Teaspoons (daily),3.544805284
"Caloric sweeteners, per capita availability (daily teaspoons)",1973,Caloric sweeteners-Corn sweeteners-Glucose-Teaspoons (daily),3.866246073
"Caloric sweeteners, per capita availability (daily teaspoons)",1974,Caloric sweeteners-Corn sweeteners-Glucose-Teaspoons (daily),4.096770361
"Caloric sweeteners, per capita availability (daily teaspoons)",1975,Caloric sweeteners-Corn sweeteners-Glucose-Teaspoons (daily),4.150022965
"Caloric sweeteners, per capita availability (daily teaspoons)",1976,Caloric sweeteners-Corn sweeteners-Glucose-Teaspoons (daily),4.108886361
"Caloric sweeteners, per capita availability (daily teaspoons)",1977,Caloric sweeteners-Corn sweeteners-Glucose-Teaspoons (daily),4.076581988
"Caloric sweeteners, per capita availability (daily teaspoons)",1978,Caloric sweeteners-Corn sweeteners-Glucose-Teaspoons (daily),4.123027258
"Caloric sweeteners, per capita availability (daily teaspoons)",1979,Caloric sweeteners-Corn sweeteners-Glucose-Teaspoons (daily),3.994623641
"Caloric sweeteners, per capita availability (daily teaspoons)",1980,Caloric sweeteners-Corn sweeteners-Glucose-Teaspoons (daily),3.824707787
"Caloric sweeteners, per capita availability (daily teaspoons)",1981,Caloric sweeteners-Corn sweeteners-Glucose-Teaspoons (daily),3.824189956
"Caloric sweeteners, per capita availability (daily teaspoons)",1982,Caloric sweeteners-Corn sweeteners-Glucose-Teaspoons (daily),3.770272985
"Caloric sweeteners, per capita availability (daily teaspoons)",1983,Caloric sweeteners-Corn sweeteners-Glucose-Teaspoons (daily),3.847765892
"Caloric sweeteners, per capita availability (daily teaspoons)",1984,Caloric sweeteners-Corn sweeteners-Glucose-Teaspoons (daily),3.886445142
"Caloric sweeteners, per capita availability (daily teaspoons)",1985,Caloric sweeteners-Corn sweeteners-Glucose-Teaspoons (daily),3.988788393
"Caloric sweeteners, per capita availability (daily teaspoons)",1986,Caloric sweeteners-Corn sweeteners-Glucose-Teaspoons (daily),4.014311147
"Caloric sweeteners, per capita availability (daily teaspoons)",1987,Caloric sweeteners-Corn sweeteners-Glucose-Teaspoons (daily),4.092609734
"Caloric sweeteners, per capita availability (daily teaspoons)",1988,Caloric sweeteners-Corn sweeteners-Glucose-Teaspoons (daily),4.218880914
"Caloric sweeteners, per capita availability (daily teaspoons)",1989,Caloric sweeteners-Corn sweeteners-Glucose-Teaspoons (daily),3.796678344
"Caloric sweeteners, per capita availability (daily teaspoons)",1990,Caloric sweeteners-Corn sweeteners-Glucose-Teaspoons (daily),4.023079923
"Caloric sweeteners, per capita availability (daily teaspoons)",1991,Caloric sweeteners-Corn sweeteners-Glucose-Teaspoons (daily),4.146181391
"Caloric sweeteners, per capita availability (daily teaspoons)",1992,Caloric sweeteners-Corn sweeteners-Glucose-Teaspoons (daily),4.476416369
"Caloric sweeteners, per capita availability (daily teaspoons)",1993,Caloric sweeteners-Corn sweeteners-Glucose-Teaspoons (daily),4.656645528
"Caloric sweeteners, per capita availability (daily teaspoons)",1994,Caloric sweeteners-Corn sweeteners-Glucose-Teaspoons (daily),4.694958184
"Caloric sweeteners, per capita availability (daily teaspoons)",1995,Caloric sweeteners-Corn sweeteners-Glucose-Teaspoons (daily),4.82502702
"Caloric sweeteners, per capita availability (daily teaspoons)",1996,Caloric sweeteners-Corn sweeteners-Glucose-Teaspoons (daily),4.857675874
"Caloric sweeteners, per capita availability (daily teaspoons)",1997,Caloric sweeteners-Corn sweeteners-Glucose-Teaspoons (daily),5.118414584
"Caloric sweeteners, per capita availability (daily teaspoons)",1998,Caloric sweeteners-Corn sweeteners-Glucose-Teaspoons (daily),5.043639969
"Caloric sweeteners, per capita availability (daily teaspoons)",1999,Caloric sweeteners-Corn sweeteners-Glucose-Teaspoons (daily),4.823892009
"Caloric sweeteners, per capita availability (daily teaspoons)",2000,Caloric sweeteners-Corn sweeteners-Glucose-Teaspoons (daily),4.662711415
"Caloric sweeteners, per capita availability (daily teaspoons)",2001,Caloric sweeteners-Corn sweeteners-Glucose-Teaspoons (daily),4.561324485
"Caloric sweeteners, per capita availability (daily teaspoons)",2002,Caloric sweeteners-Corn sweeteners-Glucose-Teaspoons (daily),4.553214034
"Caloric sweeteners, per capita availability (daily teaspoons)",2003,Caloric sweeteners-Corn sweeteners-Glucose-Teaspoons (daily),4.475035121
"Caloric sweeteners, per capita availability (daily teaspoons)",2004,Caloric sweeteners-Corn sweeteners-Glucose-Teaspoons (daily),4.596210257
"Caloric sweeteners, per capita availability (daily teaspoons)",2005,Caloric sweeteners-Corn sweeteners-Glucose-Teaspoons (daily),4.488269538
"Caloric sweeteners, per capita availability (daily teaspoons)",2006,Caloric sweeteners-Corn sweeteners-Glucose-Teaspoons (daily),4.037761205
"Caloric sweeteners, per capita availability (daily teaspoons)",2007,Caloric sweeteners-Corn sweeteners-Glucose-Teaspoons (daily),4.024587904
"Caloric sweeteners, per capita availability (daily teaspoons)",2008,Caloric sweeteners-Corn sweeteners-Glucose-Teaspoons (daily),3.922879954
"Caloric sweeteners, per capita availability (daily teaspoons)",2009,Caloric sweeteners-Corn sweeteners-Glucose-Teaspoons (daily),3.807900402
"Caloric sweeteners, per capita availability (daily teaspoons)",2010,Caloric sweeteners-Corn sweeteners-Glucose-Teaspoons (daily),3.707528447
"Caloric sweeteners, per capita availability (daily teaspoons)",2011,Caloric sweeteners-Corn sweeteners-Glucose-Teaspoons (daily),3.586384356
"Caloric sweeteners, per capita availability (daily teaspoons)",2012,Caloric sweeteners-Corn sweeteners-Glucose-Teaspoons (daily),3.674642335
"Caloric sweeteners, per capita availability (daily teaspoons)",2013,Caloric sweeteners-Corn sweeteners-Glucose-Teaspoons (daily),3.523363638
"Caloric sweeteners, per capita availability (daily teaspoons)",2014,Caloric sweeteners-Corn sweeteners-Glucose-Teaspoons (daily),3.560415606
"Caloric sweeteners, per capita availability (daily teaspoons)",2015,Caloric sweeteners-Corn sweeteners-Glucose-Teaspoons (daily),3.589828722
"Caloric sweeteners, per capita availability (daily teaspoons)",2016,Caloric sweeteners-Corn sweeteners-Glucose-Teaspoons (daily),3.622664737
"Caloric sweeteners, per capita availability (daily teaspoons)",2017,Caloric sweeteners-Corn sweeteners-Glucose-Teaspoons (daily),3.827992147
"Caloric sweeteners, per capita availability (daily teaspoons)",2018,Caloric sweeteners-Corn sweeteners-Glucose-Teaspoons (daily),3.842347974
"Caloric sweeteners, per capita availability (daily teaspoons)",2019,Caloric sweeteners-Corn sweeteners-Glucose-Teaspoons (daily),3.845898873
"Caloric sweeteners, per capita availability (daily teaspoons)",2020,Caloric sweeteners-Corn sweeteners-Glucose-Teaspoons (daily),3.74820516
"Caloric sweeteners, per capita availability (daily teaspoons)",2021,Caloric sweeteners-Corn sweeteners-Glucose-Teaspoons (daily),3.781370515
"Caloric sweeteners, per capita availability (daily teaspoons)",2022,Caloric sweeteners-Corn sweeteners-Glucose-Teaspoons (daily),3.740334427
"Caloric sweeteners, per capita availability (daily teaspoons)",2023,Caloric sweeteners-Corn sweeteners-Glucose-Teaspoons (daily),3.732105665
"Caloric sweeteners, per capita availability (daily teaspoons)",1966,Caloric sweeteners-Corn sweeteners-Dextrose-Teaspoons (daily),1.24898595
"Caloric sweeteners, per capita availability (daily teaspoons)",1967,Caloric sweeteners-Corn sweeteners-Dextrose-Teaspoons (daily),1.274108631
"Caloric sweeteners, per capita availability (daily teaspoons)",1968,Caloric sweeteners-Corn sweeteners-Dextrose-Teaspoons (daily),1.307699743
"Caloric sweeteners, per capita availability (daily teaspoons)",1969,Caloric sweeteners-Corn sweeteners-Dextrose-Teaspoons (daily),1.339996688
"Caloric sweeteners, per capita availability (daily teaspoons)",1970,Caloric sweeteners-Corn sweeteners-Dextrose-Teaspoons (daily),1.359722414
"Caloric sweeteners, per capita availability (daily teaspoons)",1971,Caloric sweeteners-Corn sweeteners-Dextrose-Teaspoons (daily),1.372883013
"Caloric sweeteners, per capita availability (daily teaspoons)",1972,Caloric sweeteners-Corn sweeteners-Dextrose-Teaspoons (daily),1.366042964
"Caloric sweeteners, per capita availability (daily teaspoons)",1973,Caloric sweeteners-Corn sweeteners-Dextrose-Teaspoons (daily),1.366750015
"Caloric sweeteners, per capita availability (daily teaspoons)",1974,Caloric sweeteners-Corn sweeteners-Dextrose-Teaspoons (daily),1.345796553
"Caloric sweeteners, per capita availability (daily teaspoons)",1975,Caloric sweeteners-Corn sweeteners-Dextrose-Teaspoons (daily),1.296265201
"Caloric sweeteners, per capita availability (daily teaspoons)",1976,Caloric sweeteners-Corn sweeteners-Dextrose-Teaspoons (daily),1.226342242
"Caloric sweeteners, per capita availability (daily teaspoons)",1977,Caloric sweeteners-Corn sweeteners-Dextrose-Teaspoons (daily),1.151388769
"Caloric sweeteners, per capita availability (daily teaspoons)",1978,Caloric sweeteners-Corn sweeteners-Dextrose-Teaspoons (daily),1.090970053
"Caloric sweeteners, per capita availability (daily teaspoons)",1979,Caloric sweeteners-Corn sweeteners-Dextrose-Teaspoons (daily),1.048560694
"Caloric sweeteners, per capita availability (daily teaspoons)",1980,Caloric sweeteners-Corn sweeteners-Dextrose-Teaspoons (daily),1.022299802
"Caloric sweeteners, per capita availability (daily teaspoons)",1981,Caloric sweeteners-Corn sweeteners-Dextrose-Teaspoons (daily),1.002298448
"Caloric sweeteners, per capita availability (daily teaspoons)",1982,Caloric sweeteners-Corn sweeteners-Dextrose-Teaspoons (daily),0.99833918
"Caloric sweeteners, per capita availability (daily teaspoons)",1983,Caloric sweeteners-Corn sweeteners-Dextrose-Teaspoons (daily),1.00555277
"Caloric sweeteners, per capita availability (daily teaspoons)",1984,Caloric sweeteners-Corn sweeteners-Dextrose-Teaspoons (daily),1.021186246
"Caloric sweeteners, per capita availability (daily teaspoons)",1985,Caloric sweeteners-Corn sweeteners-Dextrose-Teaspoons (daily),1.037048652
"Caloric sweeteners, per capita availability (daily teaspoons)",1986,Caloric sweeteners-Corn sweeteners-Dextrose-Teaspoons (daily),1.058609253
"Caloric sweeteners, per capita availability (daily teaspoons)",1987,Caloric sweeteners-Corn sweeteners-Dextrose-Teaspoons (daily),1.074759664
"Caloric sweeteners, per capita availability (daily teaspoons)",1988,Caloric sweeteners-Corn sweeteners-Dextrose-Teaspoons (daily),1.0906118
"Caloric sweeteners, per capita availability (daily teaspoons)",1989,Caloric sweeteners-Corn sweeteners-Dextrose-Teaspoons (daily),1.04746862
"Caloric sweeteners, per capita availability (daily teaspoons)",1990,Caloric sweeteners-Corn sweeteners-Dextrose-Teaspoons (daily),1.076760265
"Caloric sweeteners, per capita availability (daily teaspoons)",1991,Caloric sweeteners-Corn sweeteners-Dextrose-Teaspoons (daily),1.080487404
"Caloric sweeteners, per capita availability (daily teaspoons)",1992,Caloric sweeteners-Corn sweeteners-Dextrose-Teaspoons (daily),1.054438245
"Caloric sweeteners, per capita availability (daily teaspoons)",1993,Caloric sweeteners-Corn sweeteners-Dextrose-Teaspoons (daily),1.092708877
"Caloric sweeteners, per capita availability (daily teaspoons)",1994,Caloric sweeteners-Corn sweeteners-Dextrose-Teaspoons (daily),1.12760154
"Caloric sweeteners, per capita availability (daily teaspoons)",1995,Caloric sweeteners-Corn sweeteners-Dextrose-Teaspoons (daily),1.159905134
"Caloric sweeteners, per capita availability (daily teaspoons)",1996,Caloric sweeteners-Corn sweeteners-Dextrose-Teaspoons (daily),1.179815111
"Caloric sweeteners, per capita availability (daily teaspoons)",1997,Caloric sweeteners-Corn sweeteners-Dextrose-Teaspoons (daily),1.116670933
"Caloric sweeteners, per capita availability (daily teaspoons)",1998,Caloric sweeteners-Corn sweeteners-Dextrose-Teaspoons (daily),1.086214961
"Caloric sweeteners, per capita availability (daily teaspoons)",1999,Caloric sweeteners-Corn sweeteners-Dextrose-Teaspoons (daily),1.045255763
"Caloric sweeteners, per capita availability (daily teaspoons)",2000,Caloric sweeteners-Corn sweeteners-Dextrose-Teaspoons (daily),1.009515374
"Caloric sweeteners, per capita availability (daily teaspoons)",2001,Caloric sweeteners-Corn sweeteners-Dextrose-Teaspoons (daily),0.988027757
"Caloric sweeteners, per capita availability (daily teaspoons)",2002,Caloric sweeteners-Corn sweeteners-Dextrose-Teaspoons (daily),0.987547025
"Caloric sweeteners, per capita availability (daily teaspoons)",2003,Caloric sweeteners-Corn sweeteners-Dextrose-Teaspoons (daily),0.934960828
"Caloric sweeteners, per capita availability (daily teaspoons)",2004,Caloric sweeteners-Corn sweeteners-Dextrose-Teaspoons (daily),1.009928023
"Caloric sweeteners, per capita availability (daily teaspoons)",2005,Caloric sweeteners-Corn sweeteners-Dextrose-Teaspoons (daily),0.993676849
"Caloric sweeteners, per capita availability (daily teaspoons)",2006,Caloric sweeteners-Corn sweeteners-Dextrose-Teaspoons (daily),0.951631301
"Caloric sweeteners, per capita availability (daily teaspoons)",2007,Caloric sweeteners-Corn sweeteners-Dextrose-Teaspoons (daily),0.913028503
"Caloric sweeteners, per capita availability (daily teaspoons)",2008,Caloric sweeteners-Corn sweeteners-Dextrose-Teaspoons (daily),0.85307141
"Caloric sweeteners, per capita availability (daily teaspoons)",2009,Caloric sweeteners-Corn sweeteners-Dextrose-Teaspoons (daily),0.835729636
"Caloric sweeteners, per capita availability (daily teaspoons)",2010,Caloric sweeteners-Corn sweeteners-Dextrose-Teaspoons (daily),0.905126843
"Caloric sweeteners, per capita availability (daily teaspoons)",2011,Caloric sweeteners-Corn sweeteners-Dextrose-Teaspoons (daily),0.900218661
"Caloric sweeteners, per capita availability (daily teaspoons)",2012,Caloric sweeteners-Corn sweeteners-Dextrose-Teaspoons (daily),0.845668256
"Caloric sweeteners, per capita availability (daily teaspoons)",2013,Caloric sweeteners-Corn sweeteners-Dextrose-Teaspoons (daily),0.837070434
"Caloric sweeteners, per capita availability (daily teaspoons)",2014,Caloric sweeteners-Corn sweeteners-Dextrose-Teaspoons (daily),0.961190499
"Caloric sweeteners, per capita availability (daily teaspoons)",2015,Caloric sweeteners-Corn sweeteners-Dextrose-Teaspoons (daily),0.967130907
"Caloric sweeteners, per capita availability (daily teaspoons)",2016,Caloric sweeteners-Corn sweeteners-Dextrose-Teaspoons (daily),0.903799889
"Caloric sweeteners, per capita availability (daily teaspoons)",2017,Caloric sweeteners-Corn sweeteners-Dextrose-Teaspoons (daily),0.983478014
"Caloric sweeteners, per capita availability (daily teaspoons)",2018,Caloric sweeteners-Corn sweeteners-Dextrose-Teaspoons (daily),0.981082807
"Caloric sweeteners, per capita availability (daily teaspoons)",2019,Caloric sweeteners-Corn sweeteners-Dextrose-Teaspoons (daily),0.939719585
"Caloric sweeteners, per capita availability (daily teaspoons)",2020,Caloric sweeteners-Corn sweeteners-Dextrose-Teaspoons (daily),0.949730976
"Caloric sweeteners, per capita availability (daily teaspoons)",2021,Caloric sweeteners-Corn sweeteners-Dextrose-Teaspoons (daily),0.944615004
"Caloric sweeteners, per capita availability (daily teaspoons)",2022,Caloric sweeteners-Corn sweeteners-Dextrose-Teaspoons (daily),0.944885251
"Caloric sweeteners, per capita availability (daily teaspoons)",2023,Caloric sweeteners-Corn sweeteners-Dextrose-Teaspoons (daily),0.785990684
"Caloric sweeteners, per capita availability (daily teaspoons)",1966,Caloric sweeteners-Corn sweeteners-Total-Teaspoons (daily),4.114380242
"Caloric sweeteners, per capita availability (daily teaspoons)",1967,Caloric sweeteners-Corn sweeteners-Total-Teaspoons (daily),4.212930026
"Caloric sweeteners, per capita availability (daily teaspoons)",1968,Caloric sweeteners-Corn sweeteners-Total-Teaspoons (daily),4.390514712
"Caloric sweeteners, per capita availability (daily teaspoons)",1969,Caloric sweeteners-Corn sweeteners-Total-Teaspoons (daily),4.53399224
"Caloric sweeteners, per capita availability (daily teaspoons)",1970,Caloric sweeteners-Corn sweeteners-Total-Teaspoons (daily),4.70186917
"Caloric sweeteners, per capita availability (daily teaspoons)",1971,Caloric sweeteners-Corn sweeteners-Total-Teaspoons (daily),4.931428532
"Caloric sweeteners, per capita availability (daily teaspoons)",1972,Caloric sweeteners-Corn sweeteners-Total-Teaspoons (daily),5.252440851
"Caloric sweeteners, per capita availability (daily teaspoons)",1973,Caloric sweeteners-Corn sweeteners-Total-Teaspoons (daily),5.843153179
"Caloric sweeteners, per capita availability (daily teaspoons)",1974,Caloric sweeteners-Corn sweeteners-Total-Teaspoons (daily),6.259966851
"Caloric sweeteners, per capita availability (daily teaspoons)",1975,Caloric sweeteners-Corn sweeteners-Total-Teaspoons (daily),6.889963715
"Caloric sweeteners, per capita availability (daily teaspoons)",1976,Caloric sweeteners-Corn sweeteners-Total-Teaspoons (daily),7.458224069
"Caloric sweeteners, per capita availability (daily teaspoons)",1977,Caloric sweeteners-Corn sweeteners-Total-Teaspoons (daily),8.067797371
"Caloric sweeteners, per capita availability (daily teaspoons)",1978,Caloric sweeteners-Corn sweeteners-Total-Teaspoons (daily),8.399921912
"Caloric sweeteners, per capita availability (daily teaspoons)",1979,Caloric sweeteners-Corn sweeteners-Total-Teaspoons (daily),9.407549497
"Caloric sweeteners, per capita availability (daily teaspoons)",1980,Caloric sweeteners-Corn sweeteners-Total-Teaspoons (daily),10.45572225
"Caloric sweeteners, per capita availability (daily teaspoons)",1981,Caloric sweeteners-Corn sweeteners-Total-Teaspoons (daily),11.58275233
"Caloric sweeteners, per capita availability (daily teaspoons)",1982,Caloric sweeteners-Corn sweeteners-Total-Teaspoons (daily),12.64410494
"Caloric sweeteners, per capita availability (daily teaspoons)",1983,Caloric sweeteners-Corn sweeteners-Total-Teaspoons (daily),14.08537309
"Caloric sweeteners, per capita availability (daily teaspoons)",1984,Caloric sweeteners-Corn sweeteners-Total-Teaspoons (daily),15.92233287
"Caloric sweeteners, per capita availability (daily teaspoons)",1985,Caloric sweeteners-Corn sweeteners-Total-Teaspoons (daily),18.39128483
"Caloric sweeteners, per capita availability (daily teaspoons)",1986,Caloric sweeteners-Corn sweeteners-Total-Teaspoons (daily),18.59304577
"Caloric sweeteners, per capita availability (daily teaspoons)",1987,Caloric sweeteners-Corn sweeteners-Total-Teaspoons (daily),19.28379256
"Caloric sweeteners, per capita availability (daily teaspoons)",1988,Caloric sweeteners-Corn sweeteners-Total-Teaspoons (daily),19.79670538
"Caloric sweeteners, per capita availability (daily teaspoons)",1989,Caloric sweeteners-Corn sweeteners-Total-Teaspoons (daily),19.10467871
"Caloric sweeteners, per capita availability (daily teaspoons)",1990,Caloric sweeteners-Corn sweeteners-Total-Teaspoons (daily),19.77379723
"Caloric sweeteners, per capita availability (daily teaspoons)",1991,Caloric sweeteners-Corn sweeteners-Total-Teaspoons (daily),20.11130954
"Caloric sweeteners, per capita availability (daily teaspoons)",1992,Caloric sweeteners-Corn sweeteners-Total-Teaspoons (daily),20.68442306
"Caloric sweeteners, per capita availability (daily teaspoons)",1993,Caloric sweeteners-Corn sweeteners-Total-Teaspoons (daily),21.63169644
"Caloric sweeteners, per capita availability (daily teaspoons)",1994,Caloric sweeteners-Corn sweeteners-Total-Teaspoons (daily),22.48017999
"Caloric sweeteners, per capita availability (daily teaspoons)",1995,Caloric sweeteners-Corn sweeteners-Total-Teaspoons (daily),23.25984417
"Caloric sweeteners, per capita availability (daily teaspoons)",1996,Caloric sweeteners-Corn sweeteners-Total-Teaspoons (daily),23.70273444
"Caloric sweeteners, per capita availability (daily teaspoons)",1997,Caloric sweeteners-Corn sweeteners-Total-Teaspoons (daily),24.78489068
"Caloric sweeteners, per capita availability (daily teaspoons)",1998,Caloric sweeteners-Corn sweeteners-Total-Teaspoons (daily),25.17186876
"Caloric sweeteners, per capita availability (daily teaspoons)",1999,Caloric sweeteners-Corn sweeteners-Total-Teaspoons (daily),25.35549427
"Caloric sweeteners, per capita availability (daily teaspoons)",2000,Caloric sweeteners-Corn sweeteners-Total-Teaspoons (daily),24.7225989
"Caloric sweeteners, per capita availability (daily teaspoons)",2001,Caloric sweeteners-Corn sweeteners-Total-Teaspoons (daily),24.42016917
"Caloric sweeteners, per capita availability (daily teaspoons)",2002,Caloric sweeteners-Corn sweeteners-Total-Teaspoons (daily),24.53140876
"Caloric sweeteners, per capita availability (daily teaspoons)",2003,Caloric sweeteners-Corn sweeteners-Total-Teaspoons (daily),23.88276753
"Caloric sweeteners, per capita availability (daily teaspoons)",2004,Caloric sweeteners-Corn sweeteners-Total-Teaspoons (daily),23.78957075
"Caloric sweeteners, per capita availability (daily teaspoons)",2005,Caloric sweeteners-Corn sweeteners-Total-Teaspoons (daily),23.48011268
"Caloric sweeteners, per capita availability (daily teaspoons)",2006,Caloric sweeteners-Corn sweeteners-Total-Teaspoons (daily),22.7711373
"Caloric sweeteners, per capita availability (daily teaspoons)",2007,Caloric sweeteners-Corn sweeteners-Total-Teaspoons (daily),22.01868354
"Caloric sweeteners, per capita availability (daily teaspoons)",2008,Caloric sweeteners-Corn sweeteners-Total-Teaspoons (daily),20.89210647
"Caloric sweeteners, per capita availability (daily teaspoons)",2009,Caloric sweeteners-Corn sweeteners-Total-Teaspoons (daily),19.96001833
"Caloric sweeteners, per capita availability (daily teaspoons)",2010,Caloric sweeteners-Corn sweeteners-Total-Teaspoons (daily),19.57322357
"Caloric sweeteners, per capita availability (daily teaspoons)",2011,Caloric sweeteners-Corn sweeteners-Total-Teaspoons (daily),18.8617124
"Caloric sweeteners, per capita availability (daily teaspoons)",2012,Caloric sweeteners-Corn sweeteners-Total-Teaspoons (daily),18.63622797
"Caloric sweeteners, per capita availability (daily teaspoons)",2013,Caloric sweeteners-Corn sweeteners-Total-Teaspoons (daily),17.91200907
"Caloric sweeteners, per capita availability (daily teaspoons)",2014,Caloric sweeteners-Corn sweeteners-Total-Teaspoons (daily),18.14085032
"Caloric sweeteners, per capita availability (daily teaspoons)",2015,Caloric sweeteners-Corn sweeteners-Total-Teaspoons (daily),17.80518004
"Caloric sweeteners, per capita availability (daily teaspoons)",2016,Caloric sweeteners-Corn sweeteners-Total-Teaspoons (daily),17.41058044
"Caloric sweeteners, per capita availability (daily teaspoons)",2017,Caloric sweeteners-Corn sweeteners-Total-Teaspoons (daily),17.33667135
"Caloric sweeteners, per capita availability (daily teaspoons)",2018,Caloric sweeteners-Corn sweeteners-Total-Teaspoons (daily),16.95439455
"Caloric sweeteners, per capita availability (daily teaspoons)",2019,Caloric sweeteners-Corn sweeteners-Total-Teaspoons (daily),16.63711752
"Caloric sweeteners, per capita availability (daily teaspoons)",2020,Caloric sweeteners-Corn sweeteners-Total-Teaspoons (daily),16.59627196
"Caloric sweeteners, per capita availability (daily teaspoons)",2021,Caloric sweeteners-Corn sweeteners-Total-Teaspoons (daily),16.41845338
"Caloric sweeteners, per capita availability (daily teaspoons)",2022,Caloric sweeteners-Corn sweeteners-Total-Teaspoons (daily),16.3147612
"Caloric sweeteners, per capita availability (daily teaspoons)",2023,Caloric sweeteners-Corn sweeteners-Total-Teaspoons (daily),15.69028427
"Caloric sweeteners, per capita availability (daily teaspoons)",1966,Caloric sweeteners-Edible syrups-Teaspoons (daily),0.207733804
"Caloric sweeteners, per capita availability (daily teaspoons)",1967,Caloric sweeteners-Edible syrups-Teaspoons (daily),0.148901522
"Caloric sweeteners, per capita availability (daily teaspoons)",1968,Caloric sweeteners-Edible syrups-Teaspoons (daily),0.206391074
"Caloric sweeteners, per capita availability (daily teaspoons)",1969,Caloric sweeteners-Edible syrups-Teaspoons (daily),0.178106018
"Caloric sweeteners, per capita availability (daily teaspoons)",1970,Caloric sweeteners-Edible syrups-Teaspoons (daily),0.147183591
"Caloric sweeteners, per capita availability (daily teaspoons)",1971,Caloric sweeteners-Edible syrups-Teaspoons (daily),0.148184108
"Caloric sweeteners, per capita availability (daily teaspoons)",1972,Caloric sweeteners-Edible syrups-Teaspoons (daily),0.146606224
"Caloric sweeteners, per capita availability (daily teaspoons)",1973,Caloric sweeteners-Edible syrups-Teaspoons (daily),0.148006127
"Caloric sweeteners, per capita availability (daily teaspoons)",1974,Caloric sweeteners-Edible syrups-Teaspoons (daily),0.118988312
"Caloric sweeteners, per capita availability (daily teaspoons)",1975,Caloric sweeteners-Edible syrups-Teaspoons (daily),0.117820869
"Caloric sweeteners, per capita availability (daily teaspoons)",1976,Caloric sweeteners-Edible syrups-Teaspoons (daily),0.119420721
"Caloric sweeteners, per capita availability (daily teaspoons)",1977,Caloric sweeteners-Edible syrups-Teaspoons (daily),0.118225641
"Caloric sweeteners, per capita availability (daily teaspoons)",1978,Caloric sweeteners-Edible syrups-Teaspoons (daily),0.119638194
"Caloric sweeteners, per capita availability (daily teaspoons)",1979,Caloric sweeteners-Edible syrups-Teaspoons (daily),0.115695705
"Caloric sweeteners, per capita availability (daily teaspoons)",1980,Caloric sweeteners-Edible syrups-Teaspoons (daily),0.129930352
"Caloric sweeteners, per capita availability (daily teaspoons)",1981,Caloric sweeteners-Edible syrups-Teaspoons (daily),0.118371575
"Caloric sweeteners, per capita availability (daily teaspoons)",1982,Caloric sweeteners-Edible syrups-Teaspoons (daily),0.117238779
"Caloric sweeteners, per capita availability (daily teaspoons)",1983,Caloric sweeteners-Edible syrups-Teaspoons (daily),0.119209252
"Caloric sweeteners, per capita availability (daily teaspoons)",1984,Caloric sweeteners-Edible syrups-Teaspoons (daily),0.11767905
"Caloric sweeteners, per capita availability (daily teaspoons)",1985,Caloric sweeteners-Edible syrups-Teaspoons (daily),0.119314097
"Caloric sweeteners, per capita availability (daily teaspoons)",1986,Caloric sweeteners-Edible syrups-Teaspoons (daily),0.122709903
"Caloric sweeteners, per capita availability (daily teaspoons)",1987,Caloric sweeteners-Edible syrups-Teaspoons (daily),0.132788087
"Caloric sweeteners, per capita availability (daily teaspoons)",1988,Caloric sweeteners-Edible syrups-Teaspoons (daily),0.129282272
"Caloric sweeteners, per capita availability (daily teaspoons)",1989,Caloric sweeteners-Edible syrups-Teaspoons (daily),0.125391831
"Caloric sweeteners, per capita availability (daily teaspoons)",1990,Caloric sweeteners-Edible syrups-Teaspoons (daily),0.124382696
"Caloric sweeteners, per capita availability (daily teaspoons)",1991,Caloric sweeteners-Edible syrups-Teaspoons (daily),0.123830175
"Caloric sweeteners, per capita availability (daily teaspoons)",1992,Caloric sweeteners-Edible syrups-Teaspoons (daily),0.04600254
"Caloric sweeteners, per capita availability (daily teaspoons)",1993,Caloric sweeteners-Edible syrups-Teaspoons (daily),0.045267825
"Caloric sweeteners, per capita availability (daily teaspoons)",1994,Caloric sweeteners-Edible syrups-Teaspoons (daily),0.041051684
"Caloric sweeteners, per capita availability (daily teaspoons)",1995,Caloric sweeteners-Edible syrups-Teaspoons (daily),0.079362926
"Caloric sweeteners, per capita availability (daily teaspoons)",1996,Caloric sweeteners-Edible syrups-Teaspoons (daily),0.207230015
"Caloric sweeteners, per capita availability (daily teaspoons)",1997,Caloric sweeteners-Edible syrups-Teaspoons (daily),0.176622112
"Caloric sweeteners, per capita availability (daily teaspoons)",1998,Caloric sweeteners-Edible syrups-Teaspoons (daily),0.172876899
"Caloric sweeteners, per capita availability (daily teaspoons)",1999,Caloric sweeteners-Edible syrups-Teaspoons (daily),0.16426809
"Caloric sweeteners, per capita availability (daily teaspoons)",2000,Caloric sweeteners-Edible syrups-Teaspoons (daily),0.175159316
"Caloric sweeteners, per capita availability (daily teaspoons)",2001,Caloric sweeteners-Edible syrups-Teaspoons (daily),0.29516611
"Caloric sweeteners, per capita availability (daily teaspoons)",2002,Caloric sweeteners-Edible syrups-Teaspoons (daily),0.283867474
"Caloric sweeteners, per capita availability (daily teaspoons)",2003,Caloric sweeteners-Edible syrups-Teaspoons (daily),0.227606853
"Caloric sweeteners, per capita availability (daily teaspoons)",2004,Caloric sweeteners-Edible syrups-Teaspoons (daily),0.194136024
"Caloric sweeteners, per capita availability (daily teaspoons)",2005,Caloric sweeteners-Edible syrups-Teaspoons (daily),0.188211273
"Caloric sweeteners, per capita availability (daily teaspoons)",2006,Caloric sweeteners-Edible syrups-Teaspoons (daily),0.19461585
"Caloric sweeteners, per capita availability (daily teaspoons)",2007,Caloric sweeteners-Edible syrups-Teaspoons (daily),0.183513031
"Caloric sweeteners, per capita availability (daily teaspoons)",2008,Caloric sweeteners-Edible syrups-Teaspoons (daily),0.181013649
"Caloric sweeteners, per capita availability (daily teaspoons)",2009,Caloric sweeteners-Edible syrups-Teaspoons (daily),0.173906219
"Caloric sweeteners, per capita availability (daily teaspoons)",2010,Caloric sweeteners-Edible syrups-Teaspoons (daily),0.198368742
"Caloric sweeteners, per capita availability (daily teaspoons)",2011,Caloric sweeteners-Edible syrups-Teaspoons (daily),0.193736257
"Caloric sweeteners, per capita availability (daily teaspoons)",2012,Caloric sweeteners-Edible syrups-Teaspoons (daily),0.195510633
"Caloric sweeteners, per capita availability (daily teaspoons)",2013,Caloric sweeteners-Edible syrups-Teaspoons (daily),0.207353498
"Caloric sweeteners, per capita availability (daily teaspoons)",2014,Caloric sweeteners-Edible syrups-Teaspoons (daily),0.236713311
"Caloric sweeteners, per capita availability (daily teaspoons)",2015,Caloric sweeteners-Edible syrups-Teaspoons (daily),0.252351672
"Caloric sweeteners, per capita availability (daily teaspoons)",2016,Caloric sweeteners-Edible syrups-Teaspoons (daily),0.192823359
"Caloric sweeteners, per capita availability (daily teaspoons)",2017,Caloric sweeteners-Edible syrups-Teaspoons (daily),0.199196429
"Caloric sweeteners, per capita availability (daily teaspoons)",2018,Caloric sweeteners-Edible syrups-Teaspoons (daily),0.213026822
"Caloric sweeteners, per capita availability (daily teaspoons)",2019,Caloric sweeteners-Edible syrups-Teaspoons (daily),0.23093776
"Caloric sweeteners, per capita availability (daily teaspoons)",2020,Caloric sweeteners-Edible syrups-Teaspoons (daily),0.223815236
"Caloric sweeteners, per capita availability (daily teaspoons)",2021,Caloric sweeteners-Edible syrups-Teaspoons (daily),0.241665719
"Caloric sweeteners, per capita availability (daily teaspoons)",2022,Caloric sweeteners-Edible syrups-Teaspoons (daily),0.265975332
"Caloric sweeteners, per capita availability (daily teaspoons)",2023,Caloric sweeteners-Edible syrups-Teaspoons (daily),0.240683327
"Caloric sweeteners, per capita availability (daily teaspoons)",1966,Caloric sweeteners-Honey-Teaspoons (daily),0.295042215
"Caloric sweeteners, per capita availability (daily teaspoons)",1967,Caloric sweeteners-Honey-Teaspoons (daily),0.265044709
"Caloric sweeteners, per capita availability (daily teaspoons)",1968,Caloric sweeteners-Honey-Teaspoons (daily),0.265359953
"Caloric sweeteners, per capita availability (daily teaspoons)",1969,Caloric sweeteners-Honey-Teaspoons (daily),0.29489685
"Caloric sweeteners, per capita availability (daily teaspoons)",1970,Caloric sweeteners-Honey-Teaspoons (daily),0.297253134
"Caloric sweeteners, per capita availability (daily teaspoons)",1971,Caloric sweeteners-Honey-Teaspoons (daily),0.265021577
"Caloric sweeteners, per capita availability (daily teaspoons)",1972,Caloric sweeteners-Honey-Teaspoons (daily),0.296031799
"Caloric sweeteners, per capita availability (daily teaspoons)",1973,Caloric sweeteners-Honey-Teaspoons (daily),0.265294001
"Caloric sweeteners, per capita availability (daily teaspoons)",1974,Caloric sweeteners-Honey-Teaspoons (daily),0.207537754
"Caloric sweeteners, per capita availability (daily teaspoons)",1975,Caloric sweeteners-Honey-Teaspoons (daily),0.295922183
"Caloric sweeteners, per capita availability (daily teaspoons)",1976,Caloric sweeteners-Honey-Teaspoons (daily),0.27141073
"Caloric sweeteners, per capita availability (daily teaspoons)",1977,Caloric sweeteners-Honey-Teaspoons (daily),0.268694638
"Caloric sweeteners, per capita availability (daily teaspoons)",1978,Caloric sweeteners-Honey-Teaspoons (daily),0.319035183
"Caloric sweeteners, per capita availability (daily teaspoons)",1979,Caloric sweeteners-Honey-Teaspoons (daily),0.307645398
"Caloric sweeteners, per capita availability (daily teaspoons)",1980,Caloric sweeteners-Honey-Teaspoons (daily),0.243939038
"Caloric sweeteners, per capita availability (daily teaspoons)",1981,Caloric sweeteners-Honey-Teaspoons (daily),0.247756854
"Caloric sweeteners, per capita availability (daily teaspoons)",1982,Caloric sweeteners-Honey-Teaspoons (daily),0.265270579
"Caloric sweeteners, per capita availability (daily teaspoons)",1983,Caloric sweeteners-Honey-Teaspoons (daily),0.292324069
"Caloric sweeteners, per capita availability (daily teaspoons)",1984,Caloric sweeteners-Honey-Teaspoons (daily),0.270472777
"Caloric sweeteners, per capita availability (daily teaspoons)",1985,Caloric sweeteners-Honey-Teaspoons (daily),0.259213772
"Caloric sweeteners, per capita availability (daily teaspoons)",1986,Caloric sweeteners-Honey-Teaspoons (daily),0.297374141
"Caloric sweeteners, per capita availability (daily teaspoons)",1987,Caloric sweeteners-Honey-Teaspoons (daily),0.261345918
"Caloric sweeteners, per capita availability (daily teaspoons)",1988,Caloric sweeteners-Honey-Teaspoons (daily),0.250609412
"Caloric sweeteners, per capita availability (daily teaspoons)",1989,Caloric sweeteners-Honey-Teaspoons (daily),0.230889829
"Caloric sweeteners, per capita availability (daily teaspoons)",1990,Caloric sweeteners-Honey-Teaspoons (daily),0.244859359
"Caloric sweeteners, per capita availability (daily teaspoons)",1991,Caloric sweeteners-Honey-Teaspoons (daily),0.271569274
"Caloric sweeteners, per capita availability (daily teaspoons)",1992,Caloric sweeteners-Honey-Teaspoons (daily),0.290394311
"Caloric sweeteners, per capita availability (daily teaspoons)",1993,Caloric sweeteners-Honey-Teaspoons (daily),0.306550447
"Caloric sweeteners, per capita availability (daily teaspoons)",1994,Caloric sweeteners-Honey-Teaspoons (daily),0.28230906
"Caloric sweeteners, per capita availability (daily teaspoons)",1995,Caloric sweeteners-Honey-Teaspoons (daily),0.266585309
"Caloric sweeteners, per capita availability (daily teaspoons)",1996,Caloric sweeteners-Honey-Teaspoons (daily),0.286985275
"Caloric sweeteners, per capita availability (daily teaspoons)",1997,Caloric sweeteners-Honey-Teaspoons (daily),0.280412489
"Caloric sweeteners, per capita availability (daily teaspoons)",1998,Caloric sweeteners-Honey-Teaspoons (daily),0.277623061
"Caloric sweeteners, per capita availability (daily teaspoons)",1999,Caloric sweeteners-Honey-Teaspoons (daily),0.311401317
"Caloric sweeteners, per capita availability (daily teaspoons)",2000,Caloric sweeteners-Honey-Teaspoons (daily),0.328811103
"Caloric sweeteners, per capita availability (daily teaspoons)",2001,Caloric sweeteners-Honey-Teaspoons (daily),0.278164697
"Caloric sweeteners, per capita availability (daily teaspoons)",2002,Caloric sweeteners-Honey-Teaspoons (daily),0.31478786
"Caloric sweeteners, per capita availability (daily teaspoons)",2003,Caloric sweeteners-Honey-Teaspoons (daily),0.296704093
"Caloric sweeteners, per capita availability (daily teaspoons)",2004,Caloric sweeteners-Honey-Teaspoons (daily),0.262533633
"Caloric sweeteners, per capita availability (daily teaspoons)",2005,Caloric sweeteners-Honey-Teaspoons (daily),0.310669596
"Caloric sweeteners, per capita availability (daily teaspoons)",2006,Caloric sweeteners-Honey-Teaspoons (daily),0.330003019
"Caloric sweeteners, per capita availability (daily teaspoons)",2007,Caloric sweeteners-Honey-Teaspoons (daily),0.291028103
"Caloric sweeteners, per capita availability (daily teaspoons)",2008,Caloric sweeteners-Honey-Teaspoons (daily),0.292758056
"Caloric sweeteners, per capita availability (daily teaspoons)",2009,Caloric sweeteners-Honey-Teaspoons (daily),0.270912729
"Caloric sweeteners, per capita availability (daily teaspoons)",2010,Caloric sweeteners-Honey-Teaspoons (daily),0.305933023
"Caloric sweeteners, per capita availability (daily teaspoons)",2011,Caloric sweeteners-Honey-Teaspoons (daily),0.320330852
"Caloric sweeteners, per capita availability (daily teaspoons)",2012,Caloric sweeteners-Honey-Teaspoons (daily),0.32751013
"Caloric sweeteners, per capita availability (daily teaspoons)",2013,Caloric sweeteners-Honey-Teaspoons (daily),0.342056933
"Caloric sweeteners, per capita availability (daily teaspoons)",2014,Caloric sweeteners-Honey-Teaspoons (daily),0.383821105
"Caloric sweeteners, per capita availability (daily teaspoons)",2015,Caloric sweeteners-Honey-Teaspoons (daily),0.381779732
"Caloric sweeteners, per capita availability (daily teaspoons)",2016,Caloric sweeteners-Honey-Teaspoons (daily),0.370617514
"Caloric sweeteners, per capita availability (daily teaspoons)",2017,Caloric sweeteners-Honey-Teaspoons (daily),0.422997389
"Caloric sweeteners, per capita availability (daily teaspoons)",2018,Caloric sweeteners-Honey-Teaspoons (daily),0.39377092
"Caloric sweeteners, per capita availability (daily teaspoons)",2019,Caloric sweeteners-Honey-Teaspoons (daily),0.372619631
"Caloric sweeteners, per capita availability (daily teaspoons)",2020,Caloric sweeteners-Honey-Teaspoons (daily),0.398792454
"Caloric sweeteners, per capita availability (daily teaspoons)",2021,Caloric sweeteners-Honey-Teaspoons (daily),0.429497047
"Caloric sweeteners, per capita availability (daily teaspoons)",2022,Caloric sweeteners-Honey-Teaspoons (daily),0.391826034
"Caloric sweeteners, per capita availability (daily teaspoons)",2023,Caloric sweeteners-Honey-Teaspoons (daily),0.378571761
"Caloric sweeteners, per capita availability (daily teaspoons)",1966,Caloric sweeteners-Total caloric sweeteners-Teaspoons (daily),33.4151447
"Caloric sweeteners, per capita availability (daily teaspoons)",1967,Caloric sweeteners-Total caloric sweeteners-Teaspoons (daily),33.7781761
"Caloric sweeteners, per capita availability (daily teaspoons)",1968,Caloric sweeteners-Total caloric sweeteners-Teaspoons (daily),34.22546049
"Caloric sweeteners, per capita availability (daily teaspoons)",1969,Caloric sweeteners-Total caloric sweeteners-Teaspoons (daily),34.88689247
"Caloric sweeteners, per capita availability (daily teaspoons)",1970,Caloric sweeteners-Total caloric sweeteners-Teaspoons (daily),35.2546149
"Caloric sweeteners, per capita availability (daily teaspoons)",1971,Caloric sweeteners-Total caloric sweeteners-Teaspoons (daily),35.55938445
"Caloric sweeteners, per capita availability (daily teaspoons)",1972,Caloric sweeteners-Total caloric sweeteners-Teaspoons (daily),35.9622553
"Caloric sweeteners, per capita availability (daily teaspoons)",1973,Caloric sweeteners-Total caloric sweeteners-Teaspoons (daily),36.08473804
"Caloric sweeteners, per capita availability (daily teaspoons)",1974,Caloric sweeteners-Total caloric sweeteners-Teaspoons (daily),34.89179782
"Caloric sweeteners, per capita availability (daily teaspoons)",1975,Caloric sweeteners-Total caloric sweeteners-Teaspoons (daily),33.68472378
"Caloric sweeteners, per capita availability (daily teaspoons)",1976,Caloric sweeteners-Total caloric sweeteners-Teaspoons (daily),35.47968244
"Caloric sweeteners, per capita availability (daily teaspoons)",1977,Caloric sweeteners-Total caloric sweeteners-Teaspoons (daily),36.32613627
"Caloric sweeteners, per capita availability (daily teaspoons)",1978,Caloric sweeteners-Total caloric sweeteners-Teaspoons (daily),35.89446839
"Caloric sweeteners, per capita availability (daily teaspoons)",1979,Caloric sweeteners-Total caloric sweeteners-Teaspoons (daily),36.26298502
"Caloric sweeteners, per capita availability (daily teaspoons)",1980,Caloric sweeteners-Total caloric sweeteners-Teaspoons (daily),35.57464495
"Caloric sweeteners, per capita availability (daily teaspoons)",1981,Caloric sweeteners-Total caloric sweeteners-Teaspoons (daily),35.44282468
"Caloric sweeteners, per capita availability (daily teaspoons)",1982,Caloric sweeteners-Total caloric sweeteners-Teaspoons (daily),34.82845394
"Caloric sweeteners, per capita availability (daily teaspoons)",1983,Caloric sweeteners-Total caloric sweeteners-Teaspoons (daily),35.2966832
"Caloric sweeteners, per capita availability (daily teaspoons)",1984,Caloric sweeteners-Total caloric sweeteners-Teaspoons (daily),36.0320801
"Caloric sweeteners, per capita availability (daily teaspoons)",1985,Caloric sweeteners-Total caloric sweeteners-Teaspoons (daily),37.33057459
"Caloric sweeteners, per capita availability (daily teaspoons)",1986,Caloric sweeteners-Total caloric sweeteners-Teaspoons (daily),36.78026685
"Caloric sweeteners, per capita availability (daily teaspoons)",1987,Caloric sweeteners-Total caloric sweeteners-Teaspoons (daily),38.13485597
"Caloric sweeteners, per capita availability (daily teaspoons)",1988,Caloric sweeteners-Total caloric sweeteners-Teaspoons (daily),38.54101134
"Caloric sweeteners, per capita availability (daily teaspoons)",1989,Caloric sweeteners-Total caloric sweeteners-Teaspoons (daily),38.02869505
"Caloric sweeteners, per capita availability (daily teaspoons)",1990,Caloric sweeteners-Total caloric sweeteners-Teaspoons (daily),39.19130653
"Caloric sweeteners, per capita availability (daily teaspoons)",1991,Caloric sweeteners-Total caloric sweeteners-Teaspoons (daily),39.31769224
"Caloric sweeteners, per capita availability (daily teaspoons)",1992,Caloric sweeteners-Total caloric sweeteners-Teaspoons (daily),40.02194913
"Caloric sweeteners, per capita availability (daily teaspoons)",1993,Caloric sweeteners-Total caloric sweeteners-Teaspoons (daily),40.86676182
"Caloric sweeteners, per capita availability (daily teaspoons)",1994,Caloric sweeteners-Total caloric sweeteners-Teaspoons (daily),41.84879608
"Caloric sweeteners, per capita availability (daily teaspoons)",1995,Caloric sweeteners-Total caloric sweeteners-Teaspoons (daily),42.81467291
"Caloric sweeteners, per capita availability (daily teaspoons)",1996,Caloric sweeteners-Total caloric sweeteners-Teaspoons (daily),43.43615168
"Caloric sweeteners, per capita availability (daily teaspoons)",1997,Caloric sweeteners-Total caloric sweeteners-Teaspoons (daily),44.43854053
"Caloric sweeteners, per capita availability (daily teaspoons)",1998,Caloric sweeteners-Total caloric sweeteners-Teaspoons (daily),44.83424632
"Caloric sweeteners, per capita availability (daily teaspoons)",1999,Caloric sweeteners-Total caloric sweeteners-Teaspoons (daily),45.44534781
"Caloric sweeteners, per capita availability (daily teaspoons)",2000,Caloric sweeteners-Total caloric sweeteners-Teaspoons (daily),44.61459872
"Caloric sweeteners, per capita availability (daily teaspoons)",2001,Caloric sweeteners-Total caloric sweeteners-Teaspoons (daily),44.06546892
"Caloric sweeteners, per capita availability (daily teaspoons)",2002,Caloric sweeteners-Total caloric sweeteners-Teaspoons (daily),43.83138282
"Caloric sweeteners, per capita availability (daily teaspoons)",2003,Caloric sweeteners-Total caloric sweeteners-Teaspoons (daily),42.41159231
"Caloric sweeteners, per capita availability (daily teaspoons)",2004,Caloric sweeteners-Total caloric sweeteners-Teaspoons (daily),42.45287352
"Caloric sweeteners, per capita availability (daily teaspoons)",2005,Caloric sweeteners-Total caloric sweeteners-Teaspoons (daily),42.60774423
"Caloric sweeteners, per capita availability (daily teaspoons)",2006,Caloric sweeteners-Total caloric sweeteners-Teaspoons (daily),41.67452083
"Caloric sweeteners, per capita availability (daily teaspoons)",2007,Caloric sweeteners-Total caloric sweeteners-Teaspoons (daily),40.57887835
"Caloric sweeteners, per capita availability (daily teaspoons)",2008,Caloric sweeteners-Total caloric sweeteners-Teaspoons (daily),40.60870691
"Caloric sweeteners, per capita availability (daily teaspoons)",2009,Caloric sweeteners-Total caloric sweeteners-Teaspoons (daily),39.15295466
"Caloric sweeteners, per capita availability (daily teaspoons)",2010,Caloric sweeteners-Total caloric sweeteners-Teaspoons (daily),39.58081111
"Caloric sweeteners, per capita availability (daily teaspoons)",2011,Caloric sweeteners-Total caloric sweeteners-Teaspoons (daily),38.86827783
"Caloric sweeteners, per capita availability (daily teaspoons)",2012,Caloric sweeteners-Total caloric sweeteners-Teaspoons (daily),38.87337691
"Caloric sweeteners, per capita availability (daily teaspoons)",2013,Caloric sweeteners-Total caloric sweeteners-Teaspoons (daily),38.57859968
"Caloric sweeteners, per capita availability (daily teaspoons)",2014,Caloric sweeteners-Total caloric sweeteners-Teaspoons (daily),39.00862819
"Caloric sweeteners, per capita availability (daily teaspoons)",2015,Caloric sweeteners-Total caloric sweeteners-Teaspoons (daily),38.86208184
"Caloric sweeteners, per capita availability (daily teaspoons)",2016,Caloric sweeteners-Total caloric sweeteners-Teaspoons (daily),38.56806741
"Caloric sweeteners, per capita availability (daily teaspoons)",2017,Caloric sweeteners-Total caloric sweeteners-Teaspoons (daily),38.3971617
"Caloric sweeteners, per capita availability (daily teaspoons)",2018,Caloric sweeteners-Total caloric sweeteners-Teaspoons (daily),37.81709981
"Caloric sweeteners, per capita availability (daily teaspoons)",2019,Caloric sweeteners-Total caloric sweeteners-Teaspoons (daily),37.42186411
"Caloric sweeteners, per capita availability (daily teaspoons)",2020,Caloric sweeteners-Total caloric sweeteners-Teaspoons (daily),37.49780806
"Caloric sweeteners, per capita availability (daily teaspoons)",2021,Caloric sweeteners-Total caloric sweeteners-Teaspoons (daily),37.65117339
"Caloric sweeteners, per capita availability (daily teaspoons)",2022,Caloric sweeteners-Total caloric sweeteners-Teaspoons (daily),37.44977489
"Caloric sweeteners, per capita availability (daily teaspoons)",2023,Caloric sweeteners-Total caloric sweeteners-Teaspoons (daily),36.54945354
"Caloric sweeteners, availability (million pounds)",1966,"U.S. population, July 1-Millions",196.56
"Caloric sweeteners, availability (million pounds)",1967,"U.S. population, July 1-Millions",198.712
"Caloric sweeteners, availability (million pounds)",1968,"U.S. population, July 1-Millions",200.706
"Caloric sweeteners, availability (million pounds)",1969,"U.S. population, July 1-Millions",202.677
"Caloric sweeteners, availability (million pounds)",1970,"U.S. population, July 1-Millions",205.052
"Caloric sweeteners, availability (million pounds)",1971,"U.S. population, July 1-Millions",207.661
"Caloric sweeteners, availability (million pounds)",1972,"U.S. population, July 1-Millions",209.896
"Caloric sweeteners, availability (million pounds)",1973,"U.S. population, July 1-Millions",211.909
"Caloric sweeteners, availability (million pounds)",1974,"U.S. population, July 1-Millions",213.854
"Caloric sweeteners, availability (million pounds)",1975,"U.S. population, July 1-Millions",215.973
"Caloric sweeteners, availability (million pounds)",1976,"U.S. population, July 1-Millions",218.035
"Caloric sweeteners, availability (million pounds)",1977,"U.S. population, July 1-Millions",220.239
"Caloric sweeteners, availability (million pounds)",1978,"U.S. population, July 1-Millions",222.585
"Caloric sweeteners, availability (million pounds)",1979,"U.S. population, July 1-Millions",225.055
"Caloric sweeteners, availability (million pounds)",1980,"U.S. population, July 1-Millions",227.726
"Caloric sweeteners, availability (million pounds)",1981,"U.S. population, July 1-Millions",229.966
"Caloric sweeteners, availability (million pounds)",1982,"U.S. population, July 1-Millions",232.188
"Caloric sweeteners, availability (million pounds)",1983,"U.S. population, July 1-Millions",234.307
"Caloric sweeteners, availability (million pounds)",1984,"U.S. population, July 1-Millions",236.348
"Caloric sweeteners, availability (million pounds)",1985,"U.S. population, July 1-Millions",238.466
"Caloric sweeteners, availability (million pounds)",1986,"U.S. population, July 1-Millions",240.651
"Caloric sweeteners, availability (million pounds)",1987,"U.S. population, July 1-Millions",242.804
"Caloric sweeteners, availability (million pounds)",1988,"U.S. population, July 1-Millions",245.021
"Caloric sweeteners, availability (million pounds)",1989,"U.S. population, July 1-Millions",247.342
"Caloric sweeteners, availability (million pounds)",1990,"U.S. population, July 1-Millions",250.132
"Caloric sweeteners, availability (million pounds)",1991,"U.S. population, July 1-Millions",253.493
"Caloric sweeteners, availability (million pounds)",1992,"U.S. population, July 1-Millions",256.894
"Caloric sweeteners, availability (million pounds)",1993,"U.S. population, July 1-Millions",260.255
"Caloric sweeteners, availability (million pounds)",1994,"U.S. population, July 1-Millions",263.436
"Caloric sweeteners, availability (million pounds)",1995,"U.S. population, July 1-Millions",266.557
"Caloric sweeteners, availability (million pounds)",1996,"U.S. population, July 1-Millions",269.667
"Caloric sweeteners, availability (million pounds)",1997,"U.S. population, July 1-Millions",272.912
"Caloric sweeteners, availability (million pounds)",1998,"U.S. population, July 1-Millions",276.115
"Caloric sweeteners, availability (million pounds)",1999,"U.S. population, July 1-Millions",279.295
"Caloric sweeteners, availability (million pounds)",2000,"U.S. population, July 1-Millions",282.385
"Caloric sweeteners, availability (million pounds)",2001,"U.S. population, July 1-Millions",285.309019
"Caloric sweeteners, availability (million pounds)",2002,"U.S. population, July 1-Millions",288.104818
"Caloric sweeteners, availability (million pounds)",2003,"U.S. population, July 1-Millions",290.819634
"Caloric sweeteners, availability (million pounds)",2004,"U.S. population, July 1-Millions",293.463185
"Caloric sweeteners, availability (million pounds)",2005,"U.S. population, July 1-Millions",296.186216
"Caloric sweeteners, availability (million pounds)",2006,"U.S. population, July 1-Millions",298.995825
"Caloric sweeteners, availability (million pounds)",2007,"U.S. population, July 1-Millions",302.003917
"Caloric sweeteners, availability (million pounds)",2008,"U.S. population, July 1-Millions",304.797761
"Caloric sweeteners, availability (million pounds)",2009,"U.S. population, July 1-Millions",307.439406
"Caloric sweeteners, availability (million pounds)",2010,"U.S. population, July 1-Millions",309.741279
"Caloric sweeteners, availability (million pounds)",2011,"U.S. population, July 1-Millions",311.973914
"Caloric sweeteners, availability (million pounds)",2012,"U.S. population, July 1-Millions",314.167558
"Caloric sweeteners, availability (million pounds)",2013,"U.S. population, July 1-Millions",316.294766
"Caloric sweeteners, availability (million pounds)",2014,"U.S. population, July 1-Millions",318.576955
"Caloric sweeteners, availability (million pounds)",2015,"U.S. population, July 1-Millions",320.870703
"Caloric sweeteners, availability (million pounds)",2016,"U.S. population, July 1-Millions",323.161011
"Caloric sweeteners, availability (million pounds)",2017,"U.S. population, July 1-Millions",325.20603
"Caloric sweeteners, availability (million pounds)",2018,"U.S. population, July 1-Millions",326.923976
"Caloric sweeteners, availability (million pounds)",2019,"U.S. population, July 1-Millions",328.475998
"Caloric sweeteners, availability (million pounds)",2020,"U.S. population, July 1-Millions",330.11398
"Caloric sweeteners, availability (million pounds)",2021,"U.S. population, July 1-Millions",332.298819
"Caloric sweeteners, availability (million pounds)",2022,"U.S. population, July 1-Millions",333.521104
"Caloric sweeteners, availability (million pounds)",2023,"U.S. population, July 1-Millions",335.160938
"Caloric sweeteners, availability (million pounds)",1966,"Caloric sweeteners-Cane and beet sugar deliveries-Raw-Million pounds, dry weight",20470
"Caloric sweeteners, availability (million pounds)",1967,"Caloric sweeteners-Cane and beet sugar deliveries-Raw-Million pounds, dry weight",20948
"Caloric sweeteners, availability (million pounds)",1968,"Caloric sweeteners-Cane and beet sugar deliveries-Raw-Million pounds, dry weight",21312
"Caloric sweeteners, availability (million pounds)",1969,"Caloric sweeteners-Cane and beet sugar deliveries-Raw-Million pounds, dry weight",21900
"Caloric sweeteners, availability (million pounds)",1970,"Caloric sweeteners-Cane and beet sugar deliveries-Raw-Million pounds, dry weight",22326
"Caloric sweeteners, availability (million pounds)",1971,"Caloric sweeteners-Cane and beet sugar deliveries-Raw-Million pounds, dry weight",22690
"Caloric sweeteners, availability (million pounds)",1972,"Caloric sweeteners-Cane and beet sugar deliveries-Raw-Million pounds, dry weight",22974
"Caloric sweeteners, availability (million pounds)",1973,"Caloric sweeteners-Cane and beet sugar deliveries-Raw-Million pounds, dry weight",22858
"Caloric sweeteners, availability (million pounds)",1974,"Caloric sweeteners-Cane and beet sugar deliveries-Raw-Million pounds, dry weight",21890
"Caloric sweeteners, availability (million pounds)",1975,"Caloric sweeteners-Cane and beet sugar deliveries-Raw-Million pounds, dry weight",20604
"Caloric sweeteners, availability (million pounds)",1976,"Caloric sweeteners-Cane and beet sugar deliveries-Raw-Million pounds, dry weight",21786
"Caloric sweeteners, availability (million pounds)",1977,"Caloric sweeteners-Cane and beet sugar deliveries-Raw-Million pounds, dry weight",22198
"Caloric sweeteners, availability (million pounds)",1978,"Caloric sweeteners-Cane and beet sugar deliveries-Raw-Million pounds, dry weight",21778
"Caloric sweeteners, availability (million pounds)",1979,"Caloric sweeteners-Cane and beet sugar deliveries-Raw-Million pounds, dry weight",21512
"Caloric sweeteners, availability (million pounds)",1980,"Caloric sweeteners-Cane and beet sugar deliveries-Raw-Million pounds, dry weight",20378
"Caloric sweeteners, availability (million pounds)",1981,"Caloric sweeteners-Cane and beet sugar deliveries-Raw-Million pounds, dry weight",19538
"Caloric sweeteners, availability (million pounds)",1982,"Caloric sweeteners-Cane and beet sugar deliveries-Raw-Million pounds, dry weight",18306
"Caloric sweeteners, availability (million pounds)",1983,"Caloric sweeteners-Cane and beet sugar deliveries-Raw-Million pounds, dry weight",17624
"Caloric sweeteners, availability (million pounds)",1984,"Caloric sweeteners-Cane and beet sugar deliveries-Raw-Million pounds, dry weight",16856
"Caloric sweeteners, availability (million pounds)",1985,"Caloric sweeteners-Cane and beet sugar deliveries-Raw-Million pounds, dry weight",16006
"Caloric sweeteners, availability (million pounds)",1986,"Caloric sweeteners-Cane and beet sugar deliveries-Raw-Million pounds, dry weight",15462
"Caloric sweeteners, availability (million pounds)",1987,"Caloric sweeteners-Cane and beet sugar deliveries-Raw-Million pounds, dry weight",16206
"Caloric sweeteners, availability (million pounds)",1988,"Caloric sweeteners-Cane and beet sugar deliveries-Raw-Million pounds, dry weight",16272
"Caloric sweeteners, availability (million pounds)",1989,"Caloric sweeteners-Cane and beet sugar deliveries-Raw-Million pounds, dry weight",16608
"Caloric sweeteners, availability (million pounds)",1990,"Caloric sweeteners-Cane and beet sugar deliveries-Raw-Million pounds, dry weight",17230
"Caloric sweeteners, availability (million pounds)",1991,"Caloric sweeteners-Cane and beet sugar deliveries-Raw-Million pounds, dry weight",17244
"Caloric sweeteners, availability (million pounds)",1992,"Caloric sweeteners-Cane and beet sugar deliveries-Raw-Million pounds, dry weight",17652
"Caloric sweeteners, availability (million pounds)",1993,"Caloric sweeteners-Cane and beet sugar deliveries-Raw-Million pounds, dry weight",17772
"Caloric sweeteners, availability (million pounds)",1994,"Caloric sweeteners-Cane and beet sugar deliveries-Raw-Million pounds, dry weight",18143.5585
"Caloric sweeteners, availability (million pounds)",1995,"Caloric sweeteners-Cane and beet sugar deliveries-Raw-Million pounds, dry weight",18516.23538
"Caloric sweeteners, availability (million pounds)",1996,"Caloric sweeteners-Cane and beet sugar deliveries-Raw-Million pounds, dry weight",18761.83894
"Caloric sweeteners, availability (million pounds)",1997,"Caloric sweeteners-Cane and beet sugar deliveries-Raw-Million pounds, dry weight",18945.5771
"Caloric sweeteners, availability (million pounds)",1998,"Caloric sweeteners-Cane and beet sugar deliveries-Raw-Million pounds, dry weight",19183.16921
"Caloric sweeteners, availability (million pounds)",1999,"Caloric sweeteners-Cane and beet sugar deliveries-Raw-Million pounds, dry weight",19810.43241
"Caloric sweeteners, availability (million pounds)",2000,"Caloric sweeteners-Cane and beet sugar deliveries-Raw-Million pounds, dry weight",19798.66191
"Caloric sweeteners, availability (million pounds)",2001,"Caloric sweeteners-Cane and beet sugar deliveries-Raw-Million pounds, dry weight",19677.57505
"Caloric sweeteners, availability (million pounds)",2002,"Caloric sweeteners-Cane and beet sugar deliveries-Raw-Million pounds, dry weight",19484.23232
"Caloric sweeteners, availability (million pounds)",2003,"Caloric sweeteners-Cane and beet sugar deliveries-Raw-Million pounds, dry weight",18935.01566
"Caloric sweeteners, availability (million pounds)",2004,"Caloric sweeteners-Cane and beet sugar deliveries-Raw-Million pounds, dry weight",19321.63233
"Caloric sweeteners, availability (million pounds)",2005,"Caloric sweeteners-Cane and beet sugar deliveries-Raw-Million pounds, dry weight",19953.04214
"Caloric sweeteners, availability (million pounds)",2006,"Caloric sweeteners-Cane and beet sugar deliveries-Raw-Million pounds, dry weight",19872.01869
"Caloric sweeteners, availability (million pounds)",2007,"Caloric sweeteners-Cane and beet sugar deliveries-Raw-Million pounds, dry weight",19751.82969
"Caloric sweeteners, availability (million pounds)",2008,"Caloric sweeteners-Cane and beet sugar deliveries-Raw-Million pounds, dry weight",21210.02758
"Caloric sweeteners, availability (million pounds)",2009,"Caloric sweeteners-Cane and beet sugar deliveries-Raw-Million pounds, dry weight",20843.84056
"Caloric sweeteners, availability (million pounds)",2010,"Caloric sweeteners-Cane and beet sugar deliveries-Raw-Million pounds, dry weight",21845.77307
"Caloric sweeteners, availability (million pounds)",2011,"Caloric sweeteners-Cane and beet sugar deliveries-Raw-Million pounds, dry weight",21991.06861
"Caloric sweeteners, availability (million pounds)",2012,"Caloric sweeteners-Cane and beet sugar deliveries-Raw-Million pounds, dry weight",22397.49552
"Caloric sweeteners, availability (million pounds)",2013,"Caloric sweeteners-Cane and beet sugar deliveries-Raw-Million pounds, dry weight",23010.161
"Caloric sweeteners, availability (million pounds)",2014,"Caloric sweeteners-Cane and beet sugar deliveries-Raw-Million pounds, dry weight",23326.02882
"Caloric sweeteners, availability (million pounds)",2015,"Caloric sweeteners-Cane and beet sugar deliveries-Raw-Million pounds, dry weight",23697.64923
"Caloric sweeteners, availability (million pounds)",2016,"Caloric sweeteners-Cane and beet sugar deliveries-Raw-Million pounds, dry weight",24066.95717
"Caloric sweeteners, availability (million pounds)",2017,"Caloric sweeteners-Cane and beet sugar deliveries-Raw-Million pounds, dry weight",24036.09057
"Caloric sweeteners, availability (million pounds)",2018,"Caloric sweeteners-Cane and beet sugar deliveries-Raw-Million pounds, dry weight",23947.43615
"Caloric sweeteners, availability (million pounds)",2019,"Caloric sweeteners-Cane and beet sugar deliveries-Raw-Million pounds, dry weight",23972.36829
"Caloric sweeteners, availability (million pounds)",2020,"Caloric sweeteners-Cane and beet sugar deliveries-Raw-Million pounds, dry weight",24208.58831
"Caloric sweeteners, availability (million pounds)",2021,"Caloric sweeteners-Cane and beet sugar deliveries-Raw-Million pounds, dry weight",24708.44117
"Caloric sweeteners, availability (million pounds)",2022,"Caloric sweeteners-Cane and beet sugar deliveries-Raw-Million pounds, dry weight",24697.59698
"Caloric sweeteners, availability (million pounds)",2023,"Caloric sweeteners-Cane and beet sugar deliveries-Raw-Million pounds, dry weight",24531.4156
"Caloric sweeteners, availability (million pounds)",1966,"Caloric sweeteners-Cane and beet sugar deliveries-Refined-Million pounds, dry weight",19130.84112
"Caloric sweeteners, availability (million pounds)",1967,"Caloric sweeteners-Cane and beet sugar deliveries-Refined-Million pounds, dry weight",19577.57009
"Caloric sweeteners, availability (million pounds)",1968,"Caloric sweeteners-Cane and beet sugar deliveries-Refined-Million pounds, dry weight",19917.75701
"Caloric sweeteners, availability (million pounds)",1969,"Caloric sweeteners-Cane and beet sugar deliveries-Refined-Million pounds, dry weight",20467.28972
"Caloric sweeteners, availability (million pounds)",1970,"Caloric sweeteners-Cane and beet sugar deliveries-Refined-Million pounds, dry weight",20865.42056
"Caloric sweeteners, availability (million pounds)",1971,"Caloric sweeteners-Cane and beet sugar deliveries-Refined-Million pounds, dry weight",21205.60748
"Caloric sweeteners, availability (million pounds)",1972,"Caloric sweeteners-Cane and beet sugar deliveries-Refined-Million pounds, dry weight",21471.02804
"Caloric sweeteners, availability (million pounds)",1973,"Caloric sweeteners-Cane and beet sugar deliveries-Refined-Million pounds, dry weight",21362.61682
"Caloric sweeteners, availability (million pounds)",1974,"Caloric sweeteners-Cane and beet sugar deliveries-Refined-Million pounds, dry weight",20457.94393
"Caloric sweeteners, availability (million pounds)",1975,"Caloric sweeteners-Cane and beet sugar deliveries-Refined-Million pounds, dry weight",19256.07477
"Caloric sweeteners, availability (million pounds)",1976,"Caloric sweeteners-Cane and beet sugar deliveries-Refined-Million pounds, dry weight",20360.74766
"Caloric sweeteners, availability (million pounds)",1977,"Caloric sweeteners-Cane and beet sugar deliveries-Refined-Million pounds, dry weight",20745.79439
"Caloric sweeteners, availability (million pounds)",1978,"Caloric sweeteners-Cane and beet sugar deliveries-Refined-Million pounds, dry weight",20353.27103
"Caloric sweeteners, availability (million pounds)",1979,"Caloric sweeteners-Cane and beet sugar deliveries-Refined-Million pounds, dry weight",20104.6729
"Caloric sweeteners, availability (million pounds)",1980,"Caloric sweeteners-Cane and beet sugar deliveries-Refined-Million pounds, dry weight",19044.85981
"Caloric sweeteners, availability (million pounds)",1981,"Caloric sweeteners-Cane and beet sugar deliveries-Refined-Million pounds, dry weight",18259.81308
"Caloric sweeteners, availability (million pounds)",1982,"Caloric sweeteners-Cane and beet sugar deliveries-Refined-Million pounds, dry weight",17108.41121
"Caloric sweeteners, availability (million pounds)",1983,"Caloric sweeteners-Cane and beet sugar deliveries-Refined-Million pounds, dry weight",16471.02804
"Caloric sweeteners, availability (million pounds)",1984,"Caloric sweeteners-Cane and beet sugar deliveries-Refined-Million pounds, dry weight",15753.27103
"Caloric sweeteners, availability (million pounds)",1985,"Caloric sweeteners-Cane and beet sugar deliveries-Refined-Million pounds, dry weight",14958.8785
"Caloric sweeteners, availability (million pounds)",1986,"Caloric sweeteners-Cane and beet sugar deliveries-Refined-Million pounds, dry weight",14450.46729
"Caloric sweeteners, availability (million pounds)",1987,"Caloric sweeteners-Cane and beet sugar deliveries-Refined-Million pounds, dry weight",15145.79439
"Caloric sweeteners, availability (million pounds)",1988,"Caloric sweeteners-Cane and beet sugar deliveries-Refined-Million pounds, dry weight",15207.47664
"Caloric sweeteners, availability (million pounds)",1989,"Caloric sweeteners-Cane and beet sugar deliveries-Refined-Million pounds, dry weight",15521.49533
"Caloric sweeteners, availability (million pounds)",1990,"Caloric sweeteners-Cane and beet sugar deliveries-Refined-Million pounds, dry weight",16102.80374
"Caloric sweeteners, availability (million pounds)",1991,"Caloric sweeteners-Cane and beet sugar deliveries-Refined-Million pounds, dry weight",16115.88785
"Caloric sweeteners, availability (million pounds)",1992,"Caloric sweeteners-Cane and beet sugar deliveries-Refined-Million pounds, dry weight",16497.19626
"Caloric sweeteners, availability (million pounds)",1993,"Caloric sweeteners-Cane and beet sugar deliveries-Refined-Million pounds, dry weight",16609.34579
"Caloric sweeteners, availability (million pounds)",1994,"Caloric sweeteners-Cane and beet sugar deliveries-Refined-Million pounds, dry weight",16956.59673
"Caloric sweeteners, availability (million pounds)",1995,"Caloric sweeteners-Cane and beet sugar deliveries-Refined-Million pounds, dry weight",17304.89288
"Caloric sweeteners, availability (million pounds)",1996,"Caloric sweeteners-Cane and beet sugar deliveries-Refined-Million pounds, dry weight",17534.42891
"Caloric sweeteners, availability (million pounds)",1997,"Caloric sweeteners-Cane and beet sugar deliveries-Refined-Million pounds, dry weight",17706.14683
"Caloric sweeteners, availability (million pounds)",1998,"Caloric sweeteners-Cane and beet sugar deliveries-Refined-Million pounds, dry weight",17928.19553
"Caloric sweeteners, availability (million pounds)",1999,"Caloric sweeteners-Cane and beet sugar deliveries-Refined-Million pounds, dry weight",18514.42281
"Caloric sweeteners, availability (million pounds)",2000,"Caloric sweeteners-Cane and beet sugar deliveries-Refined-Million pounds, dry weight",18503.42235
"Caloric sweeteners, availability (million pounds)",2001,"Caloric sweeteners-Cane and beet sugar deliveries-Refined-Million pounds, dry weight",18390.25706
"Caloric sweeteners, availability (million pounds)",2002,"Caloric sweeteners-Cane and beet sugar deliveries-Refined-Million pounds, dry weight",18209.56292
"Caloric sweeteners, availability (million pounds)",2003,"Caloric sweeteners-Cane and beet sugar deliveries-Refined-Million pounds, dry weight",17696.27632
"Caloric sweeteners, availability (million pounds)",2004,"Caloric sweeteners-Cane and beet sugar deliveries-Refined-Million pounds, dry weight",18057.60031
"Caloric sweeteners, availability (million pounds)",2005,"Caloric sweeteners-Cane and beet sugar deliveries-Refined-Million pounds, dry weight",18647.70293
"Caloric sweeteners, availability (million pounds)",2006,"Caloric sweeteners-Cane and beet sugar deliveries-Refined-Million pounds, dry weight",18571.98008
"Caloric sweeteners, availability (million pounds)",2007,"Caloric sweeteners-Cane and beet sugar deliveries-Refined-Million pounds, dry weight",18459.65392
"Caloric sweeteners, availability (million pounds)",2008,"Caloric sweeteners-Cane and beet sugar deliveries-Refined-Million pounds, dry weight",19822.45568
"Caloric sweeteners, availability (million pounds)",2009,"Caloric sweeteners-Cane and beet sugar deliveries-Refined-Million pounds, dry weight",19480.22483
"Caloric sweeteners, availability (million pounds)",2010,"Caloric sweeteners-Cane and beet sugar deliveries-Refined-Million pounds, dry weight",20416.61034
"Caloric sweeteners, availability (million pounds)",2011,"Caloric sweeteners-Cane and beet sugar deliveries-Refined-Million pounds, dry weight",20552.40057
"Caloric sweeteners, availability (million pounds)",2012,"Caloric sweeteners-Cane and beet sugar deliveries-Refined-Million pounds, dry weight",20932.2388
"Caloric sweeteners, availability (million pounds)",2013,"Caloric sweeteners-Cane and beet sugar deliveries-Refined-Million pounds, dry weight",21504.82336
"Caloric sweeteners, availability (million pounds)",2014,"Caloric sweeteners-Cane and beet sugar deliveries-Refined-Million pounds, dry weight",21800.02693
"Caloric sweeteners, availability (million pounds)",2015,"Caloric sweeteners-Cane and beet sugar deliveries-Refined-Million pounds, dry weight",22147.33573
"Caloric sweeteners, availability (million pounds)",2016,"Caloric sweeteners-Cane and beet sugar deliveries-Refined-Million pounds, dry weight",22492.48333
"Caloric sweeteners, availability (million pounds)",2017,"Caloric sweeteners-Cane and beet sugar deliveries-Refined-Million pounds, dry weight",22463.63605
"Caloric sweeteners, availability (million pounds)",2018,"Caloric sweeteners-Cane and beet sugar deliveries-Refined-Million pounds, dry weight",22380.78144
"Caloric sweeteners, availability (million pounds)",2019,"Caloric sweeteners-Cane and beet sugar deliveries-Refined-Million pounds, dry weight",22404.08251
"Caloric sweeteners, availability (million pounds)",2020,"Caloric sweeteners-Cane and beet sugar deliveries-Refined-Million pounds, dry weight",22624.84889
"Caloric sweeteners, availability (million pounds)",2021,"Caloric sweeteners-Cane and beet sugar deliveries-Refined-Million pounds, dry weight",23092.0011
"Caloric sweeteners, availability (million pounds)",2022,"Caloric sweeteners-Cane and beet sugar deliveries-Refined-Million pounds, dry weight",23081.86634
"Caloric sweeteners, availability (million pounds)",2023,"Caloric sweeteners-Cane and beet sugar deliveries-Refined-Million pounds, dry weight",22926.55664
"Caloric sweeteners, availability (million pounds)",1966,"Caloric sweeteners-Corn sweeteners-HFCS-Million pounds, dry weight",
"Caloric sweeteners, availability (million pounds)",1967,"Caloric sweeteners-Corn sweeteners-HFCS-Million pounds, dry weight",6
"Caloric sweeteners, availability (million pounds)",1968,"Caloric sweeteners-Corn sweeteners-HFCS-Million pounds, dry weight",30
"Caloric sweeteners, availability (million pounds)",1969,"Caloric sweeteners-Corn sweeteners-HFCS-Million pounds, dry weight",66
"Caloric sweeteners, availability (million pounds)",1970,"Caloric sweeteners-Corn sweeteners-HFCS-Million pounds, dry weight",112.3653764
"Caloric sweeteners, availability (million pounds)",1971,"Caloric sweeteners-Corn sweeteners-HFCS-Million pounds, dry weight",171.2604844
"Caloric sweeteners, availability (million pounds)",1972,"Caloric sweeteners-Corn sweeteners-HFCS-Million pounds, dry weight",242.3200713
"Caloric sweeteners, availability (million pounds)",1973,"Caloric sweeteners-Corn sweeteners-HFCS-Million pounds, dry weight",436.9863122
"Caloric sweeteners, availability (million pounds)",1974,"Caloric sweeteners-Corn sweeteners-HFCS-Million pounds, dry weight",590.7840288
"Caloric sweeteners, availability (million pounds)",1975,"Caloric sweeteners-Corn sweeteners-HFCS-Million pounds, dry weight",1053.77
"Caloric sweeteners, availability (million pounds)",1976,"Caloric sweeteners-Corn sweeteners-HFCS-Million pounds, dry weight",1564.415281
"Caloric sweeteners, availability (million pounds)",1977,"Caloric sweeteners-Corn sweeteners-HFCS-Million pounds, dry weight",2113.794774
"Caloric sweeteners, availability (million pounds)",1978,"Caloric sweeteners-Corn sweeteners-HFCS-Million pounds, dry weight",2396.669537
"Caloric sweeteners, availability (million pounds)",1979,"Caloric sweeteners-Corn sweeteners-HFCS-Million pounds, dry weight",3319.605801
"Caloric sweeteners, availability (million pounds)",1980,"Caloric sweeteners-Corn sweeteners-HFCS-Million pounds, dry weight",4316.708597
"Caloric sweeteners, availability (million pounds)",1981,"Caloric sweeteners-Corn sweeteners-HFCS-Million pounds, dry weight",5251.060306
"Caloric sweeteners, availability (million pounds)",1982,"Caloric sweeteners-Corn sweeteners-HFCS-Million pounds, dry weight",6180.082553
"Caloric sweeteners, availability (million pounds)",1983,"Caloric sweeteners-Corn sweeteners-HFCS-Million pounds, dry weight",7310.724
"Caloric sweeteners, availability (million pounds)",1984,"Caloric sweeteners-Corn sweeteners-HFCS-Million pounds, dry weight",8798.354
"Caloric sweeteners, availability (million pounds)",1985,"Caloric sweeteners-Corn sweeteners-HFCS-Million pounds, dry weight",10771.762
"Caloric sweeteners, availability (million pounds)",1986,"Caloric sweeteners-Corn sweeteners-HFCS-Million pounds, dry weight",10996.264
"Caloric sweeteners, availability (million pounds)",1987,"Caloric sweeteners-Corn sweeteners-HFCS-Million pounds, dry weight",11583.966
"Caloric sweeteners, availability (million pounds)",1988,"Caloric sweeteners-Corn sweeteners-HFCS-Million pounds, dry weight",11996.786
"Caloric sweeteners, availability (million pounds)",1989,"Caloric sweeteners-Corn sweeteners-HFCS-Million pounds, dry weight",11920.936
"Caloric sweeteners, availability (million pounds)",1990,"Caloric sweeteners-Corn sweeteners-HFCS-Million pounds, dry weight",12404.9
"Caloric sweeteners, availability (million pounds)",1991,"Caloric sweeteners-Corn sweeteners-HFCS-Million pounds, dry weight",12752.082
"Caloric sweeteners, availability (million pounds)",1992,"Caloric sweeteners-Corn sweeteners-HFCS-Million pounds, dry weight",13156.65978
"Caloric sweeteners, availability (million pounds)",1993,"Caloric sweeteners-Corn sweeteners-HFCS-Million pounds, dry weight",13969.80664
"Caloric sweeteners, availability (million pounds)",1994,"Caloric sweeteners-Corn sweeteners-HFCS-Million pounds, dry weight",14830.80927
"Caloric sweeteners, availability (million pounds)",1995,"Caloric sweeteners-Corn sweeteners-HFCS-Million pounds, dry weight",15562.61969
"Caloric sweeteners, availability (million pounds)",1996,"Caloric sweeteners-Corn sweeteners-HFCS-Million pounds, dry weight",16099.93784
"Caloric sweeteners, availability (million pounds)",1997,"Caloric sweeteners-Corn sweeteners-HFCS-Million pounds, dry weight",17109.55653
"Caloric sweeteners, availability (million pounds)",1998,"Caloric sweeteners-Corn sweeteners-HFCS-Million pounds, dry weight",17769.68156
"Caloric sweeteners, availability (million pounds)",1999,"Caloric sweeteners-Corn sweeteners-HFCS-Million pounds, dry weight",18393.753
"Caloric sweeteners, availability (million pounds)",2000,"Caloric sweeteners-Corn sweeteners-HFCS-Million pounds, dry weight",18181.17116
"Caloric sweeteners, availability (million pounds)",2001,"Caloric sweeteners-Corn sweeteners-HFCS-Million pounds, dry weight",18196.29506
"Caloric sweeteners, availability (million pounds)",2002,"Caloric sweeteners-Corn sweeteners-HFCS-Million pounds, dry weight",18491.28391
"Caloric sweeteners, availability (million pounds)",2003,"Caloric sweeteners-Corn sweeteners-HFCS-Million pounds, dry weight",18156.51749
"Caloric sweeteners, availability (million pounds)",2004,"Caloric sweeteners-Corn sweeteners-HFCS-Million pounds, dry weight",18034.58957
"Caloric sweeteners, availability (million pounds)",2005,"Caloric sweeteners-Corn sweeteners-HFCS-Million pounds, dry weight",18016.47702
"Caloric sweeteners, availability (million pounds)",2006,"Caloric sweeteners-Corn sweeteners-HFCS-Million pounds, dry weight",17968.68377
"Caloric sweeteners, availability (million pounds)",2007,"Caloric sweeteners-Corn sweeteners-HFCS-Million pounds, dry weight",17434.29314
"Caloric sweeteners, availability (million pounds)",2008,"Caloric sweeteners-Corn sweeteners-HFCS-Million pounds, dry weight",16601.60129
"Caloric sweeteners, availability (million pounds)",2009,"Caloric sweeteners-Corn sweeteners-HFCS-Million pounds, dry weight",15914.48791
"Caloric sweeteners, availability (million pounds)",2010,"Caloric sweeteners-Corn sweeteners-HFCS-Million pounds, dry weight",15661.16072
"Caloric sweeteners, availability (million pounds)",2011,"Caloric sweeteners-Corn sweeteners-HFCS-Million pounds, dry weight",15156.75422
"Caloric sweeteners, availability (million pounds)",2012,"Caloric sweeteners-Corn sweeteners-HFCS-Million pounds, dry weight",14988.12177
"Caloric sweeteners, availability (million pounds)",2013,"Caloric sweeteners-Corn sweeteners-HFCS-Million pounds, dry weight",14486.33575
"Caloric sweeteners, availability (million pounds)",2014,"Caloric sweeteners-Corn sweeteners-HFCS-Million pounds, dry weight",14663.71912
"Caloric sweeteners, availability (million pounds)",2015,"Caloric sweeteners-Corn sweeteners-HFCS-Million pounds, dry weight",14366.94335
"Caloric sweeteners, availability (million pounds)",2016,"Caloric sweeteners-Corn sweeteners-HFCS-Million pounds, dry weight",14071.82244
"Caloric sweeteners, availability (million pounds)",2017,"Caloric sweeteners-Corn sweeteners-HFCS-Million pounds, dry weight",13766.39
"Caloric sweeteners, availability (million pounds)",2018,"Caloric sweeteners-Corn sweeteners-HFCS-Million pounds, dry weight",13403.51937
"Caloric sweeteners, availability (million pounds)",2019,"Caloric sweeteners-Corn sweeteners-HFCS-Million pounds, dry weight",13156.90369
"Caloric sweeteners, availability (million pounds)",2020,"Caloric sweeteners-Corn sweeteners-HFCS-Million pounds, dry weight",13274.76702
"Caloric sweeteners, availability (million pounds)",2021,"Caloric sweeteners-Corn sweeteners-HFCS-Million pounds, dry weight",13131.42179
"Caloric sweeteners, availability (million pounds)",2022,"Caloric sweeteners-Corn sweeteners-HFCS-Million pounds, dry weight",13108.79228
"Caloric sweeteners, availability (million pounds)",2023,"Caloric sweeteners-Corn sweeteners-HFCS-Million pounds, dry weight",12655.18207
"Caloric sweeteners, availability (million pounds)",1966,"Caloric sweeteners-Corn sweeteners-Glucose-Million pounds, dry weight",1903.515
"Caloric sweeteners, availability (million pounds)",1967,"Caloric sweeteners-Corn sweeteners-Glucose-Million pounds, dry weight",1967.6678
"Caloric sweeteners, availability (million pounds)",1968,"Caloric sweeteners-Corn sweeteners-Glucose-Million pounds, dry weight",2061.147097
"Caloric sweeteners, availability (million pounds)",1969,"Caloric sweeteners-Corn sweeteners-Glucose-Million pounds, dry weight",2121.839922
"Caloric sweeteners, availability (million pounds)",1970,"Caloric sweeteners-Corn sweeteners-Glucose-Million pounds, dry weight",2203.782556
"Caloric sweeteners, availability (million pounds)",1971,"Caloric sweeteners-Corn sweeteners-Glucose-Million pounds, dry weight",2326.232259
"Caloric sweeteners, availability (million pounds)",1972,"Caloric sweeteners-Corn sweeteners-Glucose-Million pounds, dry weight",2514.6255
"Caloric sweeteners, availability (million pounds)",1973,"Caloric sweeteners-Corn sweeteners-Glucose-Million pounds, dry weight",2768.9535
"Caloric sweeteners, availability (million pounds)",1974,"Caloric sweeteners-Corn sweeteners-Glucose-Million pounds, dry weight",2960.982
"Caloric sweeteners, availability (million pounds)",1975,"Caloric sweeteners-Corn sweeteners-Glucose-Million pounds, dry weight",3029.1915
"Caloric sweeteners, availability (million pounds)",1976,"Caloric sweeteners-Corn sweeteners-Glucose-Million pounds, dry weight",3027.7995
"Caloric sweeteners, availability (million pounds)",1977,"Caloric sweeteners-Corn sweeteners-Glucose-Million pounds, dry weight",3034.3605
"Caloric sweeteners, availability (million pounds)",1978,"Caloric sweeteners-Corn sweeteners-Glucose-Million pounds, dry weight",3101.622
"Caloric sweeteners, availability (million pounds)",1979,"Caloric sweeteners-Corn sweeteners-Glucose-Million pounds, dry weight",3038.3745
"Caloric sweeteners, availability (million pounds)",1980,"Caloric sweeteners-Corn sweeteners-Glucose-Million pounds, dry weight",2943.66
"Caloric sweeteners, availability (million pounds)",1981,"Caloric sweeteners-Corn sweeteners-Glucose-Million pounds, dry weight",2972.2125
"Caloric sweeteners, availability (million pounds)",1982,"Caloric sweeteners-Corn sweeteners-Glucose-Million pounds, dry weight",2958.621
"Caloric sweeteners, availability (million pounds)",1983,"Caloric sweeteners-Corn sweeteners-Glucose-Million pounds, dry weight",3046.9875
"Caloric sweeteners, availability (million pounds)",1984,"Caloric sweeteners-Corn sweeteners-Glucose-Million pounds, dry weight",3104.4255
"Caloric sweeteners, availability (million pounds)",1985,"Caloric sweeteners-Corn sweeteners-Glucose-Million pounds, dry weight",3214.728
"Caloric sweeteners, availability (million pounds)",1986,"Caloric sweeteners-Corn sweeteners-Glucose-Million pounds, dry weight",3264.942
"Caloric sweeteners, availability (million pounds)",1987,"Caloric sweeteners-Corn sweeteners-Glucose-Million pounds, dry weight",3358.404
"Caloric sweeteners, availability (million pounds)",1988,"Caloric sweeteners-Corn sweeteners-Glucose-Million pounds, dry weight",3493.6335
"Caloric sweeteners, availability (million pounds)",1989,"Caloric sweeteners-Corn sweeteners-Glucose-Million pounds, dry weight",3173.791859
"Caloric sweeteners, availability (million pounds)",1990,"Caloric sweeteners-Corn sweeteners-Glucose-Million pounds, dry weight",3400.98475
"Caloric sweeteners, availability (million pounds)",1991,"Caloric sweeteners-Corn sweeteners-Glucose-Million pounds, dry weight",3552.147881
"Caloric sweeteners, availability (million pounds)",1992,"Caloric sweeteners-Corn sweeteners-Glucose-Million pounds, dry weight",3886.522666
"Caloric sweeteners, availability (million pounds)",1993,"Caloric sweeteners-Corn sweeteners-Glucose-Million pounds, dry weight",4095.897033
"Caloric sweeteners, availability (million pounds)",1994,"Caloric sweeteners-Corn sweeteners-Glucose-Million pounds, dry weight",4180.070635
"Caloric sweeteners, availability (million pounds)",1995,"Caloric sweeteners-Corn sweeteners-Glucose-Million pounds, dry weight",4346.769491
"Caloric sweeteners, availability (million pounds)",1996,"Caloric sweeteners-Corn sweeteners-Glucose-Million pounds, dry weight",4427.240408
"Caloric sweeteners, availability (million pounds)",1997,"Caloric sweeteners-Corn sweeteners-Glucose-Million pounds, dry weight",4721.009353
"Caloric sweeteners, availability (million pounds)",1998,"Caloric sweeteners-Corn sweeteners-Glucose-Million pounds, dry weight",4706.63854
"Caloric sweeteners, availability (million pounds)",1999,"Caloric sweeteners-Corn sweeteners-Glucose-Million pounds, dry weight",4553.417857
"Caloric sweeteners, availability (million pounds)",2000,"Caloric sweeteners-Corn sweeteners-Glucose-Million pounds, dry weight",4449.968423
"Caloric sweeteners, availability (million pounds)",2001,"Caloric sweeteners-Corn sweeteners-Glucose-Million pounds, dry weight",4398.283684
"Caloric sweeteners, availability (million pounds)",2002,"Caloric sweeteners-Corn sweeteners-Glucose-Million pounds, dry weight",4433.486143
"Caloric sweeteners, availability (million pounds)",2003,"Caloric sweeteners-Corn sweeteners-Glucose-Million pounds, dry weight",4398.422461
"Caloric sweeteners, availability (million pounds)",2004,"Caloric sweeteners-Corn sweeteners-Glucose-Million pounds, dry weight",4558.587369
"Caloric sweeteners, availability (million pounds)",2005,"Caloric sweeteners-Corn sweeteners-Glucose-Million pounds, dry weight",4492.835751
"Caloric sweeteners, availability (million pounds)",2006,"Caloric sweeteners-Corn sweeteners-Glucose-Million pounds, dry weight",4080.210073
"Caloric sweeteners, availability (million pounds)",2007,"Caloric sweeteners-Corn sweeteners-Glucose-Million pounds, dry weight",4107.813917
"Caloric sweeteners, availability (million pounds)",2008,"Caloric sweeteners-Corn sweeteners-Glucose-Million pounds, dry weight",4041.043814
"Caloric sweeteners, availability (million pounds)",2009,"Caloric sweeteners-Corn sweeteners-Glucose-Million pounds, dry weight",3956.597585
"Caloric sweeteners, availability (million pounds)",2010,"Caloric sweeteners-Corn sweeteners-Glucose-Million pounds, dry weight",3881.149285
"Caloric sweeteners, availability (million pounds)",2011,"Caloric sweeteners-Corn sweeteners-Glucose-Million pounds, dry weight",3781.393572
"Caloric sweeteners, availability (million pounds)",2012,"Caloric sweeteners-Corn sweeteners-Glucose-Million pounds, dry weight",3901.69376
"Caloric sweeteners, availability (million pounds)",2013,"Caloric sweeteners-Corn sweeteners-Glucose-Million pounds, dry weight",3766.398272
"Caloric sweeteners, availability (million pounds)",2014,"Caloric sweeteners-Corn sweeteners-Glucose-Million pounds, dry weight",3833.467815
"Caloric sweeteners, availability (million pounds)",2015,"Caloric sweeteners-Corn sweeteners-Glucose-Million pounds, dry weight",3892.965566
"Caloric sweeteners, availability (million pounds)",2016,"Caloric sweeteners-Corn sweeteners-Glucose-Million pounds, dry weight",3956.615704
"Caloric sweeteners, availability (million pounds)",2017,"Caloric sweeteners-Corn sweeteners-Glucose-Million pounds, dry weight",4207.328251
"Caloric sweeteners, availability (million pounds)",2018,"Caloric sweeteners-Corn sweeteners-Glucose-Million pounds, dry weight",4245.41582
"Caloric sweeteners, availability (million pounds)",2019,"Caloric sweeteners-Corn sweeteners-Glucose-Million pounds, dry weight",4269.512307
"Caloric sweeteners, availability (million pounds)",2020,"Caloric sweeteners-Corn sweeteners-Glucose-Million pounds, dry weight",4181.807521
"Caloric sweeteners, availability (million pounds)",2021,"Caloric sweeteners-Corn sweeteners-Glucose-Million pounds, dry weight",4246.731464
"Caloric sweeteners, availability (million pounds)",2022,"Caloric sweeteners-Corn sweeteners-Glucose-Million pounds, dry weight",4216.096309
"Caloric sweeteners, availability (million pounds)",2023,"Caloric sweeteners-Corn sweeteners-Glucose-Million pounds, dry weight",4227.504679
"Caloric sweeteners, availability (million pounds)",1966,"Caloric sweeteners-Corn sweeteners-Dextrose-Million pounds, dry weight",829.716
"Caloric sweeteners, availability (million pounds)",1967,"Caloric sweeteners-Corn sweeteners-Dextrose-Million pounds, dry weight",855.672
"Caloric sweeteners, availability (million pounds)",1968,"Caloric sweeteners-Corn sweeteners-Dextrose-Million pounds, dry weight",887.044
"Caloric sweeteners, availability (million pounds)",1969,"Caloric sweeteners-Corn sweeteners-Dextrose-Million pounds, dry weight",917.878
"Caloric sweeteners, availability (million pounds)",1970,"Caloric sweeteners-Corn sweeteners-Dextrose-Million pounds, dry weight",942.304
"Caloric sweeteners, availability (million pounds)",1971,"Caloric sweeteners-Corn sweeteners-Dextrose-Million pounds, dry weight",963.53
"Caloric sweeteners, availability (million pounds)",1972,"Caloric sweeteners-Corn sweeteners-Dextrose-Million pounds, dry weight",969.048
"Caloric sweeteners, availability (million pounds)",1973,"Caloric sweeteners-Corn sweeteners-Dextrose-Million pounds, dry weight",978.848
"Caloric sweeteners, availability (million pounds)",1974,"Caloric sweeteners-Corn sweeteners-Dextrose-Million pounds, dry weight",972.688
"Caloric sweeteners, availability (million pounds)",1975,"Caloric sweeteners-Corn sweeteners-Dextrose-Million pounds, dry weight",946.172
"Caloric sweeteners, availability (million pounds)",1976,"Caloric sweeteners-Corn sweeteners-Dextrose-Million pounds, dry weight",903.68
"Caloric sweeteners, availability (million pounds)",1977,"Caloric sweeteners-Corn sweeteners-Dextrose-Million pounds, dry weight",857.024
"Caloric sweeteners, availability (million pounds)",1978,"Caloric sweeteners-Corn sweeteners-Dextrose-Million pounds, dry weight",820.702
"Caloric sweeteners, availability (million pounds)",1979,"Caloric sweeteners-Corn sweeteners-Dextrose-Million pounds, dry weight",797.552
"Caloric sweeteners, availability (million pounds)",1980,"Caloric sweeteners-Corn sweeteners-Dextrose-Million pounds, dry weight",786.806
"Caloric sweeteners, availability (million pounds)",1981,"Caloric sweeteners-Corn sweeteners-Dextrose-Million pounds, dry weight",779
"Caloric sweeteners, availability (million pounds)",1982,"Caloric sweeteners-Corn sweeteners-Dextrose-Million pounds, dry weight",783.42
"Caloric sweeteners, availability (million pounds)",1983,"Caloric sweeteners-Corn sweeteners-Dextrose-Million pounds, dry weight",796.282
"Caloric sweeteners, availability (million pounds)",1984,"Caloric sweeteners-Corn sweeteners-Dextrose-Million pounds, dry weight",815.706
"Caloric sweeteners, availability (million pounds)",1985,"Caloric sweeteners-Corn sweeteners-Dextrose-Million pounds, dry weight",835.8
"Caloric sweeteners, availability (million pounds)",1986,"Caloric sweeteners-Corn sweeteners-Dextrose-Million pounds, dry weight",860.994
"Caloric sweeteners, availability (million pounds)",1987,"Caloric sweeteners-Corn sweeteners-Dextrose-Million pounds, dry weight",881.95
"Caloric sweeteners, availability (million pounds)",1988,"Caloric sweeteners-Corn sweeteners-Dextrose-Million pounds, dry weight",903.13
"Caloric sweeteners, availability (million pounds)",1989,"Caloric sweeteners-Corn sweeteners-Dextrose-Million pounds, dry weight",875.6199704
"Caloric sweeteners, availability (million pounds)",1990,"Caloric sweeteners-Corn sweeteners-Dextrose-Million pounds, dry weight",910.2591326
"Caloric sweeteners, availability (million pounds)",1991,"Caloric sweeteners-Corn sweeteners-Dextrose-Million pounds, dry weight",925.6833412
"Caloric sweeteners, availability (million pounds)",1992,"Caloric sweeteners-Corn sweeteners-Dextrose-Million pounds, dry weight",915.4863625
"Caloric sweeteners, availability (million pounds)",1993,"Caloric sweeteners-Corn sweeteners-Dextrose-Million pounds, dry weight",961.1259911
"Caloric sweeteners, availability (million pounds)",1994,"Caloric sweeteners-Corn sweeteners-Dextrose-Million pounds, dry weight",1003.939524
"Caloric sweeteners, availability (million pounds)",1995,"Caloric sweeteners-Corn sweeteners-Dextrose-Million pounds, dry weight",1044.935133
"Caloric sweeteners, availability (million pounds)",1996,"Caloric sweeteners-Corn sweeteners-Dextrose-Million pounds, dry weight",1075.272469
"Caloric sweeteners, availability (million pounds)",1997,"Caloric sweeteners-Corn sweeteners-Dextrose-Million pounds, dry weight",1029.970088
"Caloric sweeteners, availability (million pounds)",1998,"Caloric sweeteners-Corn sweeteners-Dextrose-Million pounds, dry weight",1013.63722
"Caloric sweeteners, availability (million pounds)",1999,"Caloric sweeteners-Corn sweeteners-Dextrose-Million pounds, dry weight",986.6485917
"Caloric sweeteners, availability (million pounds)",2000,"Caloric sweeteners-Corn sweeteners-Dextrose-Million pounds, dry weight",963.4547663
"Caloric sweeteners, availability (million pounds)",2001,"Caloric sweeteners-Corn sweeteners-Dextrose-Million pounds, dry weight",952.7115159
"Caloric sweeteners, availability (million pounds)",2002,"Caloric sweeteners-Corn sweeteners-Dextrose-Million pounds, dry weight",961.5792314
"Caloric sweeteners, availability (million pounds)",2003,"Caloric sweeteners-Corn sweeteners-Dextrose-Million pounds, dry weight",918.9542861
"Caloric sweeteners, availability (million pounds)",2004,"Caloric sweeteners-Corn sweeteners-Dextrose-Million pounds, dry weight",1001.661124
"Caloric sweeteners, availability (million pounds)",2005,"Caloric sweeteners-Corn sweeteners-Dextrose-Million pounds, dry weight",994.6877817
"Caloric sweeteners, availability (million pounds)",2006,"Caloric sweeteners-Corn sweeteners-Dextrose-Million pounds, dry weight",961.6357733
"Caloric sweeteners, availability (million pounds)",2007,"Caloric sweeteners-Corn sweeteners-Dextrose-Million pounds, dry weight",931.9093732
"Caloric sweeteners, availability (million pounds)",2008,"Caloric sweeteners-Corn sweeteners-Dextrose-Million pounds, dry weight",878.7673811
"Caloric sweeteners, availability (million pounds)",2009,"Caloric sweeteners-Corn sweeteners-Dextrose-Million pounds, dry weight",868.3645872
"Caloric sweeteners, availability (million pounds)",2010,"Caloric sweeteners-Corn sweeteners-Dextrose-Million pounds, dry weight",947.5132692
"Caloric sweeteners, availability (million pounds)",2011,"Caloric sweeteners-Corn sweeteners-Dextrose-Million pounds, dry weight",949.1679414
"Caloric sweeteners, availability (million pounds)",2012,"Caloric sweeteners-Corn sweeteners-Dextrose-Million pounds, dry weight",897.9210099
"Caloric sweeteners, availability (million pounds)",2013,"Caloric sweeteners-Corn sweeteners-Dextrose-Million pounds, dry weight",894.8098923
"Caloric sweeteners, availability (million pounds)",2014,"Caloric sweeteners-Corn sweeteners-Dextrose-Million pounds, dry weight",1034.905261
"Caloric sweeteners, availability (million pounds)",2015,"Caloric sweeteners-Corn sweeteners-Dextrose-Million pounds, dry weight",1048.798595
"Caloric sweeteners, availability (million pounds)",2016,"Caloric sweeteners-Corn sweeteners-Dextrose-Million pounds, dry weight",987.1155884
"Caloric sweeteners, availability (million pounds)",2017,"Caloric sweeteners-Corn sweeteners-Dextrose-Million pounds, dry weight",1080.936081
"Caloric sweeteners, availability (million pounds)",2018,"Caloric sweeteners-Corn sweeteners-Dextrose-Million pounds, dry weight",1083.999809
"Caloric sweeteners, availability (million pounds)",2019,"Caloric sweeteners-Corn sweeteners-Dextrose-Million pounds, dry weight",1043.226686
"Caloric sweeteners, availability (million pounds)",2020,"Caloric sweeteners-Corn sweeteners-Dextrose-Million pounds, dry weight",1059.598386
"Caloric sweeteners, availability (million pounds)",2021,"Caloric sweeteners-Corn sweeteners-Dextrose-Million pounds, dry weight",1060.865694
"Caloric sweeteners, availability (million pounds)",2022,"Caloric sweeteners-Corn sweeteners-Dextrose-Million pounds, dry weight",1065.072467
"Caloric sweeteners, availability (million pounds)",2023,"Caloric sweeteners-Corn sweeteners-Dextrose-Million pounds, dry weight",890.322942
"Caloric sweeteners, availability (million pounds)",1966,"Caloric sweeteners-Corn sweeteners-Total-Million pounds, dry weight",2733.231
"Caloric sweeteners, availability (million pounds)",1967,"Caloric sweeteners-Corn sweeteners-Total-Million pounds, dry weight",2829.3398
"Caloric sweeteners, availability (million pounds)",1968,"Caloric sweeteners-Corn sweeteners-Total-Million pounds, dry weight",2978.191097
"Caloric sweeteners, availability (million pounds)",1969,"Caloric sweeteners-Corn sweeteners-Total-Million pounds, dry weight",3105.717922
"Caloric sweeteners, availability (million pounds)",1970,"Caloric sweeteners-Corn sweeteners-Total-Million pounds, dry weight",3258.451932
"Caloric sweeteners, availability (million pounds)",1971,"Caloric sweeteners-Corn sweeteners-Total-Million pounds, dry weight",3461.022743
"Caloric sweeteners, availability (million pounds)",1972,"Caloric sweeteners-Corn sweeteners-Total-Million pounds, dry weight",3725.993571
"Caloric sweeteners, availability (million pounds)",1973,"Caloric sweeteners-Corn sweeteners-Total-Million pounds, dry weight",4184.787812
"Caloric sweeteners, availability (million pounds)",1974,"Caloric sweeteners-Corn sweeteners-Total-Million pounds, dry weight",4524.454029
"Caloric sweeteners, availability (million pounds)",1975,"Caloric sweeteners-Corn sweeteners-Total-Million pounds, dry weight",5029.1335
"Caloric sweeteners, availability (million pounds)",1976,"Caloric sweeteners-Corn sweeteners-Total-Million pounds, dry weight",5495.894781
"Caloric sweeteners, availability (million pounds)",1977,"Caloric sweeteners-Corn sweeteners-Total-Million pounds, dry weight",6005.179274
"Caloric sweeteners, availability (million pounds)",1978,"Caloric sweeteners-Corn sweeteners-Total-Million pounds, dry weight",6318.993537
"Caloric sweeteners, availability (million pounds)",1979,"Caloric sweeteners-Corn sweeteners-Total-Million pounds, dry weight",7155.532301
"Caloric sweeteners, availability (million pounds)",1980,"Caloric sweeteners-Corn sweeteners-Total-Million pounds, dry weight",8047.174597
"Caloric sweeteners, availability (million pounds)",1981,"Caloric sweeteners-Corn sweeteners-Total-Million pounds, dry weight",9002.272806
"Caloric sweeteners, availability (million pounds)",1982,"Caloric sweeteners-Corn sweeteners-Total-Million pounds, dry weight",9922.123553
"Caloric sweeteners, availability (million pounds)",1983,"Caloric sweeteners-Corn sweeteners-Total-Million pounds, dry weight",11153.9935
"Caloric sweeteners, availability (million pounds)",1984,"Caloric sweeteners-Corn sweeteners-Total-Million pounds, dry weight",12718.4855
"Caloric sweeteners, availability (million pounds)",1985,"Caloric sweeteners-Corn sweeteners-Total-Million pounds, dry weight",14822.29
"Caloric sweeteners, availability (million pounds)",1986,"Caloric sweeteners-Corn sweeteners-Total-Million pounds, dry weight",15122.2
"Caloric sweeteners, availability (million pounds)",1987,"Caloric sweeteners-Corn sweeteners-Total-Million pounds, dry weight",15824.32
"Caloric sweeteners, availability (million pounds)",1988,"Caloric sweeteners-Corn sweeteners-Total-Million pounds, dry weight",16393.5495
"Caloric sweeteners, availability (million pounds)",1989,"Caloric sweeteners-Corn sweeteners-Total-Million pounds, dry weight",15970.34783
"Caloric sweeteners, availability (million pounds)",1990,"Caloric sweeteners-Corn sweeteners-Total-Million pounds, dry weight",16716.14388
"Caloric sweeteners, availability (million pounds)",1991,"Caloric sweeteners-Corn sweeteners-Total-Million pounds, dry weight",17229.91322
"Caloric sweeteners, availability (million pounds)",1992,"Caloric sweeteners-Corn sweeteners-Total-Million pounds, dry weight",17958.66881
"Caloric sweeteners, availability (million pounds)",1993,"Caloric sweeteners-Corn sweeteners-Total-Million pounds, dry weight",19026.82966
"Caloric sweeteners, availability (million pounds)",1994,"Caloric sweeteners-Corn sweeteners-Total-Million pounds, dry weight",20014.81943
"Caloric sweeteners, availability (million pounds)",1995,"Caloric sweeteners-Corn sweeteners-Total-Million pounds, dry weight",20954.32432
"Caloric sweeteners, availability (million pounds)",1996,"Caloric sweeteners-Corn sweeteners-Total-Million pounds, dry weight",21602.45072
"Caloric sweeteners, availability (million pounds)",1997,"Caloric sweeteners-Corn sweeteners-Total-Million pounds, dry weight",22860.53597
"Caloric sweeteners, availability (million pounds)",1998,"Caloric sweeteners-Corn sweeteners-Total-Million pounds, dry weight",23489.95732
"Caloric sweeteners, availability (million pounds)",1999,"Caloric sweeteners-Corn sweeteners-Total-Million pounds, dry weight",23933.81945
"Caloric sweeteners, availability (million pounds)",2000,"Caloric sweeteners-Corn sweeteners-Total-Million pounds, dry weight",23594.59435
"Caloric sweeteners, availability (million pounds)",2001,"Caloric sweeteners-Corn sweeteners-Total-Million pounds, dry weight",23547.29026
"Caloric sweeteners, availability (million pounds)",2002,"Caloric sweeteners-Corn sweeteners-Total-Million pounds, dry weight",23886.34929
"Caloric sweeteners, availability (million pounds)",2003,"Caloric sweeteners-Corn sweeteners-Total-Million pounds, dry weight",23473.89423
"Caloric sweeteners, availability (million pounds)",2004,"Caloric sweeteners-Corn sweeteners-Total-Million pounds, dry weight",23594.83807
"Caloric sweeteners, availability (million pounds)",2005,"Caloric sweeteners-Corn sweeteners-Total-Million pounds, dry weight",23504.00056
"Caloric sweeteners, availability (million pounds)",2006,"Caloric sweeteners-Corn sweeteners-Total-Million pounds, dry weight",23010.52962
"Caloric sweeteners, availability (million pounds)",2007,"Caloric sweeteners-Corn sweeteners-Total-Million pounds, dry weight",22474.01643
"Caloric sweeteners, availability (million pounds)",2008,"Caloric sweeteners-Corn sweeteners-Total-Million pounds, dry weight",21521.41248
"Caloric sweeteners, availability (million pounds)",2009,"Caloric sweeteners-Corn sweeteners-Total-Million pounds, dry weight",20739.45008
"Caloric sweeteners, availability (million pounds)",2010,"Caloric sweeteners-Corn sweeteners-Total-Million pounds, dry weight",20489.82327
"Caloric sweeteners, availability (million pounds)",2011,"Caloric sweeteners-Corn sweeteners-Total-Million pounds, dry weight",19887.31573
"Caloric sweeteners, availability (million pounds)",2012,"Caloric sweeteners-Corn sweeteners-Total-Million pounds, dry weight",19787.73654
"Caloric sweeteners, availability (million pounds)",2013,"Caloric sweeteners-Corn sweeteners-Total-Million pounds, dry weight",19147.54391
"Caloric sweeteners, availability (million pounds)",2014,"Caloric sweeteners-Corn sweeteners-Total-Million pounds, dry weight",19532.09219
"Caloric sweeteners, availability (million pounds)",2015,"Caloric sweeteners-Corn sweeteners-Total-Million pounds, dry weight",19308.70751
"Caloric sweeteners, availability (million pounds)",2016,"Caloric sweeteners-Corn sweeteners-Total-Million pounds, dry weight",19015.55374
"Caloric sweeteners, availability (million pounds)",2017,"Caloric sweeteners-Corn sweeteners-Total-Million pounds, dry weight",19054.65433
"Caloric sweeteners, availability (million pounds)",2018,"Caloric sweeteners-Corn sweeteners-Total-Million pounds, dry weight",18732.935
"Caloric sweeteners, availability (million pounds)",2019,"Caloric sweeteners-Corn sweeteners-Total-Million pounds, dry weight",18469.64268
"Caloric sweeteners, availability (million pounds)",2020,"Caloric sweeteners-Corn sweeteners-Total-Million pounds, dry weight",18516.17293
"Caloric sweeteners, availability (million pounds)",2021,"Caloric sweeteners-Corn sweeteners-Total-Million pounds, dry weight",18439.01895
"Caloric sweeteners, availability (million pounds)",2022,"Caloric sweeteners-Corn sweeteners-Total-Million pounds, dry weight",18389.96106
"Caloric sweeteners, availability (million pounds)",2023,"Caloric sweeteners-Corn sweeteners-Total-Million pounds, dry weight",17773.00969
"Caloric sweeteners, availability (million pounds)",1966,"Caloric sweeteners-Edible syrups-Million pounds, dry weight",138
"Caloric sweeteners, availability (million pounds)",1967,"Caloric sweeteners-Edible syrups-Million pounds, dry weight",100
"Caloric sweeteners, availability (million pounds)",1968,"Caloric sweeteners-Edible syrups-Million pounds, dry weight",140
"Caloric sweeteners, availability (million pounds)",1969,"Caloric sweeteners-Edible syrups-Million pounds, dry weight",122
"Caloric sweeteners, availability (million pounds)",1970,"Caloric sweeteners-Edible syrups-Million pounds, dry weight",102
"Caloric sweeteners, availability (million pounds)",1971,"Caloric sweeteners-Edible syrups-Million pounds, dry weight",104
"Caloric sweeteners, availability (million pounds)",1972,"Caloric sweeteners-Edible syrups-Million pounds, dry weight",104
"Caloric sweeteners, availability (million pounds)",1973,"Caloric sweeteners-Edible syrups-Million pounds, dry weight",106
"Caloric sweeteners, availability (million pounds)",1974,"Caloric sweeteners-Edible syrups-Million pounds, dry weight",86
"Caloric sweeteners, availability (million pounds)",1975,"Caloric sweeteners-Edible syrups-Million pounds, dry weight",86
"Caloric sweeteners, availability (million pounds)",1976,"Caloric sweeteners-Edible syrups-Million pounds, dry weight",88
"Caloric sweeteners, availability (million pounds)",1977,"Caloric sweeteners-Edible syrups-Million pounds, dry weight",88
"Caloric sweeteners, availability (million pounds)",1978,"Caloric sweeteners-Edible syrups-Million pounds, dry weight",90
"Caloric sweeteners, availability (million pounds)",1979,"Caloric sweeteners-Edible syrups-Million pounds, dry weight",88
"Caloric sweeteners, availability (million pounds)",1980,"Caloric sweeteners-Edible syrups-Million pounds, dry weight",100
"Caloric sweeteners, availability (million pounds)",1981,"Caloric sweeteners-Edible syrups-Million pounds, dry weight",92
"Caloric sweeteners, availability (million pounds)",1982,"Caloric sweeteners-Edible syrups-Million pounds, dry weight",92
"Caloric sweeteners, availability (million pounds)",1983,"Caloric sweeteners-Edible syrups-Million pounds, dry weight",94.4
"Caloric sweeteners, availability (million pounds)",1984,"Caloric sweeteners-Edible syrups-Million pounds, dry weight",94
"Caloric sweeteners, availability (million pounds)",1985,"Caloric sweeteners-Edible syrups-Million pounds, dry weight",96.16011939
"Caloric sweeteners, availability (million pounds)",1986,"Caloric sweeteners-Edible syrups-Million pounds, dry weight",99.80310512
"Caloric sweeteners, availability (million pounds)",1987,"Caloric sweeteners-Edible syrups-Million pounds, dry weight",108.9661783
"Caloric sweeteners, availability (million pounds)",1988,"Caloric sweeteners-Edible syrups-Million pounds, dry weight",107.0579815
"Caloric sweeteners, availability (million pounds)",1989,"Caloric sweeteners-Edible syrups-Million pounds, dry weight",104.8199337
"Caloric sweeteners, availability (million pounds)",1990,"Caloric sweeteners-Edible syrups-Million pounds, dry weight",105.1492042
"Caloric sweeteners, availability (million pounds)",1991,"Caloric sweeteners-Edible syrups-Million pounds, dry weight",106.0887241
"Caloric sweeteners, availability (million pounds)",1992,"Caloric sweeteners-Edible syrups-Million pounds, dry weight",39.94041219
"Caloric sweeteners, availability (million pounds)",1993,"Caloric sweeteners-Edible syrups-Million pounds, dry weight",39.81671945
"Caloric sweeteners, availability (million pounds)",1994,"Caloric sweeteners-Edible syrups-Million pounds, dry weight",36.54962033
"Caloric sweeteners, availability (million pounds)",1995,"Caloric sweeteners-Edible syrups-Million pounds, dry weight",71.49645863
"Caloric sweeteners, availability (million pounds)",1996,"Caloric sweeteners-Edible syrups-Million pounds, dry weight",188.8674995
"Caloric sweeteners, availability (million pounds)",1997,"Caloric sweeteners-Edible syrups-Million pounds, dry weight",162.908774
"Caloric sweeteners, availability (million pounds)",1998,"Caloric sweeteners-Edible syrups-Million pounds, dry weight",161.3257645
"Caloric sweeteners, availability (million pounds)",1999,"Caloric sweeteners-Edible syrups-Million pounds, dry weight",155.0576286
"Caloric sweeteners, availability (million pounds)",2000,"Caloric sweeteners-Edible syrups-Million pounds, dry weight",167.1674173
"Caloric sweeteners, availability (million pounds)",2001,"Caloric sweeteners-Edible syrups-Million pounds, dry weight",284.61564
"Caloric sweeteners, availability (million pounds)",2002,"Caloric sweeteners-Edible syrups-Million pounds, dry weight",276.4031081
"Caloric sweeteners, availability (million pounds)",2003,"Caloric sweeteners-Edible syrups-Million pounds, dry weight",223.7102206
"Caloric sweeteners, availability (million pounds)",2004,"Caloric sweeteners-Edible syrups-Million pounds, dry weight",192.5468979
"Caloric sweeteners, availability (million pounds)",2005,"Caloric sweeteners-Edible syrups-Million pounds, dry weight",188.4027526
"Caloric sweeteners, availability (million pounds)",2006,"Caloric sweeteners-Edible syrups-Million pounds, dry weight",196.6618412
"Caloric sweeteners, availability (million pounds)",2007,"Caloric sweeteners-Edible syrups-Million pounds, dry weight",187.3079678
"Caloric sweeteners, availability (million pounds)",2008,"Caloric sweeteners-Edible syrups-Million pounds, dry weight",186.4660905
"Caloric sweeteners, availability (million pounds)",2009,"Caloric sweeteners-Edible syrups-Million pounds, dry weight",180.6971957
"Caloric sweeteners, availability (million pounds)",2010,"Caloric sweeteners-Edible syrups-Million pounds, dry weight",207.6582052
"Caloric sweeteners, availability (million pounds)",2011,"Caloric sweeteners-Edible syrups-Million pounds, dry weight",204.2706422
"Caloric sweeteners, availability (million pounds)",2012,"Caloric sweeteners-Edible syrups-Million pounds, dry weight",207.5909834
"Caloric sweeteners, availability (million pounds)",2013,"Caloric sweeteners-Edible syrups-Million pounds, dry weight",221.6563314
"Caloric sweeteners, availability (million pounds)",2014,"Caloric sweeteners-Edible syrups-Million pounds, dry weight",254.8671169
"Caloric sweeteners, availability (million pounds)",2015,"Caloric sweeteners-Edible syrups-Million pounds, dry weight",273.6610698
"Caloric sweeteners, availability (million pounds)",2016,"Caloric sweeteners-Edible syrups-Million pounds, dry weight",210.5985472
"Caloric sweeteners, availability (million pounds)",2017,"Caloric sweeteners-Edible syrups-Million pounds, dry weight",218.9358632
"Caloric sweeteners, availability (million pounds)",2018,"Caloric sweeteners-Edible syrups-Million pounds, dry weight",235.3736433
"Caloric sweeteners, availability (million pounds)",2019,"Caloric sweeteners-Edible syrups-Million pounds, dry weight",256.3748136
"Caloric sweeteners, availability (million pounds)",2020,"Caloric sweeteners-Edible syrups-Million pounds, dry weight",249.7067786
"Caloric sweeteners, availability (million pounds)",2021,"Caloric sweeteners-Edible syrups-Million pounds, dry weight",271.4067316
"Caloric sweeteners, availability (million pounds)",2022,"Caloric sweeteners-Edible syrups-Million pounds, dry weight",299.8067785
"Caloric sweeteners, availability (million pounds)",2023,"Caloric sweeteners-Edible syrups-Million pounds, dry weight",272.6315877
"Caloric sweeteners, availability (million pounds)",1966,"Caloric sweeteners-Honey-Million pounds, dry weight",196
"Caloric sweeteners, availability (million pounds)",1967,"Caloric sweeteners-Honey-Million pounds, dry weight",178
"Caloric sweeteners, availability (million pounds)",1968,"Caloric sweeteners-Honey-Million pounds, dry weight",180
"Caloric sweeteners, availability (million pounds)",1969,"Caloric sweeteners-Honey-Million pounds, dry weight",202
"Caloric sweeteners, availability (million pounds)",1970,"Caloric sweeteners-Honey-Million pounds, dry weight",206
"Caloric sweeteners, availability (million pounds)",1971,"Caloric sweeteners-Honey-Million pounds, dry weight",186
"Caloric sweeteners, availability (million pounds)",1972,"Caloric sweeteners-Honey-Million pounds, dry weight",210
"Caloric sweeteners, availability (million pounds)",1973,"Caloric sweeteners-Honey-Million pounds, dry weight",190
"Caloric sweeteners, availability (million pounds)",1974,"Caloric sweeteners-Honey-Million pounds, dry weight",150
"Caloric sweeteners, availability (million pounds)",1975,"Caloric sweeteners-Honey-Million pounds, dry weight",216
"Caloric sweeteners, availability (million pounds)",1976,"Caloric sweeteners-Honey-Million pounds, dry weight",200
"Caloric sweeteners, availability (million pounds)",1977,"Caloric sweeteners-Honey-Million pounds, dry weight",200
"Caloric sweeteners, availability (million pounds)",1978,"Caloric sweeteners-Honey-Million pounds, dry weight",240
"Caloric sweeteners, availability (million pounds)",1979,"Caloric sweeteners-Honey-Million pounds, dry weight",234
"Caloric sweeteners, availability (million pounds)",1980,"Caloric sweeteners-Honey-Million pounds, dry weight",187.746
"Caloric sweeteners, availability (million pounds)",1981,"Caloric sweeteners-Honey-Million pounds, dry weight",192.56
"Caloric sweeteners, availability (million pounds)",1982,"Caloric sweeteners-Honey-Million pounds, dry weight",208.164
"Caloric sweeteners, availability (million pounds)",1983,"Caloric sweeteners-Honey-Million pounds, dry weight",231.487
"Caloric sweeteners, availability (million pounds)",1984,"Caloric sweeteners-Honey-Million pounds, dry weight",216.049
"Caloric sweeteners, availability (million pounds)",1985,"Caloric sweeteners-Honey-Million pounds, dry weight",208.911
"Caloric sweeteners, availability (million pounds)",1986,"Caloric sweeteners-Honey-Million pounds, dry weight",241.862
"Caloric sweeteners, availability (million pounds)",1987,"Caloric sweeteners-Honey-Million pounds, dry weight",214.461
"Caloric sweeteners, availability (million pounds)",1988,"Caloric sweeteners-Honey-Million pounds, dry weight",207.52836
"Caloric sweeteners, availability (million pounds)",1989,"Caloric sweeteners-Honey-Million pounds, dry weight",193.0098345
"Caloric sweeteners, availability (million pounds)",1990,"Caloric sweeteners-Honey-Million pounds, dry weight",206.9963711
"Caloric sweeteners, availability (million pounds)",1991,"Caloric sweeteners-Honey-Million pounds, dry weight",232.6608823
"Caloric sweeteners, availability (million pounds)",1992,"Caloric sweeteners-Honey-Million pounds, dry weight",252.1266963
"Caloric sweeteners, availability (million pounds)",1993,"Caloric sweeteners-Honey-Million pounds, dry weight",269.6359551
"Caloric sweeteners, availability (million pounds)",1994,"Caloric sweeteners-Honey-Million pounds, dry weight",251.3487376
"Caloric sweeteners, availability (million pounds)",1995,"Caloric sweeteners-Honey-Million pounds, dry weight",240.1613259
"Caloric sweeteners, availability (million pounds)",1996,"Caloric sweeteners-Honey-Million pounds, dry weight",261.5556983
"Caloric sweeteners, availability (million pounds)",1997,"Caloric sweeteners-Honey-Million pounds, dry weight",258.6406321
"Caloric sweeteners, availability (million pounds)",1998,"Caloric sweeteners-Honey-Million pounds, dry weight",259.0730917
"Caloric sweeteners, availability (million pounds)",1999,"Caloric sweeteners-Honey-Million pounds, dry weight",293.9411401
"Caloric sweeteners, availability (million pounds)",2000,"Caloric sweeteners-Honey-Million pounds, dry weight",313.8086176
"Caloric sweeteners, availability (million pounds)",2001,"Caloric sweeteners-Honey-Million pounds, dry weight",268.221928
"Caloric sweeteners, availability (million pounds)",2002,"Caloric sweeteners-Honey-Million pounds, dry weight",306.5104354
"Caloric sweeteners, availability (million pounds)",2003,"Caloric sweeteners-Honey-Million pounds, dry weight",291.6245153
"Caloric sweeteners, availability (million pounds)",2004,"Caloric sweeteners-Honey-Million pounds, dry weight",260.3846288
"Caloric sweeteners, availability (million pounds)",2005,"Caloric sweeteners-Honey-Million pounds, dry weight",310.9856604
"Caloric sweeteners, availability (million pounds)",2006,"Caloric sweeteners-Honey-Million pounds, dry weight",333.4723315
"Caloric sweeteners, availability (million pounds)",2007,"Caloric sweeteners-Honey-Million pounds, dry weight",297.0463854
"Caloric sweeteners, availability (million pounds)",2008,"Caloric sweeteners-Honey-Million pounds, dry weight",301.5764299
"Caloric sweeteners, availability (million pounds)",2009,"Caloric sweeteners-Honey-Million pounds, dry weight",281.4917766
"Caloric sweeteners, availability (million pounds)",2010,"Caloric sweeteners-Honey-Million pounds, dry weight",320.2596422
"Caloric sweeteners, availability (million pounds)",2011,"Caloric sweeteners-Honey-Million pounds, dry weight",337.748803
"Caloric sweeteners, availability (million pounds)",2012,"Caloric sweeteners-Honey-Million pounds, dry weight",347.7465593
"Caloric sweeteners, availability (million pounds)",2013,"Caloric sweeteners-Honey-Million pounds, dry weight",365.6513415
"Caloric sweeteners, availability (million pounds)",2014,"Caloric sweeteners-Honey-Million pounds, dry weight",413.2567695
"Caloric sweeteners, availability (million pounds)",2015,"Caloric sweeteners-Honey-Million pounds, dry weight",414.018458
"Caloric sweeteners, availability (million pounds)",2016,"Caloric sweeteners-Honey-Million pounds, dry weight",404.7824411
"Caloric sweeteners, availability (million pounds)",2017,"Caloric sweeteners-Honey-Million pounds, dry weight",464.9144506
"Caloric sweeteners, availability (million pounds)",2018,"Caloric sweeteners-Honey-Million pounds, dry weight",435.0780572
"Caloric sweeteners, availability (million pounds)",2019,"Caloric sweeteners-Honey-Million pounds, dry weight",413.6624895
"Caloric sweeteners, availability (million pounds)",2020,"Caloric sweeteners-Honey-Million pounds, dry weight",444.9258278
"Caloric sweeteners, availability (million pounds)",2021,"Caloric sweeteners-Honey-Million pounds, dry weight",482.3538487
"Caloric sweeteners, availability (million pounds)",2022,"Caloric sweeteners-Honey-Million pounds, dry weight",441.665399
"Caloric sweeteners, availability (million pounds)",2023,"Caloric sweeteners-Honey-Million pounds, dry weight",428.8233067
"Caloric sweeteners, availability (million pounds)",1966,"Caloric sweeteners-Total caloric sweeteners-Million pounds, dry weight",22198.07212
"Caloric sweeteners, availability (million pounds)",1967,"Caloric sweeteners-Total caloric sweeteners-Million pounds, dry weight",22684.90989
"Caloric sweeteners, availability (million pounds)",1968,"Caloric sweeteners-Total caloric sweeteners-Million pounds, dry weight",23215.94811
"Caloric sweeteners, availability (million pounds)",1969,"Caloric sweeteners-Total caloric sweeteners-Million pounds, dry weight",23897.00764
"Caloric sweeteners, availability (million pounds)",1970,"Caloric sweeteners-Total caloric sweeteners-Million pounds, dry weight",24431.87249
"Caloric sweeteners, availability (million pounds)",1971,"Caloric sweeteners-Total caloric sweeteners-Million pounds, dry weight",24956.63022
"Caloric sweeteners, availability (million pounds)",1972,"Caloric sweeteners-Total caloric sweeteners-Million pounds, dry weight",25511.02161
"Caloric sweeteners, availability (million pounds)",1973,"Caloric sweeteners-Total caloric sweeteners-Million pounds, dry weight",25843.40463
"Caloric sweeteners, availability (million pounds)",1974,"Caloric sweeteners-Total caloric sweeteners-Million pounds, dry weight",25218.39795
"Caloric sweeteners, availability (million pounds)",1975,"Caloric sweeteners-Total caloric sweeteners-Million pounds, dry weight",24587.20827
"Caloric sweeteners, availability (million pounds)",1976,"Caloric sweeteners-Total caloric sweeteners-Million pounds, dry weight",26144.64244
"Caloric sweeteners, availability (million pounds)",1977,"Caloric sweeteners-Total caloric sweeteners-Million pounds, dry weight",27038.97367
"Caloric sweeteners, availability (million pounds)",1978,"Caloric sweeteners-Total caloric sweeteners-Million pounds, dry weight",27002.26457
"Caloric sweeteners, availability (million pounds)",1979,"Caloric sweeteners-Total caloric sweeteners-Million pounds, dry weight",27582.2052
"Caloric sweeteners, availability (million pounds)",1980,"Caloric sweeteners-Total caloric sweeteners-Million pounds, dry weight",27379.78041
"Caloric sweeteners, availability (million pounds)",1981,"Caloric sweeteners-Total caloric sweeteners-Million pounds, dry weight",27546.64589
"Caloric sweeteners, availability (million pounds)",1982,"Caloric sweeteners-Total caloric sweeteners-Million pounds, dry weight",27330.69877
"Caloric sweeteners, availability (million pounds)",1983,"Caloric sweeteners-Total caloric sweeteners-Million pounds, dry weight",27950.90854
"Caloric sweeteners, availability (million pounds)",1984,"Caloric sweeteners-Total caloric sweeteners-Million pounds, dry weight",28781.80553
"Caloric sweeteners, availability (million pounds)",1985,"Caloric sweeteners-Total caloric sweeteners-Million pounds, dry weight",30086.23962
"Caloric sweeteners, availability (million pounds)",1986,"Caloric sweeteners-Total caloric sweeteners-Million pounds, dry weight",29914.33239
"Caloric sweeteners, availability (million pounds)",1987,"Caloric sweeteners-Total caloric sweeteners-Million pounds, dry weight",31293.54157
"Caloric sweeteners, availability (million pounds)",1988,"Caloric sweeteners-Total caloric sweeteners-Million pounds, dry weight",31915.61248
"Caloric sweeteners, availability (million pounds)",1989,"Caloric sweeteners-Total caloric sweeteners-Million pounds, dry weight",31789.67292
"Caloric sweeteners, availability (million pounds)",1990,"Caloric sweeteners-Total caloric sweeteners-Million pounds, dry weight",33131.0932
"Caloric sweeteners, availability (million pounds)",1991,"Caloric sweeteners-Total caloric sweeteners-Million pounds, dry weight",33684.55068
"Caloric sweeteners, availability (million pounds)",1992,"Caloric sweeteners-Total caloric sweeteners-Million pounds, dry weight",34747.93218
"Caloric sweeteners, availability (million pounds)",1993,"Caloric sweeteners-Total caloric sweeteners-Million pounds, dry weight",35945.62813
"Caloric sweeteners, availability (million pounds)",1994,"Caloric sweeteners-Total caloric sweeteners-Million pounds, dry weight",37259.31451
"Caloric sweeteners, availability (million pounds)",1995,"Caloric sweeteners-Total caloric sweeteners-Million pounds, dry weight",38570.87498
"Caloric sweeteners, availability (million pounds)",1996,"Caloric sweeteners-Total caloric sweeteners-Million pounds, dry weight",39587.30283
"Caloric sweeteners, availability (million pounds)",1997,"Caloric sweeteners-Total caloric sweeteners-Million pounds, dry weight",40988.23221
"Caloric sweeteners, availability (million pounds)",1998,"Caloric sweeteners-Total caloric sweeteners-Million pounds, dry weight",41838.5517
"Caloric sweeteners, availability (million pounds)",1999,"Caloric sweeteners-Total caloric sweeteners-Million pounds, dry weight",42897.24103
"Caloric sweeteners, availability (million pounds)",2000,"Caloric sweeteners-Total caloric sweeteners-Million pounds, dry weight",42578.99273
"Caloric sweeteners, availability (million pounds)",2001,"Caloric sweeteners-Total caloric sweeteners-Million pounds, dry weight",42490.38489
"Caloric sweeteners, availability (million pounds)",2002,"Caloric sweeteners-Total caloric sweeteners-Million pounds, dry weight",42678.82575
"Caloric sweeteners, availability (million pounds)",2003,"Caloric sweeteners-Total caloric sweeteners-Million pounds, dry weight",41685.50529
"Caloric sweeteners, availability (million pounds)",2004,"Caloric sweeteners-Total caloric sweeteners-Million pounds, dry weight",42105.36991
"Caloric sweeteners, availability (million pounds)",2005,"Caloric sweeteners-Total caloric sweeteners-Million pounds, dry weight",42651.0919
"Caloric sweeteners, availability (million pounds)",2006,"Caloric sweeteners-Total caloric sweeteners-Million pounds, dry weight",42112.64387
"Caloric sweeteners, availability (million pounds)",2007,"Caloric sweeteners-Total caloric sweeteners-Million pounds, dry weight",41418.0247
"Caloric sweeteners, availability (million pounds)",2008,"Caloric sweeteners-Total caloric sweeteners-Million pounds, dry weight",41831.91068
"Caloric sweeteners, availability (million pounds)",2009,"Caloric sweeteners-Total caloric sweeteners-Million pounds, dry weight",40681.86388
"Caloric sweeteners, availability (million pounds)",2010,"Caloric sweeteners-Total caloric sweeteners-Million pounds, dry weight",41434.35146
"Caloric sweeteners, availability (million pounds)",2011,"Caloric sweeteners-Total caloric sweeteners-Million pounds, dry weight",40981.73574
"Caloric sweeteners, availability (million pounds)",2012,"Caloric sweeteners-Total caloric sweeteners-Million pounds, dry weight",41275.31288
"Caloric sweeteners, availability (million pounds)",2013,"Caloric sweeteners-Total caloric sweeteners-Million pounds, dry weight",41239.67495
"Caloric sweeteners, availability (million pounds)",2014,"Caloric sweeteners-Total caloric sweeteners-Million pounds, dry weight",42000.24301
"Caloric sweeteners, availability (million pounds)",2015,"Caloric sweeteners-Total caloric sweeteners-Million pounds, dry weight",42143.72277
"Caloric sweeteners, availability (million pounds)",2016,"Caloric sweeteners-Total caloric sweeteners-Million pounds, dry weight",42123.41806
"Caloric sweeteners, availability (million pounds)",2017,"Caloric sweeteners-Total caloric sweeteners-Million pounds, dry weight",42202.14069
"Caloric sweeteners, availability (million pounds)",2018,"Caloric sweeteners-Total caloric sweeteners-Million pounds, dry weight",41784.16815
"Caloric sweeteners, availability (million pounds)",2019,"Caloric sweeteners-Total caloric sweeteners-Million pounds, dry weight",41543.7625
"Caloric sweeteners, availability (million pounds)",2020,"Caloric sweeteners-Total caloric sweeteners-Million pounds, dry weight",41835.65442
"Caloric sweeteners, availability (million pounds)",2021,"Caloric sweeteners-Total caloric sweeteners-Million pounds, dry weight",42284.78062
"Caloric sweeteners, availability (million pounds)",2022,"Caloric sweeteners-Total caloric sweeteners-Million pounds, dry weight",42213.29957
"Caloric sweeteners, availability (million pounds)",2023,"Caloric sweeteners-Total caloric sweeteners-Million pounds, dry weight",41401.02122
"Caloric sweeteners, availability (short tons)",1966,"U.S. population, July 1-Millions",196.56
"Caloric sweeteners, availability (short tons)",1967,"U.S. population, July 1-Millions",198.712
"Caloric sweeteners, availability (short tons)",1968,"U.S. population, July 1-Millions",200.706
"Caloric sweeteners, availability (short tons)",1969,"U.S. population, July 1-Millions",202.677
"Caloric sweeteners, availability (short tons)",1970,"U.S. population, July 1-Millions",205.052
"Caloric sweeteners, availability (short tons)",1971,"U.S. population, July 1-Millions",207.661
"Caloric sweeteners, availability (short tons)",1972,"U.S. population, July 1-Millions",209.896
"Caloric sweeteners, availability (short tons)",1973,"U.S. population, July 1-Millions",211.909
"Caloric sweeteners, availability (short tons)",1974,"U.S. population, July 1-Millions",213.854
"Caloric sweeteners, availability (short tons)",1975,"U.S. population, July 1-Millions",215.973
"Caloric sweeteners, availability (short tons)",1976,"U.S. population, July 1-Millions",218.035
"Caloric sweeteners, availability (short tons)",1977,"U.S. population, July 1-Millions",220.239
"Caloric sweeteners, availability (short tons)",1978,"U.S. population, July 1-Millions",222.585
"Caloric sweeteners, availability (short tons)",1979,"U.S. population, July 1-Millions",225.055
"Caloric sweeteners, availability (short tons)",1980,"U.S. population, July 1-Millions",227.726
"Caloric sweeteners, availability (short tons)",1981,"U.S. population, July 1-Millions",229.966
"Caloric sweeteners, availability (short tons)",1982,"U.S. population, July 1-Millions",232.188
"Caloric sweeteners, availability (short tons)",1983,"U.S. population, July 1-Millions",234.307
"Caloric sweeteners, availability (short tons)",1984,"U.S. population, July 1-Millions",236.348
"Caloric sweeteners, availability (short tons)",1985,"U.S. population, July 1-Millions",238.466
"Caloric sweeteners, availability (short tons)",1986,"U.S. population, July 1-Millions",240.651
"Caloric sweeteners, availability (short tons)",1987,"U.S. population, July 1-Millions",242.804
"Caloric sweeteners, availability (short tons)",1988,"U.S. population, July 1-Millions",245.021
"Caloric sweeteners, availability (short tons)",1989,"U.S. population, July 1-Millions",247.342
"Caloric sweeteners, availability (short tons)",1990,"U.S. population, July 1-Millions",250.132
"Caloric sweeteners, availability (short tons)",1991,"U.S. population, July 1-Millions",253.493
"Caloric sweeteners, availability (short tons)",1992,"U.S. population, July 1-Millions",256.894
"Caloric sweeteners, availability (short tons)",1993,"U.S. population, July 1-Millions",260.255
"Caloric sweeteners, availability (short tons)",1994,"U.S. population, July 1-Millions",263.436
"Caloric sweeteners, availability (short tons)",1995,"U.S. population, July 1-Millions",266.557
"Caloric sweeteners, availability (short tons)",1996,"U.S. population, July 1-Millions",269.667
"Caloric sweeteners, availability (short tons)",1997,"U.S. population, July 1-Millions",272.912
"Caloric sweeteners, availability (short tons)",1998,"U.S. population, July 1-Millions",276.115
"Caloric sweeteners, availability (short tons)",1999,"U.S. population, July 1-Millions",279.295
"Caloric sweeteners, availability (short tons)",2000,"U.S. population, July 1-Millions",282.385
"Caloric sweeteners, availability (short tons)",2001,"U.S. population, July 1-Millions",285.309019
"Caloric sweeteners, availability (short tons)",2002,"U.S. population, July 1-Millions",288.104818
"Caloric sweeteners, availability (short tons)",2003,"U.S. population, July 1-Millions",290.819634
"Caloric sweeteners, availability (short tons)",2004,"U.S. population, July 1-Millions",293.463185
"Caloric sweeteners, availability (short tons)",2005,"U.S. population, July 1-Millions",296.186216
"Caloric sweeteners, availability (short tons)",2006,"U.S. population, July 1-Millions",298.995825
"Caloric sweeteners, availability (short tons)",2007,"U.S. population, July 1-Millions",302.003917
"Caloric sweeteners, availability (short tons)",2008,"U.S. population, July 1-Millions",304.797761
"Caloric sweeteners, availability (short tons)",2009,"U.S. population, July 1-Millions",307.439406
"Caloric sweeteners, availability (short tons)",2010,"U.S. population, July 1-Millions",309.741279
"Caloric sweeteners, availability (short tons)",2011,"U.S. population, July 1-Millions",311.973914
"Caloric sweeteners, availability (short tons)",2012,"U.S. population, July 1-Millions",314.167558
"Caloric sweeteners, availability (short tons)",2013,"U.S. population, July 1-Millions",316.294766
"Caloric sweeteners, availability (short tons)",2014,"U.S. population, July 1-Millions",318.576955
"Caloric sweeteners, availability (short tons)",2015,"U.S. population, July 1-Millions",320.870703
"Caloric sweeteners, availability (short tons)",2016,"U.S. population, July 1-Millions",323.161011
"Caloric sweeteners, availability (short tons)",2017,"U.S. population, July 1-Millions",325.20603
"Caloric sweeteners, availability (short tons)",2018,"U.S. population, July 1-Millions",326.923976
"Caloric sweeteners, availability (short tons)",2019,"U.S. population, July 1-Millions",328.475998
"Caloric sweeteners, availability (short tons)",2020,"U.S. population, July 1-Millions",330.11398
"Caloric sweeteners, availability (short tons)",2021,"U.S. population, July 1-Millions",332.298819
"Caloric sweeteners, availability (short tons)",2022,"U.S. population, July 1-Millions",333.521104
"Caloric sweeteners, availability (short tons)",2023,"U.S. population, July 1-Millions",335.160938
"Caloric sweeteners, availability (short tons)",1966,"Caloric sweeteners-Cane and beet sugar deliveries-Raw-1,000 short tons, dry weight",10235
"Caloric sweeteners, availability (short tons)",1967,"Caloric sweeteners-Cane and beet sugar deliveries-Raw-1,000 short tons, dry weight",10474
"Caloric sweeteners, availability (short tons)",1968,"Caloric sweeteners-Cane and beet sugar deliveries-Raw-1,000 short tons, dry weight",10656
"Caloric sweeteners, availability (short tons)",1969,"Caloric sweeteners-Cane and beet sugar deliveries-Raw-1,000 short tons, dry weight",10950
"Caloric sweeteners, availability (short tons)",1970,"Caloric sweeteners-Cane and beet sugar deliveries-Raw-1,000 short tons, dry weight",11163
"Caloric sweeteners, availability (short tons)",1971,"Caloric sweeteners-Cane and beet sugar deliveries-Raw-1,000 short tons, dry weight",11345
"Caloric sweeteners, availability (short tons)",1972,"Caloric sweeteners-Cane and beet sugar deliveries-Raw-1,000 short tons, dry weight",11487
"Caloric sweeteners, availability (short tons)",1973,"Caloric sweeteners-Cane and beet sugar deliveries-Raw-1,000 short tons, dry weight",11429
"Caloric sweeteners, availability (short tons)",1974,"Caloric sweeteners-Cane and beet sugar deliveries-Raw-1,000 short tons, dry weight",10945
"Caloric sweeteners, availability (short tons)",1975,"Caloric sweeteners-Cane and beet sugar deliveries-Raw-1,000 short tons, dry weight",10302
"Caloric sweeteners, availability (short tons)",1976,"Caloric sweeteners-Cane and beet sugar deliveries-Raw-1,000 short tons, dry weight",10893
"Caloric sweeteners, availability (short tons)",1977,"Caloric sweeteners-Cane and beet sugar deliveries-Raw-1,000 short tons, dry weight",11099
"Caloric sweeteners, availability (short tons)",1978,"Caloric sweeteners-Cane and beet sugar deliveries-Raw-1,000 short tons, dry weight",10889
"Caloric sweeteners, availability (short tons)",1979,"Caloric sweeteners-Cane and beet sugar deliveries-Raw-1,000 short tons, dry weight",10756
"Caloric sweeteners, availability (short tons)",1980,"Caloric sweeteners-Cane and beet sugar deliveries-Raw-1,000 short tons, dry weight",10189
"Caloric sweeteners, availability (short tons)",1981,"Caloric sweeteners-Cane and beet sugar deliveries-Raw-1,000 short tons, dry weight",9769
"Caloric sweeteners, availability (short tons)",1982,"Caloric sweeteners-Cane and beet sugar deliveries-Raw-1,000 short tons, dry weight",9153
"Caloric sweeteners, availability (short tons)",1983,"Caloric sweeteners-Cane and beet sugar deliveries-Raw-1,000 short tons, dry weight",8812
"Caloric sweeteners, availability (short tons)",1984,"Caloric sweeteners-Cane and beet sugar deliveries-Raw-1,000 short tons, dry weight",8428
"Caloric sweeteners, availability (short tons)",1985,"Caloric sweeteners-Cane and beet sugar deliveries-Raw-1,000 short tons, dry weight",8003
"Caloric sweeteners, availability (short tons)",1986,"Caloric sweeteners-Cane and beet sugar deliveries-Raw-1,000 short tons, dry weight",7731
"Caloric sweeteners, availability (short tons)",1987,"Caloric sweeteners-Cane and beet sugar deliveries-Raw-1,000 short tons, dry weight",8103
"Caloric sweeteners, availability (short tons)",1988,"Caloric sweeteners-Cane and beet sugar deliveries-Raw-1,000 short tons, dry weight",8136
"Caloric sweeteners, availability (short tons)",1989,"Caloric sweeteners-Cane and beet sugar deliveries-Raw-1,000 short tons, dry weight",8304
"Caloric sweeteners, availability (short tons)",1990,"Caloric sweeteners-Cane and beet sugar deliveries-Raw-1,000 short tons, dry weight",8615
"Caloric sweeteners, availability (short tons)",1991,"Caloric sweeteners-Cane and beet sugar deliveries-Raw-1,000 short tons, dry weight",8622
"Caloric sweeteners, availability (short tons)",1992,"Caloric sweeteners-Cane and beet sugar deliveries-Raw-1,000 short tons, dry weight",8826
"Caloric sweeteners, availability (short tons)",1993,"Caloric sweeteners-Cane and beet sugar deliveries-Raw-1,000 short tons, dry weight",8886
"Caloric sweeteners, availability (short tons)",1994,"Caloric sweeteners-Cane and beet sugar deliveries-Raw-1,000 short tons, dry weight",9071.77925
"Caloric sweeteners, availability (short tons)",1995,"Caloric sweeteners-Cane and beet sugar deliveries-Raw-1,000 short tons, dry weight",9258.11769
"Caloric sweeteners, availability (short tons)",1996,"Caloric sweeteners-Cane and beet sugar deliveries-Raw-1,000 short tons, dry weight",9380.919468
"Caloric sweeteners, availability (short tons)",1997,"Caloric sweeteners-Cane and beet sugar deliveries-Raw-1,000 short tons, dry weight",9472.788552
"Caloric sweeteners, availability (short tons)",1998,"Caloric sweeteners-Cane and beet sugar deliveries-Raw-1,000 short tons, dry weight",9591.584606
"Caloric sweeteners, availability (short tons)",1999,"Caloric sweeteners-Cane and beet sugar deliveries-Raw-1,000 short tons, dry weight",9905.216204
"Caloric sweeteners, availability (short tons)",2000,"Caloric sweeteners-Cane and beet sugar deliveries-Raw-1,000 short tons, dry weight",9899.330956
"Caloric sweeteners, availability (short tons)",2001,"Caloric sweeteners-Cane and beet sugar deliveries-Raw-1,000 short tons, dry weight",9838.787525
"Caloric sweeteners, availability (short tons)",2002,"Caloric sweeteners-Cane and beet sugar deliveries-Raw-1,000 short tons, dry weight",9742.116161
"Caloric sweeteners, availability (short tons)",2003,"Caloric sweeteners-Cane and beet sugar deliveries-Raw-1,000 short tons, dry weight",9467.50783
"Caloric sweeteners, availability (short tons)",2004,"Caloric sweeteners-Cane and beet sugar deliveries-Raw-1,000 short tons, dry weight",9660.816167
"Caloric sweeteners, availability (short tons)",2005,"Caloric sweeteners-Cane and beet sugar deliveries-Raw-1,000 short tons, dry weight",9976.52107
"Caloric sweeteners, availability (short tons)",2006,"Caloric sweeteners-Cane and beet sugar deliveries-Raw-1,000 short tons, dry weight",9936.009345
"Caloric sweeteners, availability (short tons)",2007,"Caloric sweeteners-Cane and beet sugar deliveries-Raw-1,000 short tons, dry weight",9875.914847
"Caloric sweeteners, availability (short tons)",2008,"Caloric sweeteners-Cane and beet sugar deliveries-Raw-1,000 short tons, dry weight",10605.01379
"Caloric sweeteners, availability (short tons)",2009,"Caloric sweeteners-Cane and beet sugar deliveries-Raw-1,000 short tons, dry weight",10421.92028
"Caloric sweeteners, availability (short tons)",2010,"Caloric sweeteners-Cane and beet sugar deliveries-Raw-1,000 short tons, dry weight",10922.88653
"Caloric sweeteners, availability (short tons)",2011,"Caloric sweeteners-Cane and beet sugar deliveries-Raw-1,000 short tons, dry weight",10995.5343
"Caloric sweeteners, availability (short tons)",2012,"Caloric sweeteners-Cane and beet sugar deliveries-Raw-1,000 short tons, dry weight",11198.74776
"Caloric sweeteners, availability (short tons)",2013,"Caloric sweeteners-Cane and beet sugar deliveries-Raw-1,000 short tons, dry weight",11505.0805
"Caloric sweeteners, availability (short tons)",2014,"Caloric sweeteners-Cane and beet sugar deliveries-Raw-1,000 short tons, dry weight",11663.01441
"Caloric sweeteners, availability (short tons)",2015,"Caloric sweeteners-Cane and beet sugar deliveries-Raw-1,000 short tons, dry weight",11848.82462
"Caloric sweeteners, availability (short tons)",2016,"Caloric sweeteners-Cane and beet sugar deliveries-Raw-1,000 short tons, dry weight",12033.47858
"Caloric sweeteners, availability (short tons)",2017,"Caloric sweeteners-Cane and beet sugar deliveries-Raw-1,000 short tons, dry weight",12018.04529
"Caloric sweeteners, availability (short tons)",2018,"Caloric sweeteners-Cane and beet sugar deliveries-Raw-1,000 short tons, dry weight",11973.71807
"Caloric sweeteners, availability (short tons)",2019,"Caloric sweeteners-Cane and beet sugar deliveries-Raw-1,000 short tons, dry weight",11986.18414
"Caloric sweeteners, availability (short tons)",2020,"Caloric sweeteners-Cane and beet sugar deliveries-Raw-1,000 short tons, dry weight",12104.29415
"Caloric sweeteners, availability (short tons)",2021,"Caloric sweeteners-Cane and beet sugar deliveries-Raw-1,000 short tons, dry weight",12354.22059
"Caloric sweeteners, availability (short tons)",2022,"Caloric sweeteners-Cane and beet sugar deliveries-Raw-1,000 short tons, dry weight",12348.79849
"Caloric sweeteners, availability (short tons)",2023,"Caloric sweeteners-Cane and beet sugar deliveries-Raw-1,000 short tons, dry weight",12265.7078
"Caloric sweeteners, availability (short tons)",1966,"Caloric sweeteners-Cane and beet sugar deliveries-Refined-1,000 short tons, dry weight",9565.420561
"Caloric sweeteners, availability (short tons)",1967,"Caloric sweeteners-Cane and beet sugar deliveries-Refined-1,000 short tons, dry weight",9788.785047
"Caloric sweeteners, availability (short tons)",1968,"Caloric sweeteners-Cane and beet sugar deliveries-Refined-1,000 short tons, dry weight",9958.878505
"Caloric sweeteners, availability (short tons)",1969,"Caloric sweeteners-Cane and beet sugar deliveries-Refined-1,000 short tons, dry weight",10233.64486
"Caloric sweeteners, availability (short tons)",1970,"Caloric sweeteners-Cane and beet sugar deliveries-Refined-1,000 short tons, dry weight",10432.71028
"Caloric sweeteners, availability (short tons)",1971,"Caloric sweeteners-Cane and beet sugar deliveries-Refined-1,000 short tons, dry weight",10602.80374
"Caloric sweeteners, availability (short tons)",1972,"Caloric sweeteners-Cane and beet sugar deliveries-Refined-1,000 short tons, dry weight",10735.51402
"Caloric sweeteners, availability (short tons)",1973,"Caloric sweeteners-Cane and beet sugar deliveries-Refined-1,000 short tons, dry weight",10681.30841
"Caloric sweeteners, availability (short tons)",1974,"Caloric sweeteners-Cane and beet sugar deliveries-Refined-1,000 short tons, dry weight",10228.97196
"Caloric sweeteners, availability (short tons)",1975,"Caloric sweeteners-Cane and beet sugar deliveries-Refined-1,000 short tons, dry weight",9628.037383
"Caloric sweeteners, availability (short tons)",1976,"Caloric sweeteners-Cane and beet sugar deliveries-Refined-1,000 short tons, dry weight",10180.37383
"Caloric sweeteners, availability (short tons)",1977,"Caloric sweeteners-Cane and beet sugar deliveries-Refined-1,000 short tons, dry weight",10372.8972
"Caloric sweeteners, availability (short tons)",1978,"Caloric sweeteners-Cane and beet sugar deliveries-Refined-1,000 short tons, dry weight",10176.63551
"Caloric sweeteners, availability (short tons)",1979,"Caloric sweeteners-Cane and beet sugar deliveries-Refined-1,000 short tons, dry weight",10052.33645
"Caloric sweeteners, availability (short tons)",1980,"Caloric sweeteners-Cane and beet sugar deliveries-Refined-1,000 short tons, dry weight",9522.429907
"Caloric sweeteners, availability (short tons)",1981,"Caloric sweeteners-Cane and beet sugar deliveries-Refined-1,000 short tons, dry weight",9129.906542
"Caloric sweeteners, availability (short tons)",1982,"Caloric sweeteners-Cane and beet sugar deliveries-Refined-1,000 short tons, dry weight",8554.205607
"Caloric sweeteners, availability (short tons)",1983,"Caloric sweeteners-Cane and beet sugar deliveries-Refined-1,000 short tons, dry weight",8235.514019
"Caloric sweeteners, availability (short tons)",1984,"Caloric sweeteners-Cane and beet sugar deliveries-Refined-1,000 short tons, dry weight",7876.635514
"Caloric sweeteners, availability (short tons)",1985,"Caloric sweeteners-Cane and beet sugar deliveries-Refined-1,000 short tons, dry weight",7479.439252
"Caloric sweeteners, availability (short tons)",1986,"Caloric sweeteners-Cane and beet sugar deliveries-Refined-1,000 short tons, dry weight",7225.233645
"Caloric sweeteners, availability (short tons)",1987,"Caloric sweeteners-Cane and beet sugar deliveries-Refined-1,000 short tons, dry weight",7572.897196
"Caloric sweeteners, availability (short tons)",1988,"Caloric sweeteners-Cane and beet sugar deliveries-Refined-1,000 short tons, dry weight",7603.738318
"Caloric sweeteners, availability (short tons)",1989,"Caloric sweeteners-Cane and beet sugar deliveries-Refined-1,000 short tons, dry weight",7760.747664
"Caloric sweeteners, availability (short tons)",1990,"Caloric sweeteners-Cane and beet sugar deliveries-Refined-1,000 short tons, dry weight",8051.401869
"Caloric sweeteners, availability (short tons)",1991,"Caloric sweeteners-Cane and beet sugar deliveries-Refined-1,000 short tons, dry weight",8057.943925
"Caloric sweeteners, availability (short tons)",1992,"Caloric sweeteners-Cane and beet sugar deliveries-Refined-1,000 short tons, dry weight",8248.598131
"Caloric sweeteners, availability (short tons)",1993,"Caloric sweeteners-Cane and beet sugar deliveries-Refined-1,000 short tons, dry weight",8304.672897
"Caloric sweeteners, availability (short tons)",1994,"Caloric sweeteners-Cane and beet sugar deliveries-Refined-1,000 short tons, dry weight",8478.298364
"Caloric sweeteners, availability (short tons)",1995,"Caloric sweeteners-Cane and beet sugar deliveries-Refined-1,000 short tons, dry weight",8652.446439
"Caloric sweeteners, availability (short tons)",1996,"Caloric sweeteners-Cane and beet sugar deliveries-Refined-1,000 short tons, dry weight",8767.214456
"Caloric sweeteners, availability (short tons)",1997,"Caloric sweeteners-Cane and beet sugar deliveries-Refined-1,000 short tons, dry weight",8853.073413
"Caloric sweeteners, availability (short tons)",1998,"Caloric sweeteners-Cane and beet sugar deliveries-Refined-1,000 short tons, dry weight",8964.097763
"Caloric sweeteners, availability (short tons)",1999,"Caloric sweeteners-Cane and beet sugar deliveries-Refined-1,000 short tons, dry weight",9257.211405
"Caloric sweeteners, availability (short tons)",2000,"Caloric sweeteners-Cane and beet sugar deliveries-Refined-1,000 short tons, dry weight",9251.711174
"Caloric sweeteners, availability (short tons)",2001,"Caloric sweeteners-Cane and beet sugar deliveries-Refined-1,000 short tons, dry weight",9195.128528
"Caloric sweeteners, availability (short tons)",2002,"Caloric sweeteners-Cane and beet sugar deliveries-Refined-1,000 short tons, dry weight",9104.781459
"Caloric sweeteners, availability (short tons)",2003,"Caloric sweeteners-Cane and beet sugar deliveries-Refined-1,000 short tons, dry weight",8848.138159
"Caloric sweeteners, availability (short tons)",2004,"Caloric sweeteners-Cane and beet sugar deliveries-Refined-1,000 short tons, dry weight",9028.800156
"Caloric sweeteners, availability (short tons)",2005,"Caloric sweeteners-Cane and beet sugar deliveries-Refined-1,000 short tons, dry weight",9323.851467
"Caloric sweeteners, availability (short tons)",2006,"Caloric sweeteners-Cane and beet sugar deliveries-Refined-1,000 short tons, dry weight",9285.990042
"Caloric sweeteners, availability (short tons)",2007,"Caloric sweeteners-Cane and beet sugar deliveries-Refined-1,000 short tons, dry weight",9229.82696
"Caloric sweeteners, availability (short tons)",2008,"Caloric sweeteners-Cane and beet sugar deliveries-Refined-1,000 short tons, dry weight",9911.22784
"Caloric sweeteners, availability (short tons)",2009,"Caloric sweeteners-Cane and beet sugar deliveries-Refined-1,000 short tons, dry weight",9740.112413
"Caloric sweeteners, availability (short tons)",2010,"Caloric sweeteners-Cane and beet sugar deliveries-Refined-1,000 short tons, dry weight",10208.30517
"Caloric sweeteners, availability (short tons)",2011,"Caloric sweeteners-Cane and beet sugar deliveries-Refined-1,000 short tons, dry weight",10276.20028
"Caloric sweeteners, availability (short tons)",2012,"Caloric sweeteners-Cane and beet sugar deliveries-Refined-1,000 short tons, dry weight",10466.1194
"Caloric sweeteners, availability (short tons)",2013,"Caloric sweeteners-Cane and beet sugar deliveries-Refined-1,000 short tons, dry weight",10752.41168
"Caloric sweeteners, availability (short tons)",2014,"Caloric sweeteners-Cane and beet sugar deliveries-Refined-1,000 short tons, dry weight",10900.01347
"Caloric sweeteners, availability (short tons)",2015,"Caloric sweeteners-Cane and beet sugar deliveries-Refined-1,000 short tons, dry weight",11073.66787
"Caloric sweeteners, availability (short tons)",2016,"Caloric sweeteners-Cane and beet sugar deliveries-Refined-1,000 short tons, dry weight",11246.24167
"Caloric sweeteners, availability (short tons)",2017,"Caloric sweeteners-Cane and beet sugar deliveries-Refined-1,000 short tons, dry weight",11231.81802
"Caloric sweeteners, availability (short tons)",2018,"Caloric sweeteners-Cane and beet sugar deliveries-Refined-1,000 short tons, dry weight",11190.39072
"Caloric sweeteners, availability (short tons)",2019,"Caloric sweeteners-Cane and beet sugar deliveries-Refined-1,000 short tons, dry weight",11202.04126
"Caloric sweeteners, availability (short tons)",2020,"Caloric sweeteners-Cane and beet sugar deliveries-Refined-1,000 short tons, dry weight",11312.42444
"Caloric sweeteners, availability (short tons)",2021,"Caloric sweeteners-Cane and beet sugar deliveries-Refined-1,000 short tons, dry weight",11546.00055
"Caloric sweeteners, availability (short tons)",2022,"Caloric sweeteners-Cane and beet sugar deliveries-Refined-1,000 short tons, dry weight",11540.93317
"Caloric sweeteners, availability (short tons)",2023,"Caloric sweeteners-Cane and beet sugar deliveries-Refined-1,000 short tons, dry weight",11463.27832
"Caloric sweeteners, availability (short tons)",1966,"Caloric sweeteners-Corn sweeteners-HFCS-1,000 short tons, dry weight",
"Caloric sweeteners, availability (short tons)",1967,"Caloric sweeteners-Corn sweeteners-HFCS-1,000 short tons, dry weight",3
"Caloric sweeteners, availability (short tons)",1968,"Caloric sweeteners-Corn sweeteners-HFCS-1,000 short tons, dry weight",15
"Caloric sweeteners, availability (short tons)",1969,"Caloric sweeteners-Corn sweeteners-HFCS-1,000 short tons, dry weight",33
"Caloric sweeteners, availability (short tons)",1970,"Caloric sweeteners-Corn sweeteners-HFCS-1,000 short tons, dry weight",56.18268821
"Caloric sweeteners, availability (short tons)",1971,"Caloric sweeteners-Corn sweeteners-HFCS-1,000 short tons, dry weight",85.63024219
"Caloric sweeteners, availability (short tons)",1972,"Caloric sweeteners-Corn sweeteners-HFCS-1,000 short tons, dry weight",121.1600357
"Caloric sweeteners, availability (short tons)",1973,"Caloric sweeteners-Corn sweeteners-HFCS-1,000 short tons, dry weight",218.4931561
"Caloric sweeteners, availability (short tons)",1974,"Caloric sweeteners-Corn sweeteners-HFCS-1,000 short tons, dry weight",295.3920144
"Caloric sweeteners, availability (short tons)",1975,"Caloric sweeteners-Corn sweeteners-HFCS-1,000 short tons, dry weight",526.885
"Caloric sweeteners, availability (short tons)",1976,"Caloric sweeteners-Corn sweeteners-HFCS-1,000 short tons, dry weight",782.2076406
"Caloric sweeteners, availability (short tons)",1977,"Caloric sweeteners-Corn sweeteners-HFCS-1,000 short tons, dry weight",1056.897387
"Caloric sweeteners, availability (short tons)",1978,"Caloric sweeteners-Corn sweeteners-HFCS-1,000 short tons, dry weight",1198.334769
"Caloric sweeteners, availability (short tons)",1979,"Caloric sweeteners-Corn sweeteners-HFCS-1,000 short tons, dry weight",1659.802901
"Caloric sweeteners, availability (short tons)",1980,"Caloric sweeteners-Corn sweeteners-HFCS-1,000 short tons, dry weight",2158.354298
"Caloric sweeteners, availability (short tons)",1981,"Caloric sweeteners-Corn sweeteners-HFCS-1,000 short tons, dry weight",2625.530153
"Caloric sweeteners, availability (short tons)",1982,"Caloric sweeteners-Corn sweeteners-HFCS-1,000 short tons, dry weight",3090.041276
"Caloric sweeteners, availability (short tons)",1983,"Caloric sweeteners-Corn sweeteners-HFCS-1,000 short tons, dry weight",3655.362
"Caloric sweeteners, availability (short tons)",1984,"Caloric sweeteners-Corn sweeteners-HFCS-1,000 short tons, dry weight",4399.177
"Caloric sweeteners, availability (short tons)",1985,"Caloric sweeteners-Corn sweeteners-HFCS-1,000 short tons, dry weight",5385.881
"Caloric sweeteners, availability (short tons)",1986,"Caloric sweeteners-Corn sweeteners-HFCS-1,000 short tons, dry weight",5498.132
"Caloric sweeteners, availability (short tons)",1987,"Caloric sweeteners-Corn sweeteners-HFCS-1,000 short tons, dry weight",5791.983
"Caloric sweeteners, availability (short tons)",1988,"Caloric sweeteners-Corn sweeteners-HFCS-1,000 short tons, dry weight",5998.393
"Caloric sweeteners, availability (short tons)",1989,"Caloric sweeteners-Corn sweeteners-HFCS-1,000 short tons, dry weight",5960.468
"Caloric sweeteners, availability (short tons)",1990,"Caloric sweeteners-Corn sweeteners-HFCS-1,000 short tons, dry weight",6202.45
"Caloric sweeteners, availability (short tons)",1991,"Caloric sweeteners-Corn sweeteners-HFCS-1,000 short tons, dry weight",6376.041
"Caloric sweeteners, availability (short tons)",1992,"Caloric sweeteners-Corn sweeteners-HFCS-1,000 short tons, dry weight",6578.32989
"Caloric sweeteners, availability (short tons)",1993,"Caloric sweeteners-Corn sweeteners-HFCS-1,000 short tons, dry weight",6984.903319
"Caloric sweeteners, availability (short tons)",1994,"Caloric sweeteners-Corn sweeteners-HFCS-1,000 short tons, dry weight",7415.404633
"Caloric sweeteners, availability (short tons)",1995,"Caloric sweeteners-Corn sweeteners-HFCS-1,000 short tons, dry weight",7781.309847
"Caloric sweeteners, availability (short tons)",1996,"Caloric sweeteners-Corn sweeteners-HFCS-1,000 short tons, dry weight",8049.968919
"Caloric sweeteners, availability (short tons)",1997,"Caloric sweeteners-Corn sweeteners-HFCS-1,000 short tons, dry weight",8554.778267
"Caloric sweeteners, availability (short tons)",1998,"Caloric sweeteners-Corn sweeteners-HFCS-1,000 short tons, dry weight",8884.840781
"Caloric sweeteners, availability (short tons)",1999,"Caloric sweeteners-Corn sweeteners-HFCS-1,000 short tons, dry weight",9196.8765
"Caloric sweeteners, availability (short tons)",2000,"Caloric sweeteners-Corn sweeteners-HFCS-1,000 short tons, dry weight",9090.58558
"Caloric sweeteners, availability (short tons)",2001,"Caloric sweeteners-Corn sweeteners-HFCS-1,000 short tons, dry weight",9098.147531
"Caloric sweeteners, availability (short tons)",2002,"Caloric sweeteners-Corn sweeteners-HFCS-1,000 short tons, dry weight",9245.641957
"Caloric sweeteners, availability (short tons)",2003,"Caloric sweeteners-Corn sweeteners-HFCS-1,000 short tons, dry weight",9078.258744
"Caloric sweeteners, availability (short tons)",2004,"Caloric sweeteners-Corn sweeteners-HFCS-1,000 short tons, dry weight",9017.294787
"Caloric sweeteners, availability (short tons)",2005,"Caloric sweeteners-Corn sweeteners-HFCS-1,000 short tons, dry weight",9008.238511
"Caloric sweeteners, availability (short tons)",2006,"Caloric sweeteners-Corn sweeteners-HFCS-1,000 short tons, dry weight",8984.341885
"Caloric sweeteners, availability (short tons)",2007,"Caloric sweeteners-Corn sweeteners-HFCS-1,000 short tons, dry weight",8717.146568
"Caloric sweeteners, availability (short tons)",2008,"Caloric sweeteners-Corn sweeteners-HFCS-1,000 short tons, dry weight",8300.800644
"Caloric sweeteners, availability (short tons)",2009,"Caloric sweeteners-Corn sweeteners-HFCS-1,000 short tons, dry weight",7957.243956
"Caloric sweeteners, availability (short tons)",2010,"Caloric sweeteners-Corn sweeteners-HFCS-1,000 short tons, dry weight",7830.580358
"Caloric sweeteners, availability (short tons)",2011,"Caloric sweeteners-Corn sweeteners-HFCS-1,000 short tons, dry weight",7578.377109
"Caloric sweeteners, availability (short tons)",2012,"Caloric sweeteners-Corn sweeteners-HFCS-1,000 short tons, dry weight",7494.060883
"Caloric sweeteners, availability (short tons)",2013,"Caloric sweeteners-Corn sweeteners-HFCS-1,000 short tons, dry weight",7243.167875
"Caloric sweeteners, availability (short tons)",2014,"Caloric sweeteners-Corn sweeteners-HFCS-1,000 short tons, dry weight",7331.859559
"Caloric sweeteners, availability (short tons)",2015,"Caloric sweeteners-Corn sweeteners-HFCS-1,000 short tons, dry weight",7183.471674
"Caloric sweeteners, availability (short tons)",2016,"Caloric sweeteners-Corn sweeteners-HFCS-1,000 short tons, dry weight",7035.911222
"Caloric sweeteners, availability (short tons)",2017,"Caloric sweeteners-Corn sweeteners-HFCS-1,000 short tons, dry weight",6883.194999
"Caloric sweeteners, availability (short tons)",2018,"Caloric sweeteners-Corn sweeteners-HFCS-1,000 short tons, dry weight",6701.759685
"Caloric sweeteners, availability (short tons)",2019,"Caloric sweeteners-Corn sweeteners-HFCS-1,000 short tons, dry weight",6578.451846
"Caloric sweeteners, availability (short tons)",2020,"Caloric sweeteners-Corn sweeteners-HFCS-1,000 short tons, dry weight",6637.383511
"Caloric sweeteners, availability (short tons)",2021,"Caloric sweeteners-Corn sweeteners-HFCS-1,000 short tons, dry weight",6565.710895
"Caloric sweeteners, availability (short tons)",2022,"Caloric sweeteners-Corn sweeteners-HFCS-1,000 short tons, dry weight",6554.396141
"Caloric sweeteners, availability (short tons)",2023,"Caloric sweeteners-Corn sweeteners-HFCS-1,000 short tons, dry weight",6327.591034
"Caloric sweeteners, availability (short tons)",1966,"Caloric sweeteners-Corn sweeteners-Glucose-1,000 short tons, dry weight",951.7575
"Caloric sweeteners, availability (short tons)",1967,"Caloric sweeteners-Corn sweeteners-Glucose-1,000 short tons, dry weight",983.8339002
"Caloric sweeteners, availability (short tons)",1968,"Caloric sweeteners-Corn sweeteners-Glucose-1,000 short tons, dry weight",1030.573548
"Caloric sweeteners, availability (short tons)",1969,"Caloric sweeteners-Corn sweeteners-Glucose-1,000 short tons, dry weight",1060.919961
"Caloric sweeteners, availability (short tons)",1970,"Caloric sweeteners-Corn sweeteners-Glucose-1,000 short tons, dry weight",1101.891278
"Caloric sweeteners, availability (short tons)",1971,"Caloric sweeteners-Corn sweeteners-Glucose-1,000 short tons, dry weight",1163.116129
"Caloric sweeteners, availability (short tons)",1972,"Caloric sweeteners-Corn sweeteners-Glucose-1,000 short tons, dry weight",1257.31275
"Caloric sweeteners, availability (short tons)",1973,"Caloric sweeteners-Corn sweeteners-Glucose-1,000 short tons, dry weight",1384.47675
"Caloric sweeteners, availability (short tons)",1974,"Caloric sweeteners-Corn sweeteners-Glucose-1,000 short tons, dry weight",1480.491
"Caloric sweeteners, availability (short tons)",1975,"Caloric sweeteners-Corn sweeteners-Glucose-1,000 short tons, dry weight",1514.59575
"Caloric sweeteners, availability (short tons)",1976,"Caloric sweeteners-Corn sweeteners-Glucose-1,000 short tons, dry weight",1513.89975
"Caloric sweeteners, availability (short tons)",1977,"Caloric sweeteners-Corn sweeteners-Glucose-1,000 short tons, dry weight",1517.18025
"Caloric sweeteners, availability (short tons)",1978,"Caloric sweeteners-Corn sweeteners-Glucose-1,000 short tons, dry weight",1550.811
"Caloric sweeteners, availability (short tons)",1979,"Caloric sweeteners-Corn sweeteners-Glucose-1,000 short tons, dry weight",1519.18725
"Caloric sweeteners, availability (short tons)",1980,"Caloric sweeteners-Corn sweeteners-Glucose-1,000 short tons, dry weight",1471.83
"Caloric sweeteners, availability (short tons)",1981,"Caloric sweeteners-Corn sweeteners-Glucose-1,000 short tons, dry weight",1486.10625
"Caloric sweeteners, availability (short tons)",1982,"Caloric sweeteners-Corn sweeteners-Glucose-1,000 short tons, dry weight",1479.3105
"Caloric sweeteners, availability (short tons)",1983,"Caloric sweeteners-Corn sweeteners-Glucose-1,000 short tons, dry weight",1523.49375
"Caloric sweeteners, availability (short tons)",1984,"Caloric sweeteners-Corn sweeteners-Glucose-1,000 short tons, dry weight",1552.21275
"Caloric sweeteners, availability (short tons)",1985,"Caloric sweeteners-Corn sweeteners-Glucose-1,000 short tons, dry weight",1607.364
"Caloric sweeteners, availability (short tons)",1986,"Caloric sweeteners-Corn sweeteners-Glucose-1,000 short tons, dry weight",1632.471
"Caloric sweeteners, availability (short tons)",1987,"Caloric sweeteners-Corn sweeteners-Glucose-1,000 short tons, dry weight",1679.202
"Caloric sweeteners, availability (short tons)",1988,"Caloric sweeteners-Corn sweeteners-Glucose-1,000 short tons, dry weight",1746.81675
"Caloric sweeteners, availability (short tons)",1989,"Caloric sweeteners-Corn sweeteners-Glucose-1,000 short tons, dry weight",1586.89593
"Caloric sweeteners, availability (short tons)",1990,"Caloric sweeteners-Corn sweeteners-Glucose-1,000 short tons, dry weight",1700.492375
"Caloric sweeteners, availability (short tons)",1991,"Caloric sweeteners-Corn sweeteners-Glucose-1,000 short tons, dry weight",1776.07394
"Caloric sweeteners, availability (short tons)",1992,"Caloric sweeteners-Corn sweeteners-Glucose-1,000 short tons, dry weight",1943.261333
"Caloric sweeteners, availability (short tons)",1993,"Caloric sweeteners-Corn sweeteners-Glucose-1,000 short tons, dry weight",2047.948517
"Caloric sweeteners, availability (short tons)",1994,"Caloric sweeteners-Corn sweeteners-Glucose-1,000 short tons, dry weight",2090.035318
"Caloric sweeteners, availability (short tons)",1995,"Caloric sweeteners-Corn sweeteners-Glucose-1,000 short tons, dry weight",2173.384745
"Caloric sweeteners, availability (short tons)",1996,"Caloric sweeteners-Corn sweeteners-Glucose-1,000 short tons, dry weight",2213.620204
"Caloric sweeteners, availability (short tons)",1997,"Caloric sweeteners-Corn sweeteners-Glucose-1,000 short tons, dry weight",2360.504677
"Caloric sweeteners, availability (short tons)",1998,"Caloric sweeteners-Corn sweeteners-Glucose-1,000 short tons, dry weight",2353.31927
"Caloric sweeteners, availability (short tons)",1999,"Caloric sweeteners-Corn sweeteners-Glucose-1,000 short tons, dry weight",2276.708928
"Caloric sweeteners, availability (short tons)",2000,"Caloric sweeteners-Corn sweeteners-Glucose-1,000 short tons, dry weight",2224.984211
"Caloric sweeteners, availability (short tons)",2001,"Caloric sweeteners-Corn sweeteners-Glucose-1,000 short tons, dry weight",2199.141842
"Caloric sweeteners, availability (short tons)",2002,"Caloric sweeteners-Corn sweeteners-Glucose-1,000 short tons, dry weight",2216.743071
"Caloric sweeteners, availability (short tons)",2003,"Caloric sweeteners-Corn sweeteners-Glucose-1,000 short tons, dry weight",2199.21123
"Caloric sweeteners, availability (short tons)",2004,"Caloric sweeteners-Corn sweeteners-Glucose-1,000 short tons, dry weight",2279.293685
"Caloric sweeteners, availability (short tons)",2005,"Caloric sweeteners-Corn sweeteners-Glucose-1,000 short tons, dry weight",2246.417876
"Caloric sweeteners, availability (short tons)",2006,"Caloric sweeteners-Corn sweeteners-Glucose-1,000 short tons, dry weight",2040.105037
"Caloric sweeteners, availability (short tons)",2007,"Caloric sweeteners-Corn sweeteners-Glucose-1,000 short tons, dry weight",2053.906959
"Caloric sweeteners, availability (short tons)",2008,"Caloric sweeteners-Corn sweeteners-Glucose-1,000 short tons, dry weight",2020.521907
"Caloric sweeteners, availability (short tons)",2009,"Caloric sweeteners-Corn sweeteners-Glucose-1,000 short tons, dry weight",1978.298792
"Caloric sweeteners, availability (short tons)",2010,"Caloric sweeteners-Corn sweeteners-Glucose-1,000 short tons, dry weight",1940.574643
"Caloric sweeteners, availability (short tons)",2011,"Caloric sweeteners-Corn sweeteners-Glucose-1,000 short tons, dry weight",1890.696786
"Caloric sweeteners, availability (short tons)",2012,"Caloric sweeteners-Corn sweeteners-Glucose-1,000 short tons, dry weight",1950.84688
"Caloric sweeteners, availability (short tons)",2013,"Caloric sweeteners-Corn sweeteners-Glucose-1,000 short tons, dry weight",1883.199136
"Caloric sweeteners, availability (short tons)",2014,"Caloric sweeteners-Corn sweeteners-Glucose-1,000 short tons, dry weight",1916.733908
"Caloric sweeteners, availability (short tons)",2015,"Caloric sweeteners-Corn sweeteners-Glucose-1,000 short tons, dry weight",1946.482783
"Caloric sweeteners, availability (short tons)",2016,"Caloric sweeteners-Corn sweeteners-Glucose-1,000 short tons, dry weight",1978.307852
"Caloric sweeteners, availability (short tons)",2017,"Caloric sweeteners-Corn sweeteners-Glucose-1,000 short tons, dry weight",2103.664125
"Caloric sweeteners, availability (short tons)",2018,"Caloric sweeteners-Corn sweeteners-Glucose-1,000 short tons, dry weight",2122.70791
"Caloric sweeteners, availability (short tons)",2019,"Caloric sweeteners-Corn sweeteners-Glucose-1,000 short tons, dry weight",2134.756154
"Caloric sweeteners, availability (short tons)",2020,"Caloric sweeteners-Corn sweeteners-Glucose-1,000 short tons, dry weight",2090.903761
"Caloric sweeteners, availability (short tons)",2021,"Caloric sweeteners-Corn sweeteners-Glucose-1,000 short tons, dry weight",2123.365732
"Caloric sweeteners, availability (short tons)",2022,"Caloric sweeteners-Corn sweeteners-Glucose-1,000 short tons, dry weight",2108.048154
"Caloric sweeteners, availability (short tons)",2023,"Caloric sweeteners-Corn sweeteners-Glucose-1,000 short tons, dry weight",2113.752339
"Caloric sweeteners, availability (short tons)",1966,"Caloric sweeteners-Corn sweeteners-Dextrose-1,000 short tons, dry weight",414.858
"Caloric sweeteners, availability (short tons)",1967,"Caloric sweeteners-Corn sweeteners-Dextrose-1,000 short tons, dry weight",427.836
"Caloric sweeteners, availability (short tons)",1968,"Caloric sweeteners-Corn sweeteners-Dextrose-1,000 short tons, dry weight",443.522
"Caloric sweeteners, availability (short tons)",1969,"Caloric sweeteners-Corn sweeteners-Dextrose-1,000 short tons, dry weight",458.939
"Caloric sweeteners, availability (short tons)",1970,"Caloric sweeteners-Corn sweeteners-Dextrose-1,000 short tons, dry weight",471.152
"Caloric sweeteners, availability (short tons)",1971,"Caloric sweeteners-Corn sweeteners-Dextrose-1,000 short tons, dry weight",481.765
"Caloric sweeteners, availability (short tons)",1972,"Caloric sweeteners-Corn sweeteners-Dextrose-1,000 short tons, dry weight",484.524
"Caloric sweeteners, availability (short tons)",1973,"Caloric sweeteners-Corn sweeteners-Dextrose-1,000 short tons, dry weight",489.424
"Caloric sweeteners, availability (short tons)",1974,"Caloric sweeteners-Corn sweeteners-Dextrose-1,000 short tons, dry weight",486.344
"Caloric sweeteners, availability (short tons)",1975,"Caloric sweeteners-Corn sweeteners-Dextrose-1,000 short tons, dry weight",473.086
"Caloric sweeteners, availability (short tons)",1976,"Caloric sweeteners-Corn sweeteners-Dextrose-1,000 short tons, dry weight",451.84
"Caloric sweeteners, availability (short tons)",1977,"Caloric sweeteners-Corn sweeteners-Dextrose-1,000 short tons, dry weight",428.512
"Caloric sweeteners, availability (short tons)",1978,"Caloric sweeteners-Corn sweeteners-Dextrose-1,000 short tons, dry weight",410.351
"Caloric sweeteners, availability (short tons)",1979,"Caloric sweeteners-Corn sweeteners-Dextrose-1,000 short tons, dry weight",398.776
"Caloric sweeteners, availability (short tons)",1980,"Caloric sweeteners-Corn sweeteners-Dextrose-1,000 short tons, dry weight",393.403
"Caloric sweeteners, availability (short tons)",1981,"Caloric sweeteners-Corn sweeteners-Dextrose-1,000 short tons, dry weight",389.5
"Caloric sweeteners, availability (short tons)",1982,"Caloric sweeteners-Corn sweeteners-Dextrose-1,000 short tons, dry weight",391.71
"Caloric sweeteners, availability (short tons)",1983,"Caloric sweeteners-Corn sweeteners-Dextrose-1,000 short tons, dry weight",398.141
"Caloric sweeteners, availability (short tons)",1984,"Caloric sweeteners-Corn sweeteners-Dextrose-1,000 short tons, dry weight",407.853
"Caloric sweeteners, availability (short tons)",1985,"Caloric sweeteners-Corn sweeteners-Dextrose-1,000 short tons, dry weight",417.9
"Caloric sweeteners, availability (short tons)",1986,"Caloric sweeteners-Corn sweeteners-Dextrose-1,000 short tons, dry weight",430.497
"Caloric sweeteners, availability (short tons)",1987,"Caloric sweeteners-Corn sweeteners-Dextrose-1,000 short tons, dry weight",440.975
"Caloric sweeteners, availability (short tons)",1988,"Caloric sweeteners-Corn sweeteners-Dextrose-1,000 short tons, dry weight",451.565
"Caloric sweeteners, availability (short tons)",1989,"Caloric sweeteners-Corn sweeteners-Dextrose-1,000 short tons, dry weight",437.8099852
"Caloric sweeteners, availability (short tons)",1990,"Caloric sweeteners-Corn sweeteners-Dextrose-1,000 short tons, dry weight",455.1295663
"Caloric sweeteners, availability (short tons)",1991,"Caloric sweeteners-Corn sweeteners-Dextrose-1,000 short tons, dry weight",462.8416706
"Caloric sweeteners, availability (short tons)",1992,"Caloric sweeteners-Corn sweeteners-Dextrose-1,000 short tons, dry weight",457.7431812
"Caloric sweeteners, availability (short tons)",1993,"Caloric sweeteners-Corn sweeteners-Dextrose-1,000 short tons, dry weight",480.5629955
"Caloric sweeteners, availability (short tons)",1994,"Caloric sweeteners-Corn sweeteners-Dextrose-1,000 short tons, dry weight",501.969762
"Caloric sweeteners, availability (short tons)",1995,"Caloric sweeteners-Corn sweeteners-Dextrose-1,000 short tons, dry weight",522.4675663
"Caloric sweeteners, availability (short tons)",1996,"Caloric sweeteners-Corn sweeteners-Dextrose-1,000 short tons, dry weight",537.6362346
"Caloric sweeteners, availability (short tons)",1997,"Caloric sweeteners-Corn sweeteners-Dextrose-1,000 short tons, dry weight",514.9850438
"Caloric sweeteners, availability (short tons)",1998,"Caloric sweeteners-Corn sweeteners-Dextrose-1,000 short tons, dry weight",506.81861
"Caloric sweeteners, availability (short tons)",1999,"Caloric sweeteners-Corn sweeteners-Dextrose-1,000 short tons, dry weight",493.3242958
"Caloric sweeteners, availability (short tons)",2000,"Caloric sweeteners-Corn sweeteners-Dextrose-1,000 short tons, dry weight",481.7273831
"Caloric sweeteners, availability (short tons)",2001,"Caloric sweeteners-Corn sweeteners-Dextrose-1,000 short tons, dry weight",476.355758
"Caloric sweeteners, availability (short tons)",2002,"Caloric sweeteners-Corn sweeteners-Dextrose-1,000 short tons, dry weight",480.7896157
"Caloric sweeteners, availability (short tons)",2003,"Caloric sweeteners-Corn sweeteners-Dextrose-1,000 short tons, dry weight",459.477143
"Caloric sweeteners, availability (short tons)",2004,"Caloric sweeteners-Corn sweeteners-Dextrose-1,000 short tons, dry weight",500.8305619
"Caloric sweeteners, availability (short tons)",2005,"Caloric sweeteners-Corn sweeteners-Dextrose-1,000 short tons, dry weight",497.3438909
"Caloric sweeteners, availability (short tons)",2006,"Caloric sweeteners-Corn sweeteners-Dextrose-1,000 short tons, dry weight",480.8178867
"Caloric sweeteners, availability (short tons)",2007,"Caloric sweeteners-Corn sweeteners-Dextrose-1,000 short tons, dry weight",465.9546866
"Caloric sweeteners, availability (short tons)",2008,"Caloric sweeteners-Corn sweeteners-Dextrose-1,000 short tons, dry weight",439.3836905
"Caloric sweeteners, availability (short tons)",2009,"Caloric sweeteners-Corn sweeteners-Dextrose-1,000 short tons, dry weight",434.1822936
"Caloric sweeteners, availability (short tons)",2010,"Caloric sweeteners-Corn sweeteners-Dextrose-1,000 short tons, dry weight",473.7566346
"Caloric sweeteners, availability (short tons)",2011,"Caloric sweeteners-Corn sweeteners-Dextrose-1,000 short tons, dry weight",474.5839707
"Caloric sweeteners, availability (short tons)",2012,"Caloric sweeteners-Corn sweeteners-Dextrose-1,000 short tons, dry weight",448.960505
"Caloric sweeteners, availability (short tons)",2013,"Caloric sweeteners-Corn sweeteners-Dextrose-1,000 short tons, dry weight",447.4049462
"Caloric sweeteners, availability (short tons)",2014,"Caloric sweeteners-Corn sweeteners-Dextrose-1,000 short tons, dry weight",517.4526304
"Caloric sweeteners, availability (short tons)",2015,"Caloric sweeteners-Corn sweeteners-Dextrose-1,000 short tons, dry weight",524.3992975
"Caloric sweeteners, availability (short tons)",2016,"Caloric sweeteners-Corn sweeteners-Dextrose-1,000 short tons, dry weight",493.5577942
"Caloric sweeteners, availability (short tons)",2017,"Caloric sweeteners-Corn sweeteners-Dextrose-1,000 short tons, dry weight",540.4680406
"Caloric sweeteners, availability (short tons)",2018,"Caloric sweeteners-Corn sweeteners-Dextrose-1,000 short tons, dry weight",541.9999045
"Caloric sweeteners, availability (short tons)",2019,"Caloric sweeteners-Corn sweeteners-Dextrose-1,000 short tons, dry weight",521.6133428
"Caloric sweeteners, availability (short tons)",2020,"Caloric sweeteners-Corn sweeteners-Dextrose-1,000 short tons, dry weight",529.7991931
"Caloric sweeteners, availability (short tons)",2021,"Caloric sweeteners-Corn sweeteners-Dextrose-1,000 short tons, dry weight",530.4328471
"Caloric sweeteners, availability (short tons)",2022,"Caloric sweeteners-Corn sweeteners-Dextrose-1,000 short tons, dry weight",532.5362337
"Caloric sweeteners, availability (short tons)",2023,"Caloric sweeteners-Corn sweeteners-Dextrose-1,000 short tons, dry weight",445.161471
"Caloric sweeteners, availability (short tons)",1966,"Caloric sweeteners-Corn sweeteners-Total-1,000 short tons, dry weight",1366.6155
"Caloric sweeteners, availability (short tons)",1967,"Caloric sweeteners-Corn sweeteners-Total-1,000 short tons, dry weight",1414.6699
"Caloric sweeteners, availability (short tons)",1968,"Caloric sweeteners-Corn sweeteners-Total-1,000 short tons, dry weight",1489.095548
"Caloric sweeteners, availability (short tons)",1969,"Caloric sweeteners-Corn sweeteners-Total-1,000 short tons, dry weight",1552.858961
"Caloric sweeteners, availability (short tons)",1970,"Caloric sweeteners-Corn sweeteners-Total-1,000 short tons, dry weight",1629.225966
"Caloric sweeteners, availability (short tons)",1971,"Caloric sweeteners-Corn sweeteners-Total-1,000 short tons, dry weight",1730.511372
"Caloric sweeteners, availability (short tons)",1972,"Caloric sweeteners-Corn sweeteners-Total-1,000 short tons, dry weight",1862.996786
"Caloric sweeteners, availability (short tons)",1973,"Caloric sweeteners-Corn sweeteners-Total-1,000 short tons, dry weight",2092.393906
"Caloric sweeteners, availability (short tons)",1974,"Caloric sweeteners-Corn sweeteners-Total-1,000 short tons, dry weight",2262.227014
"Caloric sweeteners, availability (short tons)",1975,"Caloric sweeteners-Corn sweeteners-Total-1,000 short tons, dry weight",2514.56675
"Caloric sweeteners, availability (short tons)",1976,"Caloric sweeteners-Corn sweeteners-Total-1,000 short tons, dry weight",2747.947391
"Caloric sweeteners, availability (short tons)",1977,"Caloric sweeteners-Corn sweeteners-Total-1,000 short tons, dry weight",3002.589637
"Caloric sweeteners, availability (short tons)",1978,"Caloric sweeteners-Corn sweeteners-Total-1,000 short tons, dry weight",3159.496769
"Caloric sweeteners, availability (short tons)",1979,"Caloric sweeteners-Corn sweeteners-Total-1,000 short tons, dry weight",3577.766151
"Caloric sweeteners, availability (short tons)",1980,"Caloric sweeteners-Corn sweeteners-Total-1,000 short tons, dry weight",4023.587298
"Caloric sweeteners, availability (short tons)",1981,"Caloric sweeteners-Corn sweeteners-Total-1,000 short tons, dry weight",4501.136403
"Caloric sweeteners, availability (short tons)",1982,"Caloric sweeteners-Corn sweeteners-Total-1,000 short tons, dry weight",4961.061776
"Caloric sweeteners, availability (short tons)",1983,"Caloric sweeteners-Corn sweeteners-Total-1,000 short tons, dry weight",5576.99675
"Caloric sweeteners, availability (short tons)",1984,"Caloric sweeteners-Corn sweeteners-Total-1,000 short tons, dry weight",6359.24275
"Caloric sweeteners, availability (short tons)",1985,"Caloric sweeteners-Corn sweeteners-Total-1,000 short tons, dry weight",7411.145
"Caloric sweeteners, availability (short tons)",1986,"Caloric sweeteners-Corn sweeteners-Total-1,000 short tons, dry weight",7561.1
"Caloric sweeteners, availability (short tons)",1987,"Caloric sweeteners-Corn sweeteners-Total-1,000 short tons, dry weight",7912.16
"Caloric sweeteners, availability (short tons)",1988,"Caloric sweeteners-Corn sweeteners-Total-1,000 short tons, dry weight",8196.77475
"Caloric sweeteners, availability (short tons)",1989,"Caloric sweeteners-Corn sweeteners-Total-1,000 short tons, dry weight",7985.173915
"Caloric sweeteners, availability (short tons)",1990,"Caloric sweeteners-Corn sweeteners-Total-1,000 short tons, dry weight",8358.071941
"Caloric sweeteners, availability (short tons)",1991,"Caloric sweeteners-Corn sweeteners-Total-1,000 short tons, dry weight",8614.956611
"Caloric sweeteners, availability (short tons)",1992,"Caloric sweeteners-Corn sweeteners-Total-1,000 short tons, dry weight",8979.334404
"Caloric sweeteners, availability (short tons)",1993,"Caloric sweeteners-Corn sweeteners-Total-1,000 short tons, dry weight",9513.414831
"Caloric sweeteners, availability (short tons)",1994,"Caloric sweeteners-Corn sweeteners-Total-1,000 short tons, dry weight",10007.40971
"Caloric sweeteners, availability (short tons)",1995,"Caloric sweeteners-Corn sweeteners-Total-1,000 short tons, dry weight",10477.16216
"Caloric sweeteners, availability (short tons)",1996,"Caloric sweeteners-Corn sweeteners-Total-1,000 short tons, dry weight",10801.22536
"Caloric sweeteners, availability (short tons)",1997,"Caloric sweeteners-Corn sweeteners-Total-1,000 short tons, dry weight",11430.26799
"Caloric sweeteners, availability (short tons)",1998,"Caloric sweeteners-Corn sweeteners-Total-1,000 short tons, dry weight",11744.97866
"Caloric sweeteners, availability (short tons)",1999,"Caloric sweeteners-Corn sweeteners-Total-1,000 short tons, dry weight",11966.90972
"Caloric sweeteners, availability (short tons)",2000,"Caloric sweeteners-Corn sweeteners-Total-1,000 short tons, dry weight",11797.29717
"Caloric sweeteners, availability (short tons)",2001,"Caloric sweeteners-Corn sweeteners-Total-1,000 short tons, dry weight",11773.64513
"Caloric sweeteners, availability (short tons)",2002,"Caloric sweeteners-Corn sweeteners-Total-1,000 short tons, dry weight",11943.17464
"Caloric sweeteners, availability (short tons)",2003,"Caloric sweeteners-Corn sweeteners-Total-1,000 short tons, dry weight",11736.94712
"Caloric sweeteners, availability (short tons)",2004,"Caloric sweeteners-Corn sweeteners-Total-1,000 short tons, dry weight",11797.41903
"Caloric sweeteners, availability (short tons)",2005,"Caloric sweeteners-Corn sweeteners-Total-1,000 short tons, dry weight",11752.00028
"Caloric sweeteners, availability (short tons)",2006,"Caloric sweeteners-Corn sweeteners-Total-1,000 short tons, dry weight",11505.26481
"Caloric sweeteners, availability (short tons)",2007,"Caloric sweeteners-Corn sweeteners-Total-1,000 short tons, dry weight",11237.00821
"Caloric sweeteners, availability (short tons)",2008,"Caloric sweeteners-Corn sweeteners-Total-1,000 short tons, dry weight",10760.70624
"Caloric sweeteners, availability (short tons)",2009,"Caloric sweeteners-Corn sweeteners-Total-1,000 short tons, dry weight",10369.72504
"Caloric sweeteners, availability (short tons)",2010,"Caloric sweeteners-Corn sweeteners-Total-1,000 short tons, dry weight",10244.91164
"Caloric sweeteners, availability (short tons)",2011,"Caloric sweeteners-Corn sweeteners-Total-1,000 short tons, dry weight",9943.657865
"Caloric sweeteners, availability (short tons)",2012,"Caloric sweeteners-Corn sweeteners-Total-1,000 short tons, dry weight",9893.868268
"Caloric sweeteners, availability (short tons)",2013,"Caloric sweeteners-Corn sweeteners-Total-1,000 short tons, dry weight",9573.771957
"Caloric sweeteners, availability (short tons)",2014,"Caloric sweeteners-Corn sweeteners-Total-1,000 short tons, dry weight",9766.046097
"Caloric sweeteners, availability (short tons)",2015,"Caloric sweeteners-Corn sweeteners-Total-1,000 short tons, dry weight",9654.353755
"Caloric sweeteners, availability (short tons)",2016,"Caloric sweeteners-Corn sweeteners-Total-1,000 short tons, dry weight",9507.776868
"Caloric sweeteners, availability (short tons)",2017,"Caloric sweeteners-Corn sweeteners-Total-1,000 short tons, dry weight",9527.327165
"Caloric sweeteners, availability (short tons)",2018,"Caloric sweeteners-Corn sweeteners-Total-1,000 short tons, dry weight",9366.4675
"Caloric sweeteners, availability (short tons)",2019,"Caloric sweeteners-Corn sweeteners-Total-1,000 short tons, dry weight",9234.821342
"Caloric sweeteners, availability (short tons)",2020,"Caloric sweeteners-Corn sweeteners-Total-1,000 short tons, dry weight",9258.086465
"Caloric sweeteners, availability (short tons)",2021,"Caloric sweeteners-Corn sweeteners-Total-1,000 short tons, dry weight",9219.509474
"Caloric sweeteners, availability (short tons)",2022,"Caloric sweeteners-Corn sweeteners-Total-1,000 short tons, dry weight",9194.980529
"Caloric sweeteners, availability (short tons)",2023,"Caloric sweeteners-Corn sweeteners-Total-1,000 short tons, dry weight",8886.504844
"Caloric sweeteners, availability (short tons)",1966,"Caloric sweeteners-Edible syrups-1,000 short tons, dry weight",69
"Caloric sweeteners, availability (short tons)",1967,"Caloric sweeteners-Edible syrups-1,000 short tons, dry weight",50
"Caloric sweeteners, availability (short tons)",1968,"Caloric sweeteners-Edible syrups-1,000 short tons, dry weight",70
"Caloric sweeteners, availability (short tons)",1969,"Caloric sweeteners-Edible syrups-1,000 short tons, dry weight",61
"Caloric sweeteners, availability (short tons)",1970,"Caloric sweeteners-Edible syrups-1,000 short tons, dry weight",51
"Caloric sweeteners, availability (short tons)",1971,"Caloric sweeteners-Edible syrups-1,000 short tons, dry weight",52
"Caloric sweeteners, availability (short tons)",1972,"Caloric sweeteners-Edible syrups-1,000 short tons, dry weight",52
"Caloric sweeteners, availability (short tons)",1973,"Caloric sweeteners-Edible syrups-1,000 short tons, dry weight",53
"Caloric sweeteners, availability (short tons)",1974,"Caloric sweeteners-Edible syrups-1,000 short tons, dry weight",43
"Caloric sweeteners, availability (short tons)",1975,"Caloric sweeteners-Edible syrups-1,000 short tons, dry weight",43
"Caloric sweeteners, availability (short tons)",1976,"Caloric sweeteners-Edible syrups-1,000 short tons, dry weight",44
"Caloric sweeteners, availability (short tons)",1977,"Caloric sweeteners-Edible syrups-1,000 short tons, dry weight",44
"Caloric sweeteners, availability (short tons)",1978,"Caloric sweeteners-Edible syrups-1,000 short tons, dry weight",45
"Caloric sweeteners, availability (short tons)",1979,"Caloric sweeteners-Edible syrups-1,000 short tons, dry weight",44
"Caloric sweeteners, availability (short tons)",1980,"Caloric sweeteners-Edible syrups-1,000 short tons, dry weight",50
"Caloric sweeteners, availability (short tons)",1981,"Caloric sweeteners-Edible syrups-1,000 short tons, dry weight",46
"Caloric sweeteners, availability (short tons)",1982,"Caloric sweeteners-Edible syrups-1,000 short tons, dry weight",46
"Caloric sweeteners, availability (short tons)",1983,"Caloric sweeteners-Edible syrups-1,000 short tons, dry weight",47.2
"Caloric sweeteners, availability (short tons)",1984,"Caloric sweeteners-Edible syrups-1,000 short tons, dry weight",47
"Caloric sweeteners, availability (short tons)",1985,"Caloric sweeteners-Edible syrups-1,000 short tons, dry weight",48.0800597
"Caloric sweeteners, availability (short tons)",1986,"Caloric sweeteners-Edible syrups-1,000 short tons, dry weight",49.90155256
"Caloric sweeteners, availability (short tons)",1987,"Caloric sweeteners-Edible syrups-1,000 short tons, dry weight",54.48308913
"Caloric sweeteners, availability (short tons)",1988,"Caloric sweeteners-Edible syrups-1,000 short tons, dry weight",53.52899076
"Caloric sweeteners, availability (short tons)",1989,"Caloric sweeteners-Edible syrups-1,000 short tons, dry weight",52.40996683
"Caloric sweeteners, availability (short tons)",1990,"Caloric sweeteners-Edible syrups-1,000 short tons, dry weight",52.57460208
"Caloric sweeteners, availability (short tons)",1991,"Caloric sweeteners-Edible syrups-1,000 short tons, dry weight",53.04436206
"Caloric sweeteners, availability (short tons)",1992,"Caloric sweeteners-Edible syrups-1,000 short tons, dry weight",19.97020609
"Caloric sweeteners, availability (short tons)",1993,"Caloric sweeteners-Edible syrups-1,000 short tons, dry weight",19.90835973
"Caloric sweeteners, availability (short tons)",1994,"Caloric sweeteners-Edible syrups-1,000 short tons, dry weight",18.27481016
"Caloric sweeteners, availability (short tons)",1995,"Caloric sweeteners-Edible syrups-1,000 short tons, dry weight",35.74822932
"Caloric sweeteners, availability (short tons)",1996,"Caloric sweeteners-Edible syrups-1,000 short tons, dry weight",94.43374976
"Caloric sweeteners, availability (short tons)",1997,"Caloric sweeteners-Edible syrups-1,000 short tons, dry weight",81.45438699
"Caloric sweeteners, availability (short tons)",1998,"Caloric sweeteners-Edible syrups-1,000 short tons, dry weight",80.66288226
"Caloric sweeteners, availability (short tons)",1999,"Caloric sweeteners-Edible syrups-1,000 short tons, dry weight",77.52881432
"Caloric sweeteners, availability (short tons)",2000,"Caloric sweeteners-Edible syrups-1,000 short tons, dry weight",83.58370864
"Caloric sweeteners, availability (short tons)",2001,"Caloric sweeteners-Edible syrups-1,000 short tons, dry weight",142.30782
"Caloric sweeteners, availability (short tons)",2002,"Caloric sweeteners-Edible syrups-1,000 short tons, dry weight",138.2015541
"Caloric sweeteners, availability (short tons)",2003,"Caloric sweeteners-Edible syrups-1,000 short tons, dry weight",111.8551103
"Caloric sweeteners, availability (short tons)",2004,"Caloric sweeteners-Edible syrups-1,000 short tons, dry weight",96.27344895
"Caloric sweeteners, availability (short tons)",2005,"Caloric sweeteners-Edible syrups-1,000 short tons, dry weight",94.20137631
"Caloric sweeteners, availability (short tons)",2006,"Caloric sweeteners-Edible syrups-1,000 short tons, dry weight",98.33092062
"Caloric sweeteners, availability (short tons)",2007,"Caloric sweeteners-Edible syrups-1,000 short tons, dry weight",93.65398388
"Caloric sweeteners, availability (short tons)",2008,"Caloric sweeteners-Edible syrups-1,000 short tons, dry weight",93.23304524
"Caloric sweeteners, availability (short tons)",2009,"Caloric sweeteners-Edible syrups-1,000 short tons, dry weight",90.34859787
"Caloric sweeteners, availability (short tons)",2010,"Caloric sweeteners-Edible syrups-1,000 short tons, dry weight",103.8291026
"Caloric sweeteners, availability (short tons)",2011,"Caloric sweeteners-Edible syrups-1,000 short tons, dry weight",102.1353211
"Caloric sweeteners, availability (short tons)",2012,"Caloric sweeteners-Edible syrups-1,000 short tons, dry weight",103.7954917
"Caloric sweeteners, availability (short tons)",2013,"Caloric sweeteners-Edible syrups-1,000 short tons, dry weight",110.8281657
"Caloric sweeteners, availability (short tons)",2014,"Caloric sweeteners-Edible syrups-1,000 short tons, dry weight",127.4335584
"Caloric sweeteners, availability (short tons)",2015,"Caloric sweeteners-Edible syrups-1,000 short tons, dry weight",136.8305349
"Caloric sweeteners, availability (short tons)",2016,"Caloric sweeteners-Edible syrups-1,000 short tons, dry weight",105.2992736
"Caloric sweeteners, availability (short tons)",2017,"Caloric sweeteners-Edible syrups-1,000 short tons, dry weight",109.4679316
"Caloric sweeteners, availability (short tons)",2018,"Caloric sweeteners-Edible syrups-1,000 short tons, dry weight",117.6868216
"Caloric sweeteners, availability (short tons)",2019,"Caloric sweeteners-Edible syrups-1,000 short tons, dry weight",128.1874068
"Caloric sweeteners, availability (short tons)",2020,"Caloric sweeteners-Edible syrups-1,000 short tons, dry weight",124.8533893
"Caloric sweeteners, availability (short tons)",2021,"Caloric sweeteners-Edible syrups-1,000 short tons, dry weight",135.7033658
"Caloric sweeteners, availability (short tons)",2022,"Caloric sweeteners-Edible syrups-1,000 short tons, dry weight",149.9033892
"Caloric sweeteners, availability (short tons)",2023,"Caloric sweeteners-Edible syrups-1,000 short tons, dry weight",136.3157939
"Caloric sweeteners, availability (short tons)",1966,"Caloric sweeteners-Honey-1,000 short tons, dry weight",98
"Caloric sweeteners, availability (short tons)",1967,"Caloric sweeteners-Honey-1,000 short tons, dry weight",89
"Caloric sweeteners, availability (short tons)",1968,"Caloric sweeteners-Honey-1,000 short tons, dry weight",90
"Caloric sweeteners, availability (short tons)",1969,"Caloric sweeteners-Honey-1,000 short tons, dry weight",101
"Caloric sweeteners, availability (short tons)",1970,"Caloric sweeteners-Honey-1,000 short tons, dry weight",103
"Caloric sweeteners, availability (short tons)",1971,"Caloric sweeteners-Honey-1,000 short tons, dry weight",93
"Caloric sweeteners, availability (short tons)",1972,"Caloric sweeteners-Honey-1,000 short tons, dry weight",105
"Caloric sweeteners, availability (short tons)",1973,"Caloric sweeteners-Honey-1,000 short tons, dry weight",95
"Caloric sweeteners, availability (short tons)",1974,"Caloric sweeteners-Honey-1,000 short tons, dry weight",75
"Caloric sweeteners, availability (short tons)",1975,"Caloric sweeteners-Honey-1,000 short tons, dry weight",108
"Caloric sweeteners, availability (short tons)",1976,"Caloric sweeteners-Honey-1,000 short tons, dry weight",100
"Caloric sweeteners, availability (short tons)",1977,"Caloric sweeteners-Honey-1,000 short tons, dry weight",100
"Caloric sweeteners, availability (short tons)",1978,"Caloric sweeteners-Honey-1,000 short tons, dry weight",120
"Caloric sweeteners, availability (short tons)",1979,"Caloric sweeteners-Honey-1,000 short tons, dry weight",117
"Caloric sweeteners, availability (short tons)",1980,"Caloric sweeteners-Honey-1,000 short tons, dry weight",93.873
"Caloric sweeteners, availability (short tons)",1981,"Caloric sweeteners-Honey-1,000 short tons, dry weight",96.28
"Caloric sweeteners, availability (short tons)",1982,"Caloric sweeteners-Honey-1,000 short tons, dry weight",104.082
"Caloric sweeteners, availability (short tons)",1983,"Caloric sweeteners-Honey-1,000 short tons, dry weight",115.7435
"Caloric sweeteners, availability (short tons)",1984,"Caloric sweeteners-Honey-1,000 short tons, dry weight",108.0245
"Caloric sweeteners, availability (short tons)",1985,"Caloric sweeteners-Honey-1,000 short tons, dry weight",104.4555
"Caloric sweeteners, availability (short tons)",1986,"Caloric sweeteners-Honey-1,000 short tons, dry weight",120.931
"Caloric sweeteners, availability (short tons)",1987,"Caloric sweeteners-Honey-1,000 short tons, dry weight",107.2305
"Caloric sweeteners, availability (short tons)",1988,"Caloric sweeteners-Honey-1,000 short tons, dry weight",103.76418
"Caloric sweeteners, availability (short tons)",1989,"Caloric sweeteners-Honey-1,000 short tons, dry weight",96.50491725
"Caloric sweeteners, availability (short tons)",1990,"Caloric sweeteners-Honey-1,000 short tons, dry weight",103.4981855
"Caloric sweeteners, availability (short tons)",1991,"Caloric sweeteners-Honey-1,000 short tons, dry weight",116.3304412
"Caloric sweeteners, availability (short tons)",1992,"Caloric sweeteners-Honey-1,000 short tons, dry weight",126.0633482
"Caloric sweeteners, availability (short tons)",1993,"Caloric sweeteners-Honey-1,000 short tons, dry weight",134.8179775
"Caloric sweeteners, availability (short tons)",1994,"Caloric sweeteners-Honey-1,000 short tons, dry weight",125.6743688
"Caloric sweeteners, availability (short tons)",1995,"Caloric sweeteners-Honey-1,000 short tons, dry weight",120.0806629
"Caloric sweeteners, availability (short tons)",1996,"Caloric sweeteners-Honey-1,000 short tons, dry weight",130.7778492
"Caloric sweeteners, availability (short tons)",1997,"Caloric sweeteners-Honey-1,000 short tons, dry weight",129.3203161
"Caloric sweeteners, availability (short tons)",1998,"Caloric sweeteners-Honey-1,000 short tons, dry weight",129.5365458
"Caloric sweeteners, availability (short tons)",1999,"Caloric sweeteners-Honey-1,000 short tons, dry weight",146.9705701
"Caloric sweeteners, availability (short tons)",2000,"Caloric sweeteners-Honey-1,000 short tons, dry weight",156.9043088
"Caloric sweeteners, availability (short tons)",2001,"Caloric sweeteners-Honey-1,000 short tons, dry weight",134.110964
"Caloric sweeteners, availability (short tons)",2002,"Caloric sweeteners-Honey-1,000 short tons, dry weight",153.2552177
"Caloric sweeteners, availability (short tons)",2003,"Caloric sweeteners-Honey-1,000 short tons, dry weight",145.8122576
"Caloric sweeteners, availability (short tons)",2004,"Caloric sweeteners-Honey-1,000 short tons, dry weight",130.1923144
"Caloric sweeteners, availability (short tons)",2005,"Caloric sweeteners-Honey-1,000 short tons, dry weight",155.4928302
"Caloric sweeteners, availability (short tons)",2006,"Caloric sweeteners-Honey-1,000 short tons, dry weight",166.7361658
"Caloric sweeteners, availability (short tons)",2007,"Caloric sweeteners-Honey-1,000 short tons, dry weight",148.5231927
"Caloric sweeteners, availability (short tons)",2008,"Caloric sweeteners-Honey-1,000 short tons, dry weight",150.7882149
"Caloric sweeteners, availability (short tons)",2009,"Caloric sweeteners-Honey-1,000 short tons, dry weight",140.7458883
"Caloric sweeteners, availability (short tons)",2010,"Caloric sweeteners-Honey-1,000 short tons, dry weight",160.1298211
"Caloric sweeteners, availability (short tons)",2011,"Caloric sweeteners-Honey-1,000 short tons, dry weight",168.8744015
"Caloric sweeteners, availability (short tons)",2012,"Caloric sweeteners-Honey-1,000 short tons, dry weight",173.8732797
"Caloric sweeteners, availability (short tons)",2013,"Caloric sweeteners-Honey-1,000 short tons, dry weight",182.8256707
"Caloric sweeteners, availability (short tons)",2014,"Caloric sweeteners-Honey-1,000 short tons, dry weight",206.6283847
"Caloric sweeteners, availability (short tons)",2015,"Caloric sweeteners-Honey-1,000 short tons, dry weight",207.009229
"Caloric sweeteners, availability (short tons)",2016,"Caloric sweeteners-Honey-1,000 short tons, dry weight",202.3912206
"Caloric sweeteners, availability (short tons)",2017,"Caloric sweeteners-Honey-1,000 short tons, dry weight",232.4572253
"Caloric sweeteners, availability (short tons)",2018,"Caloric sweeteners-Honey-1,000 short tons, dry weight",217.5390286
"Caloric sweeteners, availability (short tons)",2019,"Caloric sweeteners-Honey-1,000 short tons, dry weight",206.8312448
"Caloric sweeteners, availability (short tons)",2020,"Caloric sweeteners-Honey-1,000 short tons, dry weight",222.4629139
"Caloric sweeteners, availability (short tons)",2021,"Caloric sweeteners-Honey-1,000 short tons, dry weight",241.1769243
"Caloric sweeteners, availability (short tons)",2022,"Caloric sweeteners-Honey-1,000 short tons, dry weight",220.8326995
"Caloric sweeteners, availability (short tons)",2023,"Caloric sweeteners-Honey-1,000 short tons, dry weight",214.4116533
"Caloric sweeteners, availability (short tons)",1966,"Caloric sweeteners-Total caloric sweeteners-1,000 short tons, dry weight",11099.03606
"Caloric sweeteners, availability (short tons)",1967,"Caloric sweeteners-Total caloric sweeteners-1,000 short tons, dry weight",11342.45495
"Caloric sweeteners, availability (short tons)",1968,"Caloric sweeteners-Total caloric sweeteners-1,000 short tons, dry weight",11607.97405
"Caloric sweeteners, availability (short tons)",1969,"Caloric sweeteners-Total caloric sweeteners-1,000 short tons, dry weight",11948.50382
"Caloric sweeteners, availability (short tons)",1970,"Caloric sweeteners-Total caloric sweeteners-1,000 short tons, dry weight",12215.93625
"Caloric sweeteners, availability (short tons)",1971,"Caloric sweeteners-Total caloric sweeteners-1,000 short tons, dry weight",12478.31511
"Caloric sweeteners, availability (short tons)",1972,"Caloric sweeteners-Total caloric sweeteners-1,000 short tons, dry weight",12755.5108
"Caloric sweeteners, availability (short tons)",1973,"Caloric sweeteners-Total caloric sweeteners-1,000 short tons, dry weight",12921.70232
"Caloric sweeteners, availability (short tons)",1974,"Caloric sweeteners-Total caloric sweeteners-1,000 short tons, dry weight",12609.19898
"Caloric sweeteners, availability (short tons)",1975,"Caloric sweeteners-Total caloric sweeteners-1,000 short tons, dry weight",12293.60413
"Caloric sweeteners, availability (short tons)",1976,"Caloric sweeteners-Total caloric sweeteners-1,000 short tons, dry weight",13072.32122
"Caloric sweeteners, availability (short tons)",1977,"Caloric sweeteners-Total caloric sweeteners-1,000 short tons, dry weight",13519.48683
"Caloric sweeteners, availability (short tons)",1978,"Caloric sweeteners-Total caloric sweeteners-1,000 short tons, dry weight",13501.13228
"Caloric sweeteners, availability (short tons)",1979,"Caloric sweeteners-Total caloric sweeteners-1,000 short tons, dry weight",13791.1026
"Caloric sweeteners, availability (short tons)",1980,"Caloric sweeteners-Total caloric sweeteners-1,000 short tons, dry weight",13689.8902
"Caloric sweeteners, availability (short tons)",1981,"Caloric sweeteners-Total caloric sweeteners-1,000 short tons, dry weight",13773.32294
"Caloric sweeteners, availability (short tons)",1982,"Caloric sweeteners-Total caloric sweeteners-1,000 short tons, dry weight",13665.34938
"Caloric sweeteners, availability (short tons)",1983,"Caloric sweeteners-Total caloric sweeteners-1,000 short tons, dry weight",13975.45427
"Caloric sweeteners, availability (short tons)",1984,"Caloric sweeteners-Total caloric sweeteners-1,000 short tons, dry weight",14390.90276
"Caloric sweeteners, availability (short tons)",1985,"Caloric sweeteners-Total caloric sweeteners-1,000 short tons, dry weight",15043.11981
"Caloric sweeteners, availability (short tons)",1986,"Caloric sweeteners-Total caloric sweeteners-1,000 short tons, dry weight",14957.1662
"Caloric sweeteners, availability (short tons)",1987,"Caloric sweeteners-Total caloric sweeteners-1,000 short tons, dry weight",15646.77079
"Caloric sweeteners, availability (short tons)",1988,"Caloric sweeteners-Total caloric sweeteners-1,000 short tons, dry weight",15957.80624
"Caloric sweeteners, availability (short tons)",1989,"Caloric sweeteners-Total caloric sweeteners-1,000 short tons, dry weight",15894.83646
"Caloric sweeteners, availability (short tons)",1990,"Caloric sweeteners-Total caloric sweeteners-1,000 short tons, dry weight",16565.5466
"Caloric sweeteners, availability (short tons)",1991,"Caloric sweeteners-Total caloric sweeteners-1,000 short tons, dry weight",16842.27534
"Caloric sweeteners, availability (short tons)",1992,"Caloric sweeteners-Total caloric sweeteners-1,000 short tons, dry weight",17373.96609
"Caloric sweeteners, availability (short tons)",1993,"Caloric sweeteners-Total caloric sweeteners-1,000 short tons, dry weight",17972.81407
"Caloric sweeteners, availability (short tons)",1994,"Caloric sweeteners-Total caloric sweeteners-1,000 short tons, dry weight",18629.65726
"Caloric sweeteners, availability (short tons)",1995,"Caloric sweeteners-Total caloric sweeteners-1,000 short tons, dry weight",19285.43749
"Caloric sweeteners, availability (short tons)",1996,"Caloric sweeteners-Total caloric sweeteners-1,000 short tons, dry weight",19793.65141
"Caloric sweeteners, availability (short tons)",1997,"Caloric sweeteners-Total caloric sweeteners-1,000 short tons, dry weight",20494.1161
"Caloric sweeteners, availability (short tons)",1998,"Caloric sweeteners-Total caloric sweeteners-1,000 short tons, dry weight",20919.27585
"Caloric sweeteners, availability (short tons)",1999,"Caloric sweeteners-Total caloric sweeteners-1,000 short tons, dry weight",21448.62051
"Caloric sweeteners, availability (short tons)",2000,"Caloric sweeteners-Total caloric sweeteners-1,000 short tons, dry weight",21289.49637
"Caloric sweeteners, availability (short tons)",2001,"Caloric sweeteners-Total caloric sweeteners-1,000 short tons, dry weight",21245.19244
"Caloric sweeteners, availability (short tons)",2002,"Caloric sweeteners-Total caloric sweeteners-1,000 short tons, dry weight",21339.41287
"Caloric sweeteners, availability (short tons)",2003,"Caloric sweeteners-Total caloric sweeteners-1,000 short tons, dry weight",20842.75264
"Caloric sweeteners, availability (short tons)",2004,"Caloric sweeteners-Total caloric sweeteners-1,000 short tons, dry weight",21052.68495
"Caloric sweeteners, availability (short tons)",2005,"Caloric sweeteners-Total caloric sweeteners-1,000 short tons, dry weight",21325.54595
"Caloric sweeteners, availability (short tons)",2006,"Caloric sweeteners-Total caloric sweeteners-1,000 short tons, dry weight",21056.32194
"Caloric sweeteners, availability (short tons)",2007,"Caloric sweeteners-Total caloric sweeteners-1,000 short tons, dry weight",20709.01235
"Caloric sweeteners, availability (short tons)",2008,"Caloric sweeteners-Total caloric sweeteners-1,000 short tons, dry weight",20915.95534
"Caloric sweeteners, availability (short tons)",2009,"Caloric sweeteners-Total caloric sweeteners-1,000 short tons, dry weight",20340.93194
"Caloric sweeteners, availability (short tons)",2010,"Caloric sweeteners-Total caloric sweeteners-1,000 short tons, dry weight",20717.17573
"Caloric sweeteners, availability (short tons)",2011,"Caloric sweeteners-Total caloric sweeteners-1,000 short tons, dry weight",20490.86787
"Caloric sweeteners, availability (short tons)",2012,"Caloric sweeteners-Total caloric sweeteners-1,000 short tons, dry weight",20637.65644
"Caloric sweeteners, availability (short tons)",2013,"Caloric sweeteners-Total caloric sweeteners-1,000 short tons, dry weight",20619.83748
"Caloric sweeteners, availability (short tons)",2014,"Caloric sweeteners-Total caloric sweeteners-1,000 short tons, dry weight",21000.12151
"Caloric sweeteners, availability (short tons)",2015,"Caloric sweeteners-Total caloric sweeteners-1,000 short tons, dry weight",21071.86138
"Caloric sweeteners, availability (short tons)",2016,"Caloric sweeteners-Total caloric sweeteners-1,000 short tons, dry weight",21061.70903
"Caloric sweeteners, availability (short tons)",2017,"Caloric sweeteners-Total caloric sweeteners-1,000 short tons, dry weight",21101.07035
"Caloric sweeteners, availability (short tons)",2018,"Caloric sweeteners-Total caloric sweeteners-1,000 short tons, dry weight",20892.08407
"Caloric sweeteners, availability (short tons)",2019,"Caloric sweeteners-Total caloric sweeteners-1,000 short tons, dry weight",20771.88125
"Caloric sweeteners, availability (short tons)",2020,"Caloric sweeteners-Total caloric sweeteners-1,000 short tons, dry weight",20917.82721
"Caloric sweeteners, availability (short tons)",2021,"Caloric sweeteners-Total caloric sweeteners-1,000 short tons, dry weight",21142.39031
"Caloric sweeteners, availability (short tons)",2022,"Caloric sweeteners-Total caloric sweeteners-1,000 short tons, dry weight",21106.64979
"Caloric sweeteners, availability (short tons)",2023,"Caloric sweeteners-Total caloric sweeteners-1,000 short tons, dry weight",20700.51061
Total cane and beet sugar: Supply and use,1960,"U.S. population, July 1-Millions",180.671
Total cane and beet sugar: Supply and use,1961,"U.S. population, July 1-Millions",183.691
Total cane and beet sugar: Supply and use,1962,"U.S. population, July 1-Millions",186.538
Total cane and beet sugar: Supply and use,1963,"U.S. population, July 1-Millions",189.242
Total cane and beet sugar: Supply and use,1964,"U.S. population, July 1-Millions",191.889
Total cane and beet sugar: Supply and use,1965,"U.S. population, July 1-Millions",194.303
Total cane and beet sugar: Supply and use,1966,"U.S. population, July 1-Millions",196.56
Total cane and beet sugar: Supply and use,1967,"U.S. population, July 1-Millions",198.712
Total cane and beet sugar: Supply and use,1968,"U.S. population, July 1-Millions",200.706
Total cane and beet sugar: Supply and use,1969,"U.S. population, July 1-Millions",202.677
Total cane and beet sugar: Supply and use,1970,"U.S. population, July 1-Millions",205.052
Total cane and beet sugar: Supply and use,1971,"U.S. population, July 1-Millions",207.661
Total cane and beet sugar: Supply and use,1972,"U.S. population, July 1-Millions",209.896
Total cane and beet sugar: Supply and use,1973,"U.S. population, July 1-Millions",211.909
Total cane and beet sugar: Supply and use,1974,"U.S. population, July 1-Millions",213.854
Total cane and beet sugar: Supply and use,1975,"U.S. population, July 1-Millions",215.973
Total cane and beet sugar: Supply and use,1976,"U.S. population, July 1-Millions",218.035
Total cane and beet sugar: Supply and use,1977,"U.S. population, July 1-Millions",220.239
Total cane and beet sugar: Supply and use,1978,"U.S. population, July 1-Millions",222.585
Total cane and beet sugar: Supply and use,1979,"U.S. population, July 1-Millions",225.055
Total cane and beet sugar: Supply and use,1980,"U.S. population, July 1-Millions",227.726
Total cane and beet sugar: Supply and use,1981,"U.S. population, July 1-Millions",229.966
Total cane and beet sugar: Supply and use,1982,"U.S. population, July 1-Millions",232.188
Total cane and beet sugar: Supply and use,1983,"U.S. population, July 1-Millions",234.307
Total cane and beet sugar: Supply and use,1984,"U.S. population, July 1-Millions",236.348
Total cane and beet sugar: Supply and use,1985,"U.S. population, July 1-Millions",238.466
Total cane and beet sugar: Supply and use,1986,"U.S. population, July 1-Millions",240.651
Total cane and beet sugar: Supply and use,1987,"U.S. population, July 1-Millions",242.804
Total cane and beet sugar: Supply and use,1988,"U.S. population, July 1-Millions",245.021
Total cane and beet sugar: Supply and use,1989,"U.S. population, July 1-Millions",247.342
Total cane and beet sugar: Supply and use,1990,"U.S. population, July 1-Millions",250.132
Total cane and beet sugar: Supply and use,1991,"U.S. population, July 1-Millions",253.493
Total cane and beet sugar: Supply and use,1992,"U.S. population, July 1-Millions",256.894
Total cane and beet sugar: Supply and use,1993,"U.S. population, July 1-Millions",260.255
Total cane and beet sugar: Supply and use,1994,"U.S. population, July 1-Millions",263.436
Total cane and beet sugar: Supply and use,1995,"U.S. population, July 1-Millions",266.557
Total cane and beet sugar: Supply and use,1996,"U.S. population, July 1-Millions",269.667
Total cane and beet sugar: Supply and use,1997,"U.S. population, July 1-Millions",272.912
Total cane and beet sugar: Supply and use,1998,"U.S. population, July 1-Millions",276.115
Total cane and beet sugar: Supply and use,1999,"U.S. population, July 1-Millions",279.295
Total cane and beet sugar: Supply and use,2000,"U.S. population, July 1-Millions",282.385
Total cane and beet sugar: Supply and use,2001,"U.S. population, July 1-Millions",285.309019
Total cane and beet sugar: Supply and use,2002,"U.S. population, July 1-Millions",288.104818
Total cane and beet sugar: Supply and use,2003,"U.S. population, July 1-Millions",290.819634
Total cane and beet sugar: Supply and use,2004,"U.S. population, July 1-Millions",293.463185
Total cane and beet sugar: Supply and use,2005,"U.S. population, July 1-Millions",296.186216
Total cane and beet sugar: Supply and use,2006,"U.S. population, July 1-Millions",298.995825
Total cane and beet sugar: Supply and use,2007,"U.S. population, July 1-Millions",302.003917
Total cane and beet sugar: Supply and use,2008,"U.S. population, July 1-Millions",304.797761
Total cane and beet sugar: Supply and use,2009,"U.S. population, July 1-Millions",307.439406
Total cane and beet sugar: Supply and use,2010,"U.S. population, July 1-Millions",309.741279
Total cane and beet sugar: Supply and use,2011,"U.S. population, July 1-Millions",311.973914
Total cane and beet sugar: Supply and use,2012,"U.S. population, July 1-Millions",314.167558
Total cane and beet sugar: Supply and use,2013,"U.S. population, July 1-Millions",316.294766
Total cane and beet sugar: Supply and use,2014,"U.S. population, July 1-Millions",318.576955
Total cane and beet sugar: Supply and use,2015,"U.S. population, July 1-Millions",320.870703
Total cane and beet sugar: Supply and use,2016,"U.S. population, July 1-Millions",323.161011
Total cane and beet sugar: Supply and use,2017,"U.S. population, July 1-Millions",325.20603
Total cane and beet sugar: Supply and use,2018,"U.S. population, July 1-Millions",326.923976
Total cane and beet sugar: Supply and use,2019,"U.S. population, July 1-Millions",328.475998
Total cane and beet sugar: Supply and use,2020,"U.S. population, July 1-Millions",330.11398
Total cane and beet sugar: Supply and use,2021,"U.S. population, July 1-Millions",332.298819
Total cane and beet sugar: Supply and use,2022,"U.S. population, July 1-Millions",333.521104
Total cane and beet sugar: Supply and use,2023,"U.S. population, July 1-Millions",335.160938
Total cane and beet sugar: Supply and use,1960,"Supply-Production-1,000 short tons, raw value",4009
Total cane and beet sugar: Supply and use,1961,"Supply-Production-1,000 short tons, raw value",4268
Total cane and beet sugar: Supply and use,1962,"Supply-Production-1,000 short tons, raw value",4399
Total cane and beet sugar: Supply and use,1963,"Supply-Production-1,000 short tons, raw value",4871
Total cane and beet sugar: Supply and use,1964,"Supply-Production-1,000 short tons, raw value",5587
Total cane and beet sugar: Supply and use,1965,"Supply-Production-1,000 short tons, raw value",5370
Total cane and beet sugar: Supply and use,1966,"Supply-Production-1,000 short tons, raw value",5279
Total cane and beet sugar: Supply and use,1967,"Supply-Production-1,000 short tons, raw value",5297
Total cane and beet sugar: Supply and use,1968,"Supply-Production-1,000 short tons, raw value",5627
Total cane and beet sugar: Supply and use,1969,"Supply-Production-1,000 short tons, raw value",5482
Total cane and beet sugar: Supply and use,1970,"Supply-Production-1,000 short tons, raw value",5874
Total cane and beet sugar: Supply and use,1971,"Supply-Production-1,000 short tons, raw value",5815
Total cane and beet sugar: Supply and use,1972,"Supply-Production-1,000 short tons, raw value",6015
Total cane and beet sugar: Supply and use,1973,"Supply-Production-1,000 short tons, raw value",6061
Total cane and beet sugar: Supply and use,1974,"Supply-Production-1,000 short tons, raw value",5662
Total cane and beet sugar: Supply and use,1975,"Supply-Production-1,000 short tons, raw value",6300
Total cane and beet sugar: Supply and use,1976,"Supply-Production-1,000 short tons, raw value",6798
Total cane and beet sugar: Supply and use,1977,"Supply-Production-1,000 short tons, raw value",6089
Total cane and beet sugar: Supply and use,1978,"Supply-Production-1,000 short tons, raw value",5602
Total cane and beet sugar: Supply and use,1979,"Supply-Production-1,000 short tons, raw value",5793
Total cane and beet sugar: Supply and use,1980,"Supply-Production-1,000 short tons, raw value",5736
Total cane and beet sugar: Supply and use,1981,"Supply-Production-1,000 short tons, raw value",6224
Total cane and beet sugar: Supply and use,1982,"Supply-Production-1,000 short tons, raw value",5934
Total cane and beet sugar: Supply and use,1983,"Supply-Production-1,000 short tons, raw value",5680
Total cane and beet sugar: Supply and use,1984,"Supply-Production-1,000 short tons, raw value",5890
Total cane and beet sugar: Supply and use,1985,"Supply-Production-1,000 short tons, raw value",5967
Total cane and beet sugar: Supply and use,1986,"Supply-Production-1,000 short tons, raw value",6267
Total cane and beet sugar: Supply and use,1987,"Supply-Production-1,000 short tons, raw value",7309
Total cane and beet sugar: Supply and use,1988,"Supply-Production-1,000 short tons, raw value",7087
Total cane and beet sugar: Supply and use,1989,"Supply-Production-1,000 short tons, raw value",6841
Total cane and beet sugar: Supply and use,1990,"Supply-Production-1,000 short tons, raw value",6334
Total cane and beet sugar: Supply and use,1991,"Supply-Production-1,000 short tons, raw value",7136
Total cane and beet sugar: Supply and use,1992,"Supply-Production-1,000 short tons, raw value",7569
Total cane and beet sugar: Supply and use,1993,"Supply-Production-1,000 short tons, raw value",7830.95
Total cane and beet sugar: Supply and use,1994,"Supply-Production-1,000 short tons, raw value",7668.99
Total cane and beet sugar: Supply and use,1995,"Supply-Production-1,000 short tons, raw value",7978.131
Total cane and beet sugar: Supply and use,1996,"Supply-Production-1,000 short tons, raw value",7267.961
Total cane and beet sugar: Supply and use,1997,"Supply-Production-1,000 short tons, raw value",7417.869
Total cane and beet sugar: Supply and use,1998,"Supply-Production-1,000 short tons, raw value",7880.982
Total cane and beet sugar: Supply and use,1999,"Supply-Production-1,000 short tons, raw value",9099.813
Total cane and beet sugar: Supply and use,2000,"Supply-Production-1,000 short tons, raw value",8955.482
Total cane and beet sugar: Supply and use,2001,"Supply-Production-1,000 short tons, raw value",8641.964
Total cane and beet sugar: Supply and use,2002,"Supply-Production-1,000 short tons, raw value",7504.459
Total cane and beet sugar: Supply and use,2003,"Supply-Production-1,000 short tons, raw value",8976.159
Total cane and beet sugar: Supply and use,2004,"Supply-Production-1,000 short tons, raw value",8366.37
Total cane and beet sugar: Supply and use,2005,"Supply-Production-1,000 short tons, raw value",7478.003
Total cane and beet sugar: Supply and use,2006,"Supply-Production-1,000 short tons, raw value",7755.667
Total cane and beet sugar: Supply and use,2007,"Supply-Production-1,000 short tons, raw value",8467.138
Total cane and beet sugar: Supply and use,2008,"Supply-Production-1,000 short tons, raw value",7947.308
Total cane and beet sugar: Supply and use,2009,"Supply-Production-1,000 short tons, raw value",7537.497
Total cane and beet sugar: Supply and use,2010,"Supply-Production-1,000 short tons, raw value",8421.546
Total cane and beet sugar: Supply and use,2011,"Supply-Production-1,000 short tons, raw value",7600.408
Total cane and beet sugar: Supply and use,2012,"Supply-Production-1,000 short tons, raw value",9000.859
Total cane and beet sugar: Supply and use,2013,"Supply-Production-1,000 short tons, raw value",8733.133
Total cane and beet sugar: Supply and use,2014,"Supply-Production-1,000 short tons, raw value",8511.759
Total cane and beet sugar: Supply and use,2015,"Supply-Production-1,000 short tons, raw value",8500.222
Total cane and beet sugar: Supply and use,2016,"Supply-Production-1,000 short tons, raw value",9137
Total cane and beet sugar: Supply and use,2017,"Supply-Production-1,000 short tons, raw value",9008.626
Total cane and beet sugar: Supply and use,2018,"Supply-Production-1,000 short tons, raw value",9395.872
Total cane and beet sugar: Supply and use,2019,"Supply-Production-1,000 short tons, raw value",8518.766
Total cane and beet sugar: Supply and use,2020,"Supply-Production-1,000 short tons, raw value",8469.508
Total cane and beet sugar: Supply and use,2021,"Supply-Production-1,000 short tons, raw value",9218.533
Total cane and beet sugar: Supply and use,2022,"Supply-Production-1,000 short tons, raw value",9258.923
Total cane and beet sugar: Supply and use,2023,"Supply-Production-1,000 short tons, raw value",9166.682
Total cane and beet sugar: Supply and use,1960,"Supply-Imports-Foreign-1,000 short tons, raw value",4885
Total cane and beet sugar: Supply and use,1961,"Supply-Imports-Foreign-1,000 short tons, raw value",4407
Total cane and beet sugar: Supply and use,1962,"Supply-Imports-Foreign-1,000 short tons, raw value",4682
Total cane and beet sugar: Supply and use,1963,"Supply-Imports-Foreign-1,000 short tons, raw value",4594
Total cane and beet sugar: Supply and use,1964,"Supply-Imports-Foreign-1,000 short tons, raw value",3633
Total cane and beet sugar: Supply and use,1965,"Supply-Imports-Foreign-1,000 short tons, raw value",4027
Total cane and beet sugar: Supply and use,1966,"Supply-Imports-Foreign-1,000 short tons, raw value",4495
Total cane and beet sugar: Supply and use,1967,"Supply-Imports-Foreign-1,000 short tons, raw value",4804
Total cane and beet sugar: Supply and use,1968,"Supply-Imports-Foreign-1,000 short tons, raw value",5130
Total cane and beet sugar: Supply and use,1969,"Supply-Imports-Foreign-1,000 short tons, raw value",4886
Total cane and beet sugar: Supply and use,1970,"Supply-Imports-Foreign-1,000 short tons, raw value",5296
Total cane and beet sugar: Supply and use,1971,"Supply-Imports-Foreign-1,000 short tons, raw value",5587
Total cane and beet sugar: Supply and use,1972,"Supply-Imports-Foreign-1,000 short tons, raw value",5459
Total cane and beet sugar: Supply and use,1973,"Supply-Imports-Foreign-1,000 short tons, raw value",5329
Total cane and beet sugar: Supply and use,1974,"Supply-Imports-Foreign-1,000 short tons, raw value",5770
Total cane and beet sugar: Supply and use,1975,"Supply-Imports-Foreign-1,000 short tons, raw value",3882
Total cane and beet sugar: Supply and use,1976,"Supply-Imports-Foreign-1,000 short tons, raw value",4658
Total cane and beet sugar: Supply and use,1977,"Supply-Imports-Foreign-1,000 short tons, raw value",6138
Total cane and beet sugar: Supply and use,1978,"Supply-Imports-Foreign-1,000 short tons, raw value",4683
Total cane and beet sugar: Supply and use,1979,"Supply-Imports-Foreign-1,000 short tons, raw value",5027
Total cane and beet sugar: Supply and use,1980,"Supply-Imports-Foreign-1,000 short tons, raw value",4495
Total cane and beet sugar: Supply and use,1981,"Supply-Imports-Foreign-1,000 short tons, raw value",5025
Total cane and beet sugar: Supply and use,1982,"Supply-Imports-Foreign-1,000 short tons, raw value",2964
Total cane and beet sugar: Supply and use,1983,"Supply-Imports-Foreign-1,000 short tons, raw value",3080
Total cane and beet sugar: Supply and use,1984,"Supply-Imports-Foreign-1,000 short tons, raw value",3444
Total cane and beet sugar: Supply and use,1985,"Supply-Imports-Foreign-1,000 short tons, raw value",2797
Total cane and beet sugar: Supply and use,1986,"Supply-Imports-Foreign-1,000 short tons, raw value",2223
Total cane and beet sugar: Supply and use,1987,"Supply-Imports-Foreign-1,000 short tons, raw value",1546
Total cane and beet sugar: Supply and use,1988,"Supply-Imports-Foreign-1,000 short tons, raw value",1388
Total cane and beet sugar: Supply and use,1989,"Supply-Imports-Foreign-1,000 short tons, raw value",1913
Total cane and beet sugar: Supply and use,1990,"Supply-Imports-Foreign-1,000 short tons, raw value",2765
Total cane and beet sugar: Supply and use,1991,"Supply-Imports-Foreign-1,000 short tons, raw value",2595
Total cane and beet sugar: Supply and use,1992,"Supply-Imports-Foreign-1,000 short tons, raw value",2254.468
Total cane and beet sugar: Supply and use,1993,"Supply-Imports-Foreign-1,000 short tons, raw value",2016.443
Total cane and beet sugar: Supply and use,1994,"Supply-Imports-Foreign-1,000 short tons, raw value",1796.083
Total cane and beet sugar: Supply and use,1995,"Supply-Imports-Foreign-1,000 short tons, raw value",1760.417
Total cane and beet sugar: Supply and use,1996,"Supply-Imports-Foreign-1,000 short tons, raw value",2938.528
Total cane and beet sugar: Supply and use,1997,"Supply-Imports-Foreign-1,000 short tons, raw value",2688.053
Total cane and beet sugar: Supply and use,1998,"Supply-Imports-Foreign-1,000 short tons, raw value",2164.452
Total cane and beet sugar: Supply and use,1999,"Supply-Imports-Foreign-1,000 short tons, raw value",1832.868
Total cane and beet sugar: Supply and use,2000,"Supply-Imports-Foreign-1,000 short tons, raw value",1679.306
Total cane and beet sugar: Supply and use,2001,"Supply-Imports-Foreign-1,000 short tons, raw value",1676.613
Total cane and beet sugar: Supply and use,2002,"Supply-Imports-Foreign-1,000 short tons, raw value",1632.276
Total cane and beet sugar: Supply and use,2003,"Supply-Imports-Foreign-1,000 short tons, raw value",1608.326
Total cane and beet sugar: Supply and use,2004,"Supply-Imports-Foreign-1,000 short tons, raw value",1729.088
Total cane and beet sugar: Supply and use,2005,"Supply-Imports-Foreign-1,000 short tons, raw value",2165.018
Total cane and beet sugar: Supply and use,2006,"Supply-Imports-Foreign-1,000 short tons, raw value",3194.551
Total cane and beet sugar: Supply and use,2007,"Supply-Imports-Foreign-1,000 short tons, raw value",2177.733
Total cane and beet sugar: Supply and use,2008,"Supply-Imports-Foreign-1,000 short tons, raw value",2960.715809
Total cane and beet sugar: Supply and use,2009,"Supply-Imports-Foreign-1,000 short tons, raw value",2847.605061
Total cane and beet sugar: Supply and use,2010,"Supply-Imports-Foreign-1,000 short tons, raw value",3395.763897
Total cane and beet sugar: Supply and use,2011,"Supply-Imports-Foreign-1,000 short tons, raw value",3891.196274
Total cane and beet sugar: Supply and use,2012,"Supply-Imports-Foreign-1,000 short tons, raw value",3430.543098
Total cane and beet sugar: Supply and use,2013,"Supply-Imports-Foreign-1,000 short tons, raw value",3326.404768
Total cane and beet sugar: Supply and use,2014,"Supply-Imports-Foreign-1,000 short tons, raw value",3447.561591
Total cane and beet sugar: Supply and use,2015,"Supply-Imports-Foreign-1,000 short tons, raw value",3586.442053
Total cane and beet sugar: Supply and use,2016,"Supply-Imports-Foreign-1,000 short tons, raw value",3563.176075
Total cane and beet sugar: Supply and use,2017,"Supply-Imports-Foreign-1,000 short tons, raw value",3294.467425
Total cane and beet sugar: Supply and use,2018,"Supply-Imports-Foreign-1,000 short tons, raw value",3154.907414
Total cane and beet sugar: Supply and use,2019,"Supply-Imports-Foreign-1,000 short tons, raw value",3174.682249
Total cane and beet sugar: Supply and use,2020,"Supply-Imports-Foreign-1,000 short tons, raw value",4136.74216
Total cane and beet sugar: Supply and use,2021,"Supply-Imports-Foreign-1,000 short tons, raw value",3388.672553
Total cane and beet sugar: Supply and use,2022,"Supply-Imports-Foreign-1,000 short tons, raw value",3465.884355
Total cane and beet sugar: Supply and use,2023,"Supply-Imports-Foreign-1,000 short tons, raw value",3534.156007
Total cane and beet sugar: Supply and use,1960,"Supply-Imports-Puerto Rico-1,000 short tons, raw value",903
Total cane and beet sugar: Supply and use,1961,"Supply-Imports-Puerto Rico-1,000 short tons, raw value",997
Total cane and beet sugar: Supply and use,1962,"Supply-Imports-Puerto Rico-1,000 short tons, raw value",915
Total cane and beet sugar: Supply and use,1963,"Supply-Imports-Puerto Rico-1,000 short tons, raw value",891
Total cane and beet sugar: Supply and use,1964,"Supply-Imports-Puerto Rico-1,000 short tons, raw value",809
Total cane and beet sugar: Supply and use,1965,"Supply-Imports-Puerto Rico-1,000 short tons, raw value",834
Total cane and beet sugar: Supply and use,1966,"Supply-Imports-Puerto Rico-1,000 short tons, raw value",717
Total cane and beet sugar: Supply and use,1967,"Supply-Imports-Puerto Rico-1,000 short tons, raw value",705
Total cane and beet sugar: Supply and use,1968,"Supply-Imports-Puerto Rico-1,000 short tons, raw value",504
Total cane and beet sugar: Supply and use,1969,"Supply-Imports-Puerto Rico-1,000 short tons, raw value",342
Total cane and beet sugar: Supply and use,1970,"Supply-Imports-Puerto Rico-1,000 short tons, raw value",353
Total cane and beet sugar: Supply and use,1971,"Supply-Imports-Puerto Rico-1,000 short tons, raw value",144
Total cane and beet sugar: Supply and use,1972,"Supply-Imports-Puerto Rico-1,000 short tons, raw value",149
Total cane and beet sugar: Supply and use,1973,"Supply-Imports-Puerto Rico-1,000 short tons, raw value",79
Total cane and beet sugar: Supply and use,1974,"Supply-Imports-Puerto Rico-1,000 short tons, raw value",157
Total cane and beet sugar: Supply and use,1975,"Supply-Imports-Puerto Rico-1,000 short tons, raw value",96
Total cane and beet sugar: Supply and use,1976,"Supply-Imports-Puerto Rico-1,000 short tons, raw value",203
Total cane and beet sugar: Supply and use,1977,"Supply-Imports-Puerto Rico-1,000 short tons, raw value",102
Total cane and beet sugar: Supply and use,1978,"Supply-Imports-Puerto Rico-1,000 short tons, raw value",52
Total cane and beet sugar: Supply and use,1979,"Supply-Imports-Puerto Rico-1,000 short tons, raw value",47
Total cane and beet sugar: Supply and use,1980,"Supply-Imports-Puerto Rico-1,000 short tons, raw value",178
Total cane and beet sugar: Supply and use,1981,"Supply-Imports-Puerto Rico-1,000 short tons, raw value",49
Total cane and beet sugar: Supply and use,1982,"Supply-Imports-Puerto Rico-1,000 short tons, raw value",80
Total cane and beet sugar: Supply and use,1983,"Supply-Imports-Puerto Rico-1,000 short tons, raw value",67
Total cane and beet sugar: Supply and use,1984,"Supply-Imports-Puerto Rico-1,000 short tons, raw value",24
Total cane and beet sugar: Supply and use,1985,"Supply-Imports-Puerto Rico-1,000 short tons, raw value",36
Total cane and beet sugar: Supply and use,1986,"Supply-Imports-Puerto Rico-1,000 short tons, raw value",31
Total cane and beet sugar: Supply and use,1987,"Supply-Imports-Puerto Rico-1,000 short tons, raw value",12
Total cane and beet sugar: Supply and use,1988,"Supply-Imports-Puerto Rico-1,000 short tons, raw value",19
Total cane and beet sugar: Supply and use,1989,"Supply-Imports-Puerto Rico-1,000 short tons, raw value",12
Total cane and beet sugar: Supply and use,1990,"Supply-Imports-Puerto Rico-1,000 short tons, raw value",
Total cane and beet sugar: Supply and use,1991,"Supply-Imports-Puerto Rico-1,000 short tons, raw value",
Total cane and beet sugar: Supply and use,1992,"Supply-Imports-Puerto Rico-1,000 short tons, raw value",
Total cane and beet sugar: Supply and use,1993,"Supply-Imports-Puerto Rico-1,000 short tons, raw value",
Total cane and beet sugar: Supply and use,1994,"Supply-Imports-Puerto Rico-1,000 short tons, raw value",
Total cane and beet sugar: Supply and use,1995,"Supply-Imports-Puerto Rico-1,000 short tons, raw value",
Total cane and beet sugar: Supply and use,1996,"Supply-Imports-Puerto Rico-1,000 short tons, raw value",
Total cane and beet sugar: Supply and use,1997,"Supply-Imports-Puerto Rico-1,000 short tons, raw value",
Total cane and beet sugar: Supply and use,1998,"Supply-Imports-Puerto Rico-1,000 short tons, raw value",
Total cane and beet sugar: Supply and use,1999,"Supply-Imports-Puerto Rico-1,000 short tons, raw value",
Total cane and beet sugar: Supply and use,2000,"Supply-Imports-Puerto Rico-1,000 short tons, raw value",
Total cane and beet sugar: Supply and use,2001,"Supply-Imports-Puerto Rico-1,000 short tons, raw value",
Total cane and beet sugar: Supply and use,2002,"Supply-Imports-Puerto Rico-1,000 short tons, raw value",
Total cane and beet sugar: Supply and use,2003,"Supply-Imports-Puerto Rico-1,000 short tons, raw value",
Total cane and beet sugar: Supply and use,2004,"Supply-Imports-Puerto Rico-1,000 short tons, raw value",
Total cane and beet sugar: Supply and use,2005,"Supply-Imports-Puerto Rico-1,000 short tons, raw value",
Total cane and beet sugar: Supply and use,2006,"Supply-Imports-Puerto Rico-1,000 short tons, raw value",
Total cane and beet sugar: Supply and use,2007,"Supply-Imports-Puerto Rico-1,000 short tons, raw value",
Total cane and beet sugar: Supply and use,2008,"Supply-Imports-Puerto Rico-1,000 short tons, raw value",
Total cane and beet sugar: Supply and use,2009,"Supply-Imports-Puerto Rico-1,000 short tons, raw value",
Total cane and beet sugar: Supply and use,2010,"Supply-Imports-Puerto Rico-1,000 short tons, raw value",
Total cane and beet sugar: Supply and use,2011,"Supply-Imports-Puerto Rico-1,000 short tons, raw value",
Total cane and beet sugar: Supply and use,2012,"Supply-Imports-Puerto Rico-1,000 short tons, raw value",
Total cane and beet sugar: Supply and use,2013,"Supply-Imports-Puerto Rico-1,000 short tons, raw value",
Total cane and beet sugar: Supply and use,2014,"Supply-Imports-Puerto Rico-1,000 short tons, raw value",
Total cane and beet sugar: Supply and use,2015,"Supply-Imports-Puerto Rico-1,000 short tons, raw value",
Total cane and beet sugar: Supply and use,2016,"Supply-Imports-Puerto Rico-1,000 short tons, raw value",
Total cane and beet sugar: Supply and use,2017,"Supply-Imports-Puerto Rico-1,000 short tons, raw value",
Total cane and beet sugar: Supply and use,2018,"Supply-Imports-Puerto Rico-1,000 short tons, raw value",
Total cane and beet sugar: Supply and use,2019,"Supply-Imports-Puerto Rico-1,000 short tons, raw value",
Total cane and beet sugar: Supply and use,2020,"Supply-Imports-Puerto Rico-1,000 short tons, raw value",
Total cane and beet sugar: Supply and use,2021,"Supply-Imports-Puerto Rico-1,000 short tons, raw value",
Total cane and beet sugar: Supply and use,2022,"Supply-Imports-Puerto Rico-1,000 short tons, raw value",
Total cane and beet sugar: Supply and use,2023,"Supply-Imports-Puerto Rico-1,000 short tons, raw value",
Total cane and beet sugar: Supply and use,1960,"Supply-Imports-Total -1,000 short tons, raw value",5788
Total cane and beet sugar: Supply and use,1961,"Supply-Imports-Total -1,000 short tons, raw value",5404
Total cane and beet sugar: Supply and use,1962,"Supply-Imports-Total -1,000 short tons, raw value",5597
Total cane and beet sugar: Supply and use,1963,"Supply-Imports-Total -1,000 short tons, raw value",5485
Total cane and beet sugar: Supply and use,1964,"Supply-Imports-Total -1,000 short tons, raw value",4442
Total cane and beet sugar: Supply and use,1965,"Supply-Imports-Total -1,000 short tons, raw value",4861
Total cane and beet sugar: Supply and use,1966,"Supply-Imports-Total -1,000 short tons, raw value",5212
Total cane and beet sugar: Supply and use,1967,"Supply-Imports-Total -1,000 short tons, raw value",5509
Total cane and beet sugar: Supply and use,1968,"Supply-Imports-Total -1,000 short tons, raw value",5634
Total cane and beet sugar: Supply and use,1969,"Supply-Imports-Total -1,000 short tons, raw value",5228
Total cane and beet sugar: Supply and use,1970,"Supply-Imports-Total -1,000 short tons, raw value",5649
Total cane and beet sugar: Supply and use,1971,"Supply-Imports-Total -1,000 short tons, raw value",5731
Total cane and beet sugar: Supply and use,1972,"Supply-Imports-Total -1,000 short tons, raw value",5608
Total cane and beet sugar: Supply and use,1973,"Supply-Imports-Total -1,000 short tons, raw value",5408
Total cane and beet sugar: Supply and use,1974,"Supply-Imports-Total -1,000 short tons, raw value",5927
Total cane and beet sugar: Supply and use,1975,"Supply-Imports-Total -1,000 short tons, raw value",3978
Total cane and beet sugar: Supply and use,1976,"Supply-Imports-Total -1,000 short tons, raw value",4861
Total cane and beet sugar: Supply and use,1977,"Supply-Imports-Total -1,000 short tons, raw value",6240
Total cane and beet sugar: Supply and use,1978,"Supply-Imports-Total -1,000 short tons, raw value",4735
Total cane and beet sugar: Supply and use,1979,"Supply-Imports-Total -1,000 short tons, raw value",5074
Total cane and beet sugar: Supply and use,1980,"Supply-Imports-Total -1,000 short tons, raw value",4673
Total cane and beet sugar: Supply and use,1981,"Supply-Imports-Total -1,000 short tons, raw value",5074
Total cane and beet sugar: Supply and use,1982,"Supply-Imports-Total -1,000 short tons, raw value",3044
Total cane and beet sugar: Supply and use,1983,"Supply-Imports-Total -1,000 short tons, raw value",3147
Total cane and beet sugar: Supply and use,1984,"Supply-Imports-Total -1,000 short tons, raw value",3468
Total cane and beet sugar: Supply and use,1985,"Supply-Imports-Total -1,000 short tons, raw value",2833
Total cane and beet sugar: Supply and use,1986,"Supply-Imports-Total -1,000 short tons, raw value",2254
Total cane and beet sugar: Supply and use,1987,"Supply-Imports-Total -1,000 short tons, raw value",1558
Total cane and beet sugar: Supply and use,1988,"Supply-Imports-Total -1,000 short tons, raw value",1407
Total cane and beet sugar: Supply and use,1989,"Supply-Imports-Total -1,000 short tons, raw value",1925
Total cane and beet sugar: Supply and use,1990,"Supply-Imports-Total -1,000 short tons, raw value",2765
Total cane and beet sugar: Supply and use,1991,"Supply-Imports-Total -1,000 short tons, raw value",2595
Total cane and beet sugar: Supply and use,1992,"Supply-Imports-Total -1,000 short tons, raw value",2254.468
Total cane and beet sugar: Supply and use,1993,"Supply-Imports-Total -1,000 short tons, raw value",2016.443
Total cane and beet sugar: Supply and use,1994,"Supply-Imports-Total -1,000 short tons, raw value",1796.083
Total cane and beet sugar: Supply and use,1995,"Supply-Imports-Total -1,000 short tons, raw value",1760.417
Total cane and beet sugar: Supply and use,1996,"Supply-Imports-Total -1,000 short tons, raw value",2938.528
Total cane and beet sugar: Supply and use,1997,"Supply-Imports-Total -1,000 short tons, raw value",2688.053
Total cane and beet sugar: Supply and use,1998,"Supply-Imports-Total -1,000 short tons, raw value",2164.452
Total cane and beet sugar: Supply and use,1999,"Supply-Imports-Total -1,000 short tons, raw value",1832.868
Total cane and beet sugar: Supply and use,2000,"Supply-Imports-Total -1,000 short tons, raw value",1679.306
Total cane and beet sugar: Supply and use,2001,"Supply-Imports-Total -1,000 short tons, raw value",1676.613
Total cane and beet sugar: Supply and use,2002,"Supply-Imports-Total -1,000 short tons, raw value",1632.276
Total cane and beet sugar: Supply and use,2003,"Supply-Imports-Total -1,000 short tons, raw value",1608.326
Total cane and beet sugar: Supply and use,2004,"Supply-Imports-Total -1,000 short tons, raw value",1729.088
Total cane and beet sugar: Supply and use,2005,"Supply-Imports-Total -1,000 short tons, raw value",2165.018
Total cane and beet sugar: Supply and use,2006,"Supply-Imports-Total -1,000 short tons, raw value",3194.551
Total cane and beet sugar: Supply and use,2007,"Supply-Imports-Total -1,000 short tons, raw value",2177.733
Total cane and beet sugar: Supply and use,2008,"Supply-Imports-Total -1,000 short tons, raw value",2960.715809
Total cane and beet sugar: Supply and use,2009,"Supply-Imports-Total -1,000 short tons, raw value",2847.605061
Total cane and beet sugar: Supply and use,2010,"Supply-Imports-Total -1,000 short tons, raw value",3395.763897
Total cane and beet sugar: Supply and use,2011,"Supply-Imports-Total -1,000 short tons, raw value",3891.196274
Total cane and beet sugar: Supply and use,2012,"Supply-Imports-Total -1,000 short tons, raw value",3430.543098
Total cane and beet sugar: Supply and use,2013,"Supply-Imports-Total -1,000 short tons, raw value",3326.404768
Total cane and beet sugar: Supply and use,2014,"Supply-Imports-Total -1,000 short tons, raw value",3447.561591
Total cane and beet sugar: Supply and use,2015,"Supply-Imports-Total -1,000 short tons, raw value",3586.442053
Total cane and beet sugar: Supply and use,2016,"Supply-Imports-Total -1,000 short tons, raw value",3563.176075
Total cane and beet sugar: Supply and use,2017,"Supply-Imports-Total -1,000 short tons, raw value",3294.467425
Total cane and beet sugar: Supply and use,2018,"Supply-Imports-Total -1,000 short tons, raw value",3154.907414
Total cane and beet sugar: Supply and use,2019,"Supply-Imports-Total -1,000 short tons, raw value",3174.682249
Total cane and beet sugar: Supply and use,2020,"Supply-Imports-Total -1,000 short tons, raw value",4136.74216
Total cane and beet sugar: Supply and use,2021,"Supply-Imports-Total -1,000 short tons, raw value",3388.672553
Total cane and beet sugar: Supply and use,2022,"Supply-Imports-Total -1,000 short tons, raw value",3465.884355
Total cane and beet sugar: Supply and use,2023,"Supply-Imports-Total -1,000 short tons, raw value",3534.156007
Total cane and beet sugar: Supply and use,1960,"Supply-Beginning stocks-1,000 short tons, raw value",2080
Total cane and beet sugar: Supply and use,1961,"Supply-Beginning stocks-1,000 short tons, raw value",2430
Total cane and beet sugar: Supply and use,1962,"Supply-Beginning stocks-1,000 short tons, raw value",2302
Total cane and beet sugar: Supply and use,1963,"Supply-Beginning stocks-1,000 short tons, raw value",2367
Total cane and beet sugar: Supply and use,1964,"Supply-Beginning stocks-1,000 short tons, raw value",2637
Total cane and beet sugar: Supply and use,1965,"Supply-Beginning stocks-1,000 short tons, raw value",2794
Total cane and beet sugar: Supply and use,1966,"Supply-Beginning stocks-1,000 short tons, raw value",2805
Total cane and beet sugar: Supply and use,1967,"Supply-Beginning stocks-1,000 short tons, raw value",2758
Total cane and beet sugar: Supply and use,1968,"Supply-Beginning stocks-1,000 short tons, raw value",2941
Total cane and beet sugar: Supply and use,1969,"Supply-Beginning stocks-1,000 short tons, raw value",3043
Total cane and beet sugar: Supply and use,1970,"Supply-Beginning stocks-1,000 short tons, raw value",2869
Total cane and beet sugar: Supply and use,1971,"Supply-Beginning stocks-1,000 short tons, raw value",2835
Total cane and beet sugar: Supply and use,1972,"Supply-Beginning stocks-1,000 short tons, raw value",2823
Total cane and beet sugar: Supply and use,1973,"Supply-Beginning stocks-1,000 short tons, raw value",2823
Total cane and beet sugar: Supply and use,1974,"Supply-Beginning stocks-1,000 short tons, raw value",2646
Total cane and beet sugar: Supply and use,1975,"Supply-Beginning stocks-1,000 short tons, raw value",2854
Total cane and beet sugar: Supply and use,1976,"Supply-Beginning stocks-1,000 short tons, raw value",2856
Total cane and beet sugar: Supply and use,1977,"Supply-Beginning stocks-1,000 short tons, raw value",3498
Total cane and beet sugar: Supply and use,1978,"Supply-Beginning stocks-1,000 short tons, raw value",4491
Total cane and beet sugar: Supply and use,1979,"Supply-Beginning stocks-1,000 short tons, raw value",3754
Total cane and beet sugar: Supply and use,1980,"Supply-Beginning stocks-1,000 short tons, raw value",3701
Total cane and beet sugar: Supply and use,1981,"Supply-Beginning stocks-1,000 short tons, raw value",3082
Total cane and beet sugar: Supply and use,1982,"Supply-Beginning stocks-1,000 short tons, raw value",3461
Total cane and beet sugar: Supply and use,1983,"Supply-Beginning stocks-1,000 short tons, raw value",3068
Total cane and beet sugar: Supply and use,1984,"Supply-Beginning stocks-1,000 short tons, raw value",2570
Total cane and beet sugar: Supply and use,1985,"Supply-Beginning stocks-1,000 short tons, raw value",3005
Total cane and beet sugar: Supply and use,1986,"Supply-Beginning stocks-1,000 short tons, raw value",3126
Total cane and beet sugar: Supply and use,1987,"Supply-Beginning stocks-1,000 short tons, raw value",3225
Total cane and beet sugar: Supply and use,1988,"Supply-Beginning stocks-1,000 short tons, raw value",3195
Total cane and beet sugar: Supply and use,1989,"Supply-Beginning stocks-1,000 short tons, raw value",3132
Total cane and beet sugar: Supply and use,1990,"Supply-Beginning stocks-1,000 short tons, raw value",2947
Total cane and beet sugar: Supply and use,1991,"Supply-Beginning stocks-1,000 short tons, raw value",2730
Total cane and beet sugar: Supply and use,1992,"Supply-Beginning stocks-1,000 short tons, raw value",3039
Total cane and beet sugar: Supply and use,1993,"Supply-Beginning stocks-1,000 short tons, raw value",3225
Total cane and beet sugar: Supply and use,1994,"Supply-Beginning stocks-1,000 short tons, raw value",3502.516
Total cane and beet sugar: Supply and use,1995,"Supply-Beginning stocks-1,000 short tons, raw value",3145.664
Total cane and beet sugar: Supply and use,1996,"Supply-Beginning stocks-1,000 short tons, raw value",2909
Total cane and beet sugar: Supply and use,1997,"Supply-Beginning stocks-1,000 short tons, raw value",3195
Total cane and beet sugar: Supply and use,1998,"Supply-Beginning stocks-1,000 short tons, raw value",3377
Total cane and beet sugar: Supply and use,1999,"Supply-Beginning stocks-1,000 short tons, raw value",3421
Total cane and beet sugar: Supply and use,2000,"Supply-Beginning stocks-1,000 short tons, raw value",3855
Total cane and beet sugar: Supply and use,2001,"Supply-Beginning stocks-1,000 short tons, raw value",4336.536
Total cane and beet sugar: Supply and use,2002,"Supply-Beginning stocks-1,000 short tons, raw value",4525.131
Total cane and beet sugar: Supply and use,2003,"Supply-Beginning stocks-1,000 short tons, raw value",3438.72
Total cane and beet sugar: Supply and use,2004,"Supply-Beginning stocks-1,000 short tons, raw value",4123.86899
Total cane and beet sugar: Supply and use,2005,"Supply-Beginning stocks-1,000 short tons, raw value",4029.174
Total cane and beet sugar: Supply and use,2006,"Supply-Beginning stocks-1,000 short tons, raw value",3357.043
Total cane and beet sugar: Supply and use,2007,"Supply-Beginning stocks-1,000 short tons, raw value",4038.985
Total cane and beet sugar: Supply and use,2008,"Supply-Beginning stocks-1,000 short tons, raw value",4009.251
Total cane and beet sugar: Supply and use,2009,"Supply-Beginning stocks-1,000 short tons, raw value",3984.022
Total cane and beet sugar: Supply and use,2010,"Supply-Beginning stocks-1,000 short tons, raw value",3559.442
Total cane and beet sugar: Supply and use,2011,"Supply-Beginning stocks-1,000 short tons, raw value",3868.786
Total cane and beet sugar: Supply and use,2012,"Supply-Beginning stocks-1,000 short tons, raw value",3780.247
Total cane and beet sugar: Supply and use,2013,"Supply-Beginning stocks-1,000 short tons, raw value",4620.544
Total cane and beet sugar: Supply and use,2014,"Supply-Beginning stocks-1,000 short tons, raw value",4481.051
Total cane and beet sugar: Supply and use,2015,"Supply-Beginning stocks-1,000 short tons, raw value",4129.536
Total cane and beet sugar: Supply and use,2016,"Supply-Beginning stocks-1,000 short tons, raw value",3960.243
Total cane and beet sugar: Supply and use,2017,"Supply-Beginning stocks-1,000 short tons, raw value",4338.586
Total cane and beet sugar: Supply and use,2018,"Supply-Beginning stocks-1,000 short tons, raw value",4127.958
Total cane and beet sugar: Supply and use,2019,"Supply-Beginning stocks-1,000 short tons, raw value",4378.106
Total cane and beet sugar: Supply and use,2020,"Supply-Beginning stocks-1,000 short tons, raw value",3854.623
Total cane and beet sugar: Supply and use,2021,"Supply-Beginning stocks-1,000 short tons, raw value",4081.392
Total cane and beet sugar: Supply and use,2022,"Supply-Beginning stocks-1,000 short tons, raw value",4077.387
Total cane and beet sugar: Supply and use,2023,"Supply-Beginning stocks-1,000 short tons, raw value",4152.015
Total cane and beet sugar: Supply and use,1960,"Supply-Total supply-1,000 short tons, raw value",11877
Total cane and beet sugar: Supply and use,1961,"Supply-Total supply-1,000 short tons, raw value",12102
Total cane and beet sugar: Supply and use,1962,"Supply-Total supply-1,000 short tons, raw value",12298
Total cane and beet sugar: Supply and use,1963,"Supply-Total supply-1,000 short tons, raw value",12723
Total cane and beet sugar: Supply and use,1964,"Supply-Total supply-1,000 short tons, raw value",12666
Total cane and beet sugar: Supply and use,1965,"Supply-Total supply-1,000 short tons, raw value",13025
Total cane and beet sugar: Supply and use,1966,"Supply-Total supply-1,000 short tons, raw value",13296
Total cane and beet sugar: Supply and use,1967,"Supply-Total supply-1,000 short tons, raw value",13564
Total cane and beet sugar: Supply and use,1968,"Supply-Total supply-1,000 short tons, raw value",14202
Total cane and beet sugar: Supply and use,1969,"Supply-Total supply-1,000 short tons, raw value",13753
Total cane and beet sugar: Supply and use,1970,"Supply-Total supply-1,000 short tons, raw value",14392
Total cane and beet sugar: Supply and use,1971,"Supply-Total supply-1,000 short tons, raw value",14381
Total cane and beet sugar: Supply and use,1972,"Supply-Total supply-1,000 short tons, raw value",14446
Total cane and beet sugar: Supply and use,1973,"Supply-Total supply-1,000 short tons, raw value",14292
Total cane and beet sugar: Supply and use,1974,"Supply-Total supply-1,000 short tons, raw value",14235
Total cane and beet sugar: Supply and use,1975,"Supply-Total supply-1,000 short tons, raw value",13132
Total cane and beet sugar: Supply and use,1976,"Supply-Total supply-1,000 short tons, raw value",14515
Total cane and beet sugar: Supply and use,1977,"Supply-Total supply-1,000 short tons, raw value",15827
Total cane and beet sugar: Supply and use,1978,"Supply-Total supply-1,000 short tons, raw value",14828
Total cane and beet sugar: Supply and use,1979,"Supply-Total supply-1,000 short tons, raw value",14621
Total cane and beet sugar: Supply and use,1980,"Supply-Total supply-1,000 short tons, raw value",14110
Total cane and beet sugar: Supply and use,1981,"Supply-Total supply-1,000 short tons, raw value",14380
Total cane and beet sugar: Supply and use,1982,"Supply-Total supply-1,000 short tons, raw value",12439
Total cane and beet sugar: Supply and use,1983,"Supply-Total supply-1,000 short tons, raw value",11895
Total cane and beet sugar: Supply and use,1984,"Supply-Total supply-1,000 short tons, raw value",11928
Total cane and beet sugar: Supply and use,1985,"Supply-Total supply-1,000 short tons, raw value",11805
Total cane and beet sugar: Supply and use,1986,"Supply-Total supply-1,000 short tons, raw value",11647
Total cane and beet sugar: Supply and use,1987,"Supply-Total supply-1,000 short tons, raw value",12092
Total cane and beet sugar: Supply and use,1988,"Supply-Total supply-1,000 short tons, raw value",11689
Total cane and beet sugar: Supply and use,1989,"Supply-Total supply-1,000 short tons, raw value",11898
Total cane and beet sugar: Supply and use,1990,"Supply-Total supply-1,000 short tons, raw value",12046
Total cane and beet sugar: Supply and use,1991,"Supply-Total supply-1,000 short tons, raw value",12461
Total cane and beet sugar: Supply and use,1992,"Supply-Total supply-1,000 short tons, raw value",12862.468
Total cane and beet sugar: Supply and use,1993,"Supply-Total supply-1,000 short tons, raw value",13072.393
Total cane and beet sugar: Supply and use,1994,"Supply-Total supply-1,000 short tons, raw value",12967.589
Total cane and beet sugar: Supply and use,1995,"Supply-Total supply-1,000 short tons, raw value",12884.212
Total cane and beet sugar: Supply and use,1996,"Supply-Total supply-1,000 short tons, raw value",13115.489
Total cane and beet sugar: Supply and use,1997,"Supply-Total supply-1,000 short tons, raw value",13300.922
Total cane and beet sugar: Supply and use,1998,"Supply-Total supply-1,000 short tons, raw value",13422.434
Total cane and beet sugar: Supply and use,1999,"Supply-Total supply-1,000 short tons, raw value",14353.681
Total cane and beet sugar: Supply and use,2000,"Supply-Total supply-1,000 short tons, raw value",14489.788
Total cane and beet sugar: Supply and use,2001,"Supply-Total supply-1,000 short tons, raw value",14655.113
Total cane and beet sugar: Supply and use,2002,"Supply-Total supply-1,000 short tons, raw value",13661.866
Total cane and beet sugar: Supply and use,2003,"Supply-Total supply-1,000 short tons, raw value",14023.205
Total cane and beet sugar: Supply and use,2004,"Supply-Total supply-1,000 short tons, raw value",14219.32699
Total cane and beet sugar: Supply and use,2005,"Supply-Total supply-1,000 short tons, raw value",13672.195
Total cane and beet sugar: Supply and use,2006,"Supply-Total supply-1,000 short tons, raw value",14307.261
Total cane and beet sugar: Supply and use,2007,"Supply-Total supply-1,000 short tons, raw value",14683.856
Total cane and beet sugar: Supply and use,2008,"Supply-Total supply-1,000 short tons, raw value",14917.27481
Total cane and beet sugar: Supply and use,2009,"Supply-Total supply-1,000 short tons, raw value",14369.12406
Total cane and beet sugar: Supply and use,2010,"Supply-Total supply-1,000 short tons, raw value",15376.7519
Total cane and beet sugar: Supply and use,2011,"Supply-Total supply-1,000 short tons, raw value",15360.39027
Total cane and beet sugar: Supply and use,2012,"Supply-Total supply-1,000 short tons, raw value",16211.6491
Total cane and beet sugar: Supply and use,2013,"Supply-Total supply-1,000 short tons, raw value",16680.08177
Total cane and beet sugar: Supply and use,2014,"Supply-Total supply-1,000 short tons, raw value",16440.37159
Total cane and beet sugar: Supply and use,2015,"Supply-Total supply-1,000 short tons, raw value",16216.20005
Total cane and beet sugar: Supply and use,2016,"Supply-Total supply-1,000 short tons, raw value",16660.41908
Total cane and beet sugar: Supply and use,2017,"Supply-Total supply-1,000 short tons, raw value",16641.67943
Total cane and beet sugar: Supply and use,2018,"Supply-Total supply-1,000 short tons, raw value",16678.73741
Total cane and beet sugar: Supply and use,2019,"Supply-Total supply-1,000 short tons, raw value",16071.55425
Total cane and beet sugar: Supply and use,2020,"Supply-Total supply-1,000 short tons, raw value",16460.87316
Total cane and beet sugar: Supply and use,2021,"Supply-Total supply-1,000 short tons, raw value",16688.59755
Total cane and beet sugar: Supply and use,2022,"Supply-Total supply-1,000 short tons, raw value",16802.19436
Total cane and beet sugar: Supply and use,2023,"Supply-Total supply-1,000 short tons, raw value",16852.85301
Total cane and beet sugar: Supply and use,1960,"Use-Exports-1,000 short tons, raw value",46
Total cane and beet sugar: Supply and use,1961,"Use-Exports-1,000 short tons, raw value",55
Total cane and beet sugar: Supply and use,1962,"Use-Exports-1,000 short tons, raw value",66
Total cane and beet sugar: Supply and use,1963,"Use-Exports-1,000 short tons, raw value",30
Total cane and beet sugar: Supply and use,1964,"Use-Exports-1,000 short tons, raw value",21
Total cane and beet sugar: Supply and use,1965,"Use-Exports-1,000 short tons, raw value",89
Total cane and beet sugar: Supply and use,1966,"Use-Exports-1,000 short tons, raw value",65
Total cane and beet sugar: Supply and use,1967,"Use-Exports-1,000 short tons, raw value",72
Total cane and beet sugar: Supply and use,1968,"Use-Exports-1,000 short tons, raw value",79
Total cane and beet sugar: Supply and use,1969,"Use-Exports-1,000 short tons, raw value",82
Total cane and beet sugar: Supply and use,1970,"Use-Exports-1,000 short tons, raw value",66
Total cane and beet sugar: Supply and use,1971,"Use-Exports-1,000 short tons, raw value",89
Total cane and beet sugar: Supply and use,1972,"Use-Exports-1,000 short tons, raw value",50
Total cane and beet sugar: Supply and use,1973,"Use-Exports-1,000 short tons, raw value",26
Total cane and beet sugar: Supply and use,1974,"Use-Exports-1,000 short tons, raw value",72
Total cane and beet sugar: Supply and use,1975,"Use-Exports-1,000 short tons, raw value",216
Total cane and beet sugar: Supply and use,1976,"Use-Exports-1,000 short tons, raw value",76
Total cane and beet sugar: Supply and use,1977,"Use-Exports-1,000 short tons, raw value",35
Total cane and beet sugar: Supply and use,1978,"Use-Exports-1,000 short tons, raw value",48
Total cane and beet sugar: Supply and use,1979,"Use-Exports-1,000 short tons, raw value",73
Total cane and beet sugar: Supply and use,1980,"Use-Exports-1,000 short tons, raw value",689
Total cane and beet sugar: Supply and use,1981,"Use-Exports-1,000 short tons, raw value",1191
Total cane and beet sugar: Supply and use,1982,"Use-Exports-1,000 short tons, raw value",137
Total cane and beet sugar: Supply and use,1983,"Use-Exports-1,000 short tons, raw value",300
Total cane and beet sugar: Supply and use,1984,"Use-Exports-1,000 short tons, raw value",447
Total cane and beet sugar: Supply and use,1985,"Use-Exports-1,000 short tons, raw value",481
Total cane and beet sugar: Supply and use,1986,"Use-Exports-1,000 short tons, raw value",582
Total cane and beet sugar: Supply and use,1987,"Use-Exports-1,000 short tons, raw value",604
Total cane and beet sugar: Supply and use,1988,"Use-Exports-1,000 short tons, raw value",458
Total cane and beet sugar: Supply and use,1989,"Use-Exports-1,000 short tons, raw value",614
Total cane and beet sugar: Supply and use,1990,"Use-Exports-1,000 short tons, raw value",654
Total cane and beet sugar: Supply and use,1991,"Use-Exports-1,000 short tons, raw value",735
Total cane and beet sugar: Supply and use,1992,"Use-Exports-1,000 short tons, raw value",703.22118
Total cane and beet sugar: Supply and use,1993,"Use-Exports-1,000 short tons, raw value",582.6316565
Total cane and beet sugar: Supply and use,1994,"Use-Exports-1,000 short tons, raw value",716.49675
Total cane and beet sugar: Supply and use,1995,"Use-Exports-1,000 short tons, raw value",693.59431
Total cane and beet sugar: Supply and use,1996,"Use-Exports-1,000 short tons, raw value",531.19043
Total cane and beet sugar: Supply and use,1997,"Use-Exports-1,000 short tons, raw value",440.1918
Total cane and beet sugar: Supply and use,1998,"Use-Exports-1,000 short tons, raw value",441.27365
Total cane and beet sugar: Supply and use,1999,"Use-Exports-1,000 short tons, raw value",430.78129
Total cane and beet sugar: Supply and use,2000,"Use-Exports-1,000 short tons, raw value",256.39427
Total cane and beet sugar: Supply and use,2001,"Use-Exports-1,000 short tons, raw value",333.16494
Total cane and beet sugar: Supply and use,2002,"Use-Exports-1,000 short tons, raw value",355.14243
Total cane and beet sugar: Supply and use,2003,"Use-Exports-1,000 short tons, raw value",355.13905
Total cane and beet sugar: Supply and use,2004,"Use-Exports-1,000 short tons, raw value",468.42614
Total cane and beet sugar: Supply and use,2005,"Use-Exports-1,000 short tons, raw value",403.98349
Total cane and beet sugar: Supply and use,2006,"Use-Exports-1,000 short tons, raw value",435.90446
Total cane and beet sugar: Supply and use,2007,"Use-Exports-1,000 short tons, raw value",573.74338
Total cane and beet sugar: Supply and use,2008,"Use-Exports-1,000 short tons, raw value",324.658
Total cane and beet sugar: Supply and use,2009,"Use-Exports-1,000 short tons, raw value",314.84215
Total cane and beet sugar: Supply and use,2010,"Use-Exports-1,000 short tons, raw value",464.99531
Total cane and beet sugar: Supply and use,2011,"Use-Exports-1,000 short tons, raw value",506.76871
Total cane and beet sugar: Supply and use,2012,"Use-Exports-1,000 short tons, raw value",400.44245
Total cane and beet sugar: Supply and use,2013,"Use-Exports-1,000 short tons, raw value",366.94533
Total cane and beet sugar: Supply and use,2014,"Use-Exports-1,000 short tons, raw value",420.43439
Total cane and beet sugar: Supply and use,2015,"Use-Exports-1,000 short tons, raw value",330.41896
Total cane and beet sugar: Supply and use,2016,"Use-Exports-1,000 short tons, raw value",243.11645
Total cane and beet sugar: Supply and use,2017,"Use-Exports-1,000 short tons, raw value",308.58214
Total cane and beet sugar: Supply and use,2018,"Use-Exports-1,000 short tons, raw value",254.89374
Total cane and beet sugar: Supply and use,2019,"Use-Exports-1,000 short tons, raw value",162.37917
Total cane and beet sugar: Supply and use,2020,"Use-Exports-1,000 short tons, raw value",178.55973
Total cane and beet sugar: Supply and use,2021,"Use-Exports-1,000 short tons, raw value",161.82119
Total cane and beet sugar: Supply and use,2022,"Use-Exports-1,000 short tons, raw value",137.33626
Total cane and beet sugar: Supply and use,2023,"Use-Exports-1,000 short tons, raw value",276.36498
Total cane and beet sugar: Supply and use,1960,"Use-Net change in stocks-1,000 short tons, raw value",-107
Total cane and beet sugar: Supply and use,1961,"Use-Net change in stocks-1,000 short tons, raw value",40
Total cane and beet sugar: Supply and use,1962,"Use-Net change in stocks-1,000 short tons, raw value",15
Total cane and beet sugar: Supply and use,1963,"Use-Net change in stocks-1,000 short tons, raw value",159
Total cane and beet sugar: Supply and use,1964,"Use-Net change in stocks-1,000 short tons, raw value",-161
Total cane and beet sugar: Supply and use,1965,"Use-Net change in stocks-1,000 short tons, raw value",-42
Total cane and beet sugar: Supply and use,1966,"Use-Net change in stocks-1,000 short tons, raw value",101
Total cane and beet sugar: Supply and use,1967,"Use-Net change in stocks-1,000 short tons, raw value",-188
Total cane and beet sugar: Supply and use,1968,"Use-Net change in stocks-1,000 short tons, raw value",291
Total cane and beet sugar: Supply and use,1969,"Use-Net change in stocks-1,000 short tons, raw value",-273
Total cane and beet sugar: Supply and use,1970,"Use-Net change in stocks-1,000 short tons, raw value",185
Total cane and beet sugar: Supply and use,1971,"Use-Net change in stocks-1,000 short tons, raw value",-7
Total cane and beet sugar: Supply and use,1972,"Use-Net change in stocks-1,000 short tons, raw value",-21
Total cane and beet sugar: Supply and use,1973,"Use-Net change in stocks-1,000 short tons, raw value",91
Total cane and beet sugar: Supply and use,1974,"Use-Net change in stocks-1,000 short tons, raw value",305
Total cane and beet sugar: Supply and use,1975,"Use-Net change in stocks-1,000 short tons, raw value",-277
Total cane and beet sugar: Supply and use,1976,"Use-Net change in stocks-1,000 short tons, raw value",-24
Total cane and beet sugar: Supply and use,1977,"Use-Net change in stocks-1,000 short tons, raw value",188
Total cane and beet sugar: Supply and use,1978,"Use-Net change in stocks-1,000 short tons, raw value",29
Total cane and beet sugar: Supply and use,1979,"Use-Net change in stocks-1,000 short tons, raw value",-12
Total cane and beet sugar: Supply and use,1980,"Use-Net change in stocks-1,000 short tons, raw value",72
Total cane and beet sugar: Supply and use,1981,"Use-Net change in stocks-1,000 short tons, raw value",-94
Total cane and beet sugar: Supply and use,1982,"Use-Net change in stocks-1,000 short tons, raw value",28
Total cane and beet sugar: Supply and use,1983,"Use-Net change in stocks-1,000 short tons, raw value",141
Total cane and beet sugar: Supply and use,1984,"Use-Net change in stocks-1,000 short tons, raw value",-18
Total cane and beet sugar: Supply and use,1985,"Use-Net change in stocks-1,000 short tons, raw value",-69
Total cane and beet sugar: Supply and use,1986,"Use-Net change in stocks-1,000 short tons, raw value",51
Total cane and beet sugar: Supply and use,1987,"Use-Net change in stocks-1,000 short tons, raw value",145
Total cane and beet sugar: Supply and use,1988,"Use-Net change in stocks-1,000 short tons, raw value",-58
Total cane and beet sugar: Supply and use,1989,"Use-Net change in stocks-1,000 short tons, raw value",-11
Total cane and beet sugar: Supply and use,1990,"Use-Net change in stocks-1,000 short tons, raw value",-5
Total cane and beet sugar: Supply and use,1991,"Use-Net change in stocks-1,000 short tons, raw value",13
Total cane and beet sugar: Supply and use,1992,"Use-Net change in stocks-1,000 short tons, raw value",91.24982
Total cane and beet sugar: Supply and use,1993,"Use-Net change in stocks-1,000 short tons, raw value",86.8873435
Total cane and beet sugar: Supply and use,1994,"Use-Net change in stocks-1,000 short tons, raw value",20.343
Total cane and beet sugar: Supply and use,1995,"Use-Net change in stocks-1,000 short tons, raw value",6.085
Total cane and beet sugar: Supply and use,1996,"Use-Net change in stocks-1,000 short tons, raw value",-10.17689794
Total cane and beet sugar: Supply and use,1997,"Use-Net change in stocks-1,000 short tons, raw value",-9.897351727
Total cane and beet sugar: Supply and use,1998,"Use-Net change in stocks-1,000 short tons, raw value",-52.82025644
Total cane and beet sugar: Supply and use,1999,"Use-Net change in stocks-1,000 short tons, raw value",136.6665062
Total cane and beet sugar: Supply and use,2000,"Use-Net change in stocks-1,000 short tons, raw value",-32.92422623
Total cane and beet sugar: Supply and use,2001,"Use-Net change in stocks-1,000 short tons, raw value",-86.40246544
Total cane and beet sugar: Supply and use,2002,"Use-Net change in stocks-1,000 short tons, raw value",97.96340918
Total cane and beet sugar: Supply and use,2003,"Use-Net change in stocks-1,000 short tons, raw value",49.46513025
Total cane and beet sugar: Supply and use,2004,"Use-Net change in stocks-1,000 short tons, raw value",16.2736833
Total cane and beet sugar: Supply and use,2005,"Use-Net change in stocks-1,000 short tons, raw value",-117.2155601
Total cane and beet sugar: Supply and use,2006,"Use-Net change in stocks-1,000 short tons, raw value",-152.7518047
Total cane and beet sugar: Supply and use,2007,"Use-Net change in stocks-1,000 short tons, raw value",170.3637727
Total cane and beet sugar: Supply and use,2008,"Use-Net change in stocks-1,000 short tons, raw value",-57.6049795
Total cane and beet sugar: Supply and use,2009,"Use-Net change in stocks-1,000 short tons, raw value",32.15562919
Total cane and beet sugar: Supply and use,2010,"Use-Net change in stocks-1,000 short tons, raw value",85.70905225
Total cane and beet sugar: Supply and use,2011,"Use-Net change in stocks-1,000 short tons, raw value",45.41426076
Total cane and beet sugar: Supply and use,2012,"Use-Net change in stocks-1,000 short tons, raw value",-42.00111045
Total cane and beet sugar: Supply and use,2013,"Use-Net change in stocks-1,000 short tons, raw value",-170.7850623
Total cane and beet sugar: Supply and use,2014,"Use-Net change in stocks-1,000 short tons, raw value",194.2507914
Total cane and beet sugar: Supply and use,2015,"Use-Net change in stocks-1,000 short tons, raw value",52.85947594
Total cane and beet sugar: Supply and use,2016,"Use-Net change in stocks-1,000 short tons, raw value",19.27804268
Total cane and beet sugar: Supply and use,2017,"Use-Net change in stocks-1,000 short tons, raw value",163.2450002
Total cane and beet sugar: Supply and use,2018,"Use-Net change in stocks-1,000 short tons, raw value",41.29860091
Total cane and beet sugar: Supply and use,2019,"Use-Net change in stocks-1,000 short tons, raw value",43.49593556
Total cane and beet sugar: Supply and use,2020,"Use-Net change in stocks-1,000 short tons, raw value",75.36327578
Total cane and beet sugar: Supply and use,2021,"Use-Net change in stocks-1,000 short tons, raw value",65.74277667
Total cane and beet sugar: Supply and use,2022,"Use-Net change in stocks-1,000 short tons, raw value",139.5576045
Total cane and beet sugar: Supply and use,2023,"Use-Net change in stocks-1,000 short tons, raw value",77.65722629
Total cane and beet sugar: Supply and use,1960,"Use-Refining loss adjustement-1,000 short tons, raw value",50
Total cane and beet sugar: Supply and use,1961,"Use-Refining loss adjustement-1,000 short tons, raw value",62
Total cane and beet sugar: Supply and use,1962,"Use-Refining loss adjustement-1,000 short tons, raw value",49
Total cane and beet sugar: Supply and use,1963,"Use-Refining loss adjustement-1,000 short tons, raw value",39
Total cane and beet sugar: Supply and use,1964,"Use-Refining loss adjustement-1,000 short tons, raw value",59
Total cane and beet sugar: Supply and use,1965,"Use-Refining loss adjustement-1,000 short tons, raw value",52
Total cane and beet sugar: Supply and use,1966,"Use-Refining loss adjustement-1,000 short tons, raw value",58
Total cane and beet sugar: Supply and use,1967,"Use-Refining loss adjustement-1,000 short tons, raw value",66
Total cane and beet sugar: Supply and use,1968,"Use-Refining loss adjustement-1,000 short tons, raw value",51
Total cane and beet sugar: Supply and use,1969,"Use-Refining loss adjustement-1,000 short tons, raw value",57
Total cane and beet sugar: Supply and use,1970,"Use-Refining loss adjustement-1,000 short tons, raw value",60
Total cane and beet sugar: Supply and use,1971,"Use-Refining loss adjustement-1,000 short tons, raw value",70
Total cane and beet sugar: Supply and use,1972,"Use-Refining loss adjustement-1,000 short tons, raw value",45
Total cane and beet sugar: Supply and use,1973,"Use-Refining loss adjustement-1,000 short tons, raw value",69
Total cane and beet sugar: Supply and use,1974,"Use-Refining loss adjustement-1,000 short tons, raw value",51
Total cane and beet sugar: Supply and use,1975,"Use-Refining loss adjustement-1,000 short tons, raw value",35
Total cane and beet sugar: Supply and use,1976,"Use-Refining loss adjustement-1,000 short tons, raw value",72
Total cane and beet sugar: Supply and use,1977,"Use-Refining loss adjustement-1,000 short tons, raw value",14
Total cane and beet sugar: Supply and use,1978,"Use-Refining loss adjustement-1,000 short tons, raw value",108
Total cane and beet sugar: Supply and use,1979,"Use-Refining loss adjustement-1,000 short tons, raw value",103
Total cane and beet sugar: Supply and use,1980,"Use-Refining loss adjustement-1,000 short tons, raw value",78
Total cane and beet sugar: Supply and use,1981,"Use-Refining loss adjustement-1,000 short tons, raw value",53
Total cane and beet sugar: Supply and use,1982,"Use-Refining loss adjustement-1,000 short tons, raw value",53
Total cane and beet sugar: Supply and use,1983,"Use-Refining loss adjustement-1,000 short tons, raw value",72
Total cane and beet sugar: Supply and use,1984,"Use-Refining loss adjustement-1,000 short tons, raw value",58
Total cane and beet sugar: Supply and use,1985,"Use-Refining loss adjustement-1,000 short tons, raw value",122
Total cane and beet sugar: Supply and use,1986,"Use-Refining loss adjustement-1,000 short tons, raw value",28
Total cane and beet sugar: Supply and use,1987,"Use-Refining loss adjustement-1,000 short tons, raw value",18
Total cane and beet sugar: Supply and use,1988,"Use-Refining loss adjustement-1,000 short tons, raw value",12
Total cane and beet sugar: Supply and use,1989,"Use-Refining loss adjustement-1,000 short tons, raw value",38
Total cane and beet sugar: Supply and use,1990,"Use-Refining loss adjustement-1,000 short tons, raw value",43
Total cane and beet sugar: Supply and use,1991,"Use-Refining loss adjustement-1,000 short tons, raw value",40
Total cane and beet sugar: Supply and use,1992,"Use-Refining loss adjustement-1,000 short tons, raw value",
Total cane and beet sugar: Supply and use,1993,"Use-Refining loss adjustement-1,000 short tons, raw value",
Total cane and beet sugar: Supply and use,1994,"Use-Refining loss adjustement-1,000 short tons, raw value",
Total cane and beet sugar: Supply and use,1995,"Use-Refining loss adjustement-1,000 short tons, raw value",
Total cane and beet sugar: Supply and use,1996,"Use-Refining loss adjustement-1,000 short tons, raw value",
Total cane and beet sugar: Supply and use,1997,"Use-Refining loss adjustement-1,000 short tons, raw value",
Total cane and beet sugar: Supply and use,1998,"Use-Refining loss adjustement-1,000 short tons, raw value",
Total cane and beet sugar: Supply and use,1999,"Use-Refining loss adjustement-1,000 short tons, raw value",
Total cane and beet sugar: Supply and use,2000,"Use-Refining loss adjustement-1,000 short tons, raw value",
Total cane and beet sugar: Supply and use,2001,"Use-Refining loss adjustement-1,000 short tons, raw value",
Total cane and beet sugar: Supply and use,2002,"Use-Refining loss adjustement-1,000 short tons, raw value",
Total cane and beet sugar: Supply and use,2003,"Use-Refining loss adjustement-1,000 short tons, raw value",
Total cane and beet sugar: Supply and use,2004,"Use-Refining loss adjustement-1,000 short tons, raw value",
Total cane and beet sugar: Supply and use,2005,"Use-Refining loss adjustement-1,000 short tons, raw value",
Total cane and beet sugar: Supply and use,2006,"Use-Refining loss adjustement-1,000 short tons, raw value",
Total cane and beet sugar: Supply and use,2007,"Use-Refining loss adjustement-1,000 short tons, raw value",
Total cane and beet sugar: Supply and use,2008,"Use-Refining loss adjustement-1,000 short tons, raw value",
Total cane and beet sugar: Supply and use,2009,"Use-Refining loss adjustement-1,000 short tons, raw value",
Total cane and beet sugar: Supply and use,2010,"Use-Refining loss adjustement-1,000 short tons, raw value",
Total cane and beet sugar: Supply and use,2011,"Use-Refining loss adjustement-1,000 short tons, raw value",
Total cane and beet sugar: Supply and use,2012,"Use-Refining loss adjustement-1,000 short tons, raw value",
Total cane and beet sugar: Supply and use,2013,"Use-Refining loss adjustement-1,000 short tons, raw value",
Total cane and beet sugar: Supply and use,2014,"Use-Refining loss adjustement-1,000 short tons, raw value",
Total cane and beet sugar: Supply and use,2015,"Use-Refining loss adjustement-1,000 short tons, raw value",
Total cane and beet sugar: Supply and use,2016,"Use-Refining loss adjustement-1,000 short tons, raw value",
Total cane and beet sugar: Supply and use,2017,"Use-Refining loss adjustement-1,000 short tons, raw value",
Total cane and beet sugar: Supply and use,2018,"Use-Refining loss adjustement-1,000 short tons, raw value",
Total cane and beet sugar: Supply and use,2019,"Use-Refining loss adjustement-1,000 short tons, raw value",
Total cane and beet sugar: Supply and use,2020,"Use-Refining loss adjustement-1,000 short tons, raw value",
Total cane and beet sugar: Supply and use,2021,"Use-Refining loss adjustement-1,000 short tons, raw value",
Total cane and beet sugar: Supply and use,2022,"Use-Refining loss adjustement-1,000 short tons, raw value",
Total cane and beet sugar: Supply and use,2023,"Use-Refining loss adjustement-1,000 short tons, raw value",
Total cane and beet sugar: Supply and use,1960,"Use-Nonfood use-1,000 short tons, raw value",24
Total cane and beet sugar: Supply and use,1961,"Use-Nonfood use-1,000 short tons, raw value",32
Total cane and beet sugar: Supply and use,1962,"Use-Nonfood use-1,000 short tons, raw value",31
Total cane and beet sugar: Supply and use,1963,"Use-Nonfood use-1,000 short tons, raw value",7
Total cane and beet sugar: Supply and use,1964,"Use-Nonfood use-1,000 short tons, raw value",15
Total cane and beet sugar: Supply and use,1965,"Use-Nonfood use-1,000 short tons, raw value",41
Total cane and beet sugar: Supply and use,1966,"Use-Nonfood use-1,000 short tons, raw value",79
Total cane and beet sugar: Supply and use,1967,"Use-Nonfood use-1,000 short tons, raw value",199
Total cane and beet sugar: Supply and use,1968,"Use-Nonfood use-1,000 short tons, raw value",82
Total cane and beet sugar: Supply and use,1969,"Use-Nonfood use-1,000 short tons, raw value",68
Total cane and beet sugar: Supply and use,1970,"Use-Nonfood use-1,000 short tons, raw value",83
Total cane and beet sugar: Supply and use,1971,"Use-Nonfood use-1,000 short tons, raw value",61
Total cane and beet sugar: Supply and use,1972,"Use-Nonfood use-1,000 short tons, raw value",62
Total cane and beet sugar: Supply and use,1973,"Use-Nonfood use-1,000 short tons, raw value",31
Total cane and beet sugar: Supply and use,1974,"Use-Nonfood use-1,000 short tons, raw value",8
Total cane and beet sugar: Supply and use,1975,"Use-Nonfood use-1,000 short tons, raw value",0
Total cane and beet sugar: Supply and use,1976,"Use-Nonfood use-1,000 short tons, raw value",0
Total cane and beet sugar: Supply and use,1977,"Use-Nonfood use-1,000 short tons, raw value",0
Total cane and beet sugar: Supply and use,1978,"Use-Nonfood use-1,000 short tons, raw value",0
Total cane and beet sugar: Supply and use,1979,"Use-Nonfood use-1,000 short tons, raw value",0
Total cane and beet sugar: Supply and use,1980,"Use-Nonfood use-1,000 short tons, raw value",0
Total cane and beet sugar: Supply and use,1981,"Use-Nonfood use-1,000 short tons, raw value",0
Total cane and beet sugar: Supply and use,1982,"Use-Nonfood use-1,000 short tons, raw value",0
Total cane and beet sugar: Supply and use,1983,"Use-Nonfood use-1,000 short tons, raw value",0
Total cane and beet sugar: Supply and use,1984,"Use-Nonfood use-1,000 short tons, raw value",8
Total cane and beet sugar: Supply and use,1985,"Use-Nonfood use-1,000 short tons, raw value",142
Total cane and beet sugar: Supply and use,1986,"Use-Nonfood use-1,000 short tons, raw value",30
Total cane and beet sugar: Supply and use,1987,"Use-Nonfood use-1,000 short tons, raw value",27
Total cane and beet sugar: Supply and use,1988,"Use-Nonfood use-1,000 short tons, raw value",9
Total cane and beet sugar: Supply and use,1989,"Use-Nonfood use-1,000 short tons, raw value",6
Total cane and beet sugar: Supply and use,1990,"Use-Nonfood use-1,000 short tons, raw value",10
Total cane and beet sugar: Supply and use,1991,"Use-Nonfood use-1,000 short tons, raw value",12
Total cane and beet sugar: Supply and use,1992,"Use-Nonfood use-1,000 short tons, raw value",16.997
Total cane and beet sugar: Supply and use,1993,"Use-Nonfood use-1,000 short tons, raw value",14.358
Total cane and beet sugar: Supply and use,1994,"Use-Nonfood use-1,000 short tons, raw value",13.306
Total cane and beet sugar: Supply and use,1995,"Use-Nonfood use-1,000 short tons, raw value",17.415
Total cane and beet sugar: Supply and use,1996,"Use-Nonfood use-1,000 short tons, raw value",18.556
Total cane and beet sugar: Supply and use,1997,"Use-Nonfood use-1,000 short tons, raw value",20.839
Total cane and beet sugar: Supply and use,1998,"Use-Nonfood use-1,000 short tons, raw value",21.396
Total cane and beet sugar: Supply and use,1999,"Use-Nonfood use-1,000 short tons, raw value",26.017
Total cane and beet sugar: Supply and use,2000,"Use-Nonfood use-1,000 short tons, raw value",30.451
Total cane and beet sugar: Supply and use,2001,"Use-Nonfood use-1,000 short tons, raw value",44.432
Total cane and beet sugar: Supply and use,2002,"Use-Nonfood use-1,000 short tons, raw value",27.924
Total cane and beet sugar: Supply and use,2003,"Use-Nonfood use-1,000 short tons, raw value",27.224
Total cane and beet sugar: Supply and use,2004,"Use-Nonfood use-1,000 short tons, raw value",44.637
Total cane and beet sugar: Supply and use,2005,"Use-Nonfood use-1,000 short tons, raw value",51.863
Total cane and beet sugar: Supply and use,2006,"Use-Nonfood use-1,000 short tons, raw value",49.114
Total cane and beet sugar: Supply and use,2007,"Use-Nonfood use-1,000 short tons, raw value",54.583
Total cane and beet sugar: Supply and use,2008,"Use-Nonfood use-1,000 short tons, raw value",61.186
Total cane and beet sugar: Supply and use,2009,"Use-Nonfood use-1,000 short tons, raw value",40.764
Total cane and beet sugar: Supply and use,2010,"Use-Nonfood use-1,000 short tons, raw value",34.375
Total cane and beet sugar: Supply and use,2011,"Use-Nonfood use-1,000 short tons, raw value",32.426
Total cane and beet sugar: Supply and use,2012,"Use-Nonfood use-1,000 short tons, raw value",33.916
Total cane and beet sugar: Supply and use,2013,"Use-Nonfood use-1,000 short tons, raw value",497.79
Total cane and beet sugar: Supply and use,2014,"Use-Nonfood use-1,000 short tons, raw value",33.136
Total cane and beet sugar: Supply and use,2015,"Use-Nonfood use-1,000 short tons, raw value",23.854
Total cane and beet sugar: Supply and use,2016,"Use-Nonfood use-1,000 short tons, raw value",25.96
Total cane and beet sugar: Supply and use,2017,"Use-Nonfood use-1,000 short tons, raw value",23.849
Total cane and beet sugar: Supply and use,2018,"Use-Nonfood use-1,000 short tons, raw value",30.721
Total cane and beet sugar: Supply and use,2019,"Use-Nonfood use-1,000 short tons, raw value",24.872
Total cane and beet sugar: Supply and use,2020,"Use-Nonfood use-1,000 short tons, raw value",21.264
Total cane and beet sugar: Supply and use,2021,"Use-Nonfood use-1,000 short tons, raw value",29.426
Total cane and beet sugar: Supply and use,2022,"Use-Nonfood use-1,000 short tons, raw value",24.487
Total cane and beet sugar: Supply and use,2023,"Use-Nonfood use-1,000 short tons, raw value",22.352
Total cane and beet sugar: Supply and use,1960,"Use-Ending stocks-1,000 short tons, raw value",2430
Total cane and beet sugar: Supply and use,1961,"Use-Ending stocks-1,000 short tons, raw value",2302
Total cane and beet sugar: Supply and use,1962,"Use-Ending stocks-1,000 short tons, raw value",2367
Total cane and beet sugar: Supply and use,1963,"Use-Ending stocks-1,000 short tons, raw value",2637
Total cane and beet sugar: Supply and use,1964,"Use-Ending stocks-1,000 short tons, raw value",2794
Total cane and beet sugar: Supply and use,1965,"Use-Ending stocks-1,000 short tons, raw value",2805
Total cane and beet sugar: Supply and use,1966,"Use-Ending stocks-1,000 short tons, raw value",2758
Total cane and beet sugar: Supply and use,1967,"Use-Ending stocks-1,000 short tons, raw value",2941
Total cane and beet sugar: Supply and use,1968,"Use-Ending stocks-1,000 short tons, raw value",3043
Total cane and beet sugar: Supply and use,1969,"Use-Ending stocks-1,000 short tons, raw value",2869
Total cane and beet sugar: Supply and use,1970,"Use-Ending stocks-1,000 short tons, raw value",2835
Total cane and beet sugar: Supply and use,1971,"Use-Ending stocks-1,000 short tons, raw value",2823
Total cane and beet sugar: Supply and use,1972,"Use-Ending stocks-1,000 short tons, raw value",2823
Total cane and beet sugar: Supply and use,1973,"Use-Ending stocks-1,000 short tons, raw value",2646
Total cane and beet sugar: Supply and use,1974,"Use-Ending stocks-1,000 short tons, raw value",2854
Total cane and beet sugar: Supply and use,1975,"Use-Ending stocks-1,000 short tons, raw value",2856
Total cane and beet sugar: Supply and use,1976,"Use-Ending stocks-1,000 short tons, raw value",3498
Total cane and beet sugar: Supply and use,1977,"Use-Ending stocks-1,000 short tons, raw value",4491
Total cane and beet sugar: Supply and use,1978,"Use-Ending stocks-1,000 short tons, raw value",3754
Total cane and beet sugar: Supply and use,1979,"Use-Ending stocks-1,000 short tons, raw value",3701
Total cane and beet sugar: Supply and use,1980,"Use-Ending stocks-1,000 short tons, raw value",3082
Total cane and beet sugar: Supply and use,1981,"Use-Ending stocks-1,000 short tons, raw value",3461
Total cane and beet sugar: Supply and use,1982,"Use-Ending stocks-1,000 short tons, raw value",3068
Total cane and beet sugar: Supply and use,1983,"Use-Ending stocks-1,000 short tons, raw value",2570
Total cane and beet sugar: Supply and use,1984,"Use-Ending stocks-1,000 short tons, raw value",3005
Total cane and beet sugar: Supply and use,1985,"Use-Ending stocks-1,000 short tons, raw value",3126
Total cane and beet sugar: Supply and use,1986,"Use-Ending stocks-1,000 short tons, raw value",3225
Total cane and beet sugar: Supply and use,1987,"Use-Ending stocks-1,000 short tons, raw value",3195
Total cane and beet sugar: Supply and use,1988,"Use-Ending stocks-1,000 short tons, raw value",3132
Total cane and beet sugar: Supply and use,1989,"Use-Ending stocks-1,000 short tons, raw value",2947
Total cane and beet sugar: Supply and use,1990,"Use-Ending stocks-1,000 short tons, raw value",2729
Total cane and beet sugar: Supply and use,1991,"Use-Ending stocks-1,000 short tons, raw value",3039
Total cane and beet sugar: Supply and use,1992,"Use-Ending stocks-1,000 short tons, raw value",3225
Total cane and beet sugar: Supply and use,1993,"Use-Ending stocks-1,000 short tons, raw value",3502.516
Total cane and beet sugar: Supply and use,1994,"Use-Ending stocks-1,000 short tons, raw value",3145.664
Total cane and beet sugar: Supply and use,1995,"Use-Ending stocks-1,000 short tons, raw value",2909
Total cane and beet sugar: Supply and use,1996,"Use-Ending stocks-1,000 short tons, raw value",3195
Total cane and beet sugar: Supply and use,1997,"Use-Ending stocks-1,000 short tons, raw value",3377
Total cane and beet sugar: Supply and use,1998,"Use-Ending stocks-1,000 short tons, raw value",3421
Total cane and beet sugar: Supply and use,1999,"Use-Ending stocks-1,000 short tons, raw value",3855
Total cane and beet sugar: Supply and use,2000,"Use-Ending stocks-1,000 short tons, raw value",4336.536
Total cane and beet sugar: Supply and use,2001,"Use-Ending stocks-1,000 short tons, raw value",4525.131
Total cane and beet sugar: Supply and use,2002,"Use-Ending stocks-1,000 short tons, raw value",3438.72
Total cane and beet sugar: Supply and use,2003,"Use-Ending stocks-1,000 short tons, raw value",4123.86899
Total cane and beet sugar: Supply and use,2004,"Use-Ending stocks-1,000 short tons, raw value",4029.174
Total cane and beet sugar: Supply and use,2005,"Use-Ending stocks-1,000 short tons, raw value",3357.043
Total cane and beet sugar: Supply and use,2006,"Use-Ending stocks-1,000 short tons, raw value",4038.985
Total cane and beet sugar: Supply and use,2007,"Use-Ending stocks-1,000 short tons, raw value",4009.251
Total cane and beet sugar: Supply and use,2008,"Use-Ending stocks-1,000 short tons, raw value",3984.022
Total cane and beet sugar: Supply and use,2009,"Use-Ending stocks-1,000 short tons, raw value",3559.442
Total cane and beet sugar: Supply and use,2010,"Use-Ending stocks-1,000 short tons, raw value",3868.786
Total cane and beet sugar: Supply and use,2011,"Use-Ending stocks-1,000 short tons, raw value",3780.247
Total cane and beet sugar: Supply and use,2012,"Use-Ending stocks-1,000 short tons, raw value",4620.544
Total cane and beet sugar: Supply and use,2013,"Use-Ending stocks-1,000 short tons, raw value",4481.051
Total cane and beet sugar: Supply and use,2014,"Use-Ending stocks-1,000 short tons, raw value",4129.536
Total cane and beet sugar: Supply and use,2015,"Use-Ending stocks-1,000 short tons, raw value",3960.243
Total cane and beet sugar: Supply and use,2016,"Use-Ending stocks-1,000 short tons, raw value",4338.586
Total cane and beet sugar: Supply and use,2017,"Use-Ending stocks-1,000 short tons, raw value",4127.958
Total cane and beet sugar: Supply and use,2018,"Use-Ending stocks-1,000 short tons, raw value",4378.106
Total cane and beet sugar: Supply and use,2019,"Use-Ending stocks-1,000 short tons, raw value",3854.623
Total cane and beet sugar: Supply and use,2020,"Use-Ending stocks-1,000 short tons, raw value",4081.392
Total cane and beet sugar: Supply and use,2021,"Use-Ending stocks-1,000 short tons, raw value",4077.387
Total cane and beet sugar: Supply and use,2022,"Use-Ending stocks-1,000 short tons, raw value",4152.015
Total cane and beet sugar: Supply and use,2023,"Use-Ending stocks-1,000 short tons, raw value",4210.771
Total cane and beet sugar: Supply and use,1960,"Food availability-Total-1,000 short tons, raw value",9434
Total cane and beet sugar: Supply and use,1961,"Food availability-Total-1,000 short tons, raw value",9611
Total cane and beet sugar: Supply and use,1962,"Food availability-Total-1,000 short tons, raw value",9770
Total cane and beet sugar: Supply and use,1963,"Food availability-Total-1,000 short tons, raw value",9851
Total cane and beet sugar: Supply and use,1964,"Food availability-Total-1,000 short tons, raw value",9938
Total cane and beet sugar: Supply and use,1965,"Food availability-Total-1,000 short tons, raw value",10080
Total cane and beet sugar: Supply and use,1966,"Food availability-Total-1,000 short tons, raw value",10235
Total cane and beet sugar: Supply and use,1967,"Food availability-Total-1,000 short tons, raw value",10474
Total cane and beet sugar: Supply and use,1968,"Food availability-Total-1,000 short tons, raw value",10656
Total cane and beet sugar: Supply and use,1969,"Food availability-Total-1,000 short tons, raw value",10950
Total cane and beet sugar: Supply and use,1970,"Food availability-Total-1,000 short tons, raw value",11163
Total cane and beet sugar: Supply and use,1971,"Food availability-Total-1,000 short tons, raw value",11345
Total cane and beet sugar: Supply and use,1972,"Food availability-Total-1,000 short tons, raw value",11487
Total cane and beet sugar: Supply and use,1973,"Food availability-Total-1,000 short tons, raw value",11429
Total cane and beet sugar: Supply and use,1974,"Food availability-Total-1,000 short tons, raw value",10945
Total cane and beet sugar: Supply and use,1975,"Food availability-Total-1,000 short tons, raw value",10302
Total cane and beet sugar: Supply and use,1976,"Food availability-Total-1,000 short tons, raw value",10893
Total cane and beet sugar: Supply and use,1977,"Food availability-Total-1,000 short tons, raw value",11099
Total cane and beet sugar: Supply and use,1978,"Food availability-Total-1,000 short tons, raw value",10889
Total cane and beet sugar: Supply and use,1979,"Food availability-Total-1,000 short tons, raw value",10756
Total cane and beet sugar: Supply and use,1980,"Food availability-Total-1,000 short tons, raw value",10189
Total cane and beet sugar: Supply and use,1981,"Food availability-Total-1,000 short tons, raw value",9769
Total cane and beet sugar: Supply and use,1982,"Food availability-Total-1,000 short tons, raw value",9153
Total cane and beet sugar: Supply and use,1983,"Food availability-Total-1,000 short tons, raw value",8812
Total cane and beet sugar: Supply and use,1984,"Food availability-Total-1,000 short tons, raw value",8428
Total cane and beet sugar: Supply and use,1985,"Food availability-Total-1,000 short tons, raw value",8003
Total cane and beet sugar: Supply and use,1986,"Food availability-Total-1,000 short tons, raw value",7731
Total cane and beet sugar: Supply and use,1987,"Food availability-Total-1,000 short tons, raw value",8103
Total cane and beet sugar: Supply and use,1988,"Food availability-Total-1,000 short tons, raw value",8136
Total cane and beet sugar: Supply and use,1989,"Food availability-Total-1,000 short tons, raw value",8304
Total cane and beet sugar: Supply and use,1990,"Food availability-Total-1,000 short tons, raw value",8615
Total cane and beet sugar: Supply and use,1991,"Food availability-Total-1,000 short tons, raw value",8622
Total cane and beet sugar: Supply and use,1992,"Food availability-Total-1,000 short tons, raw value",8826
Total cane and beet sugar: Supply and use,1993,"Food availability-Total-1,000 short tons, raw value",8886
Total cane and beet sugar: Supply and use,1994,"Food availability-Total-1,000 short tons, raw value",9071.77925
Total cane and beet sugar: Supply and use,1995,"Food availability-Total-1,000 short tons, raw value",9258.11769
Total cane and beet sugar: Supply and use,1996,"Food availability-Total-1,000 short tons, raw value",9380.919468
Total cane and beet sugar: Supply and use,1997,"Food availability-Total-1,000 short tons, raw value",9472.788552
Total cane and beet sugar: Supply and use,1998,"Food availability-Total-1,000 short tons, raw value",9591.584606
Total cane and beet sugar: Supply and use,1999,"Food availability-Total-1,000 short tons, raw value",9905.216204
Total cane and beet sugar: Supply and use,2000,"Food availability-Total-1,000 short tons, raw value",9899.330956
Total cane and beet sugar: Supply and use,2001,"Food availability-Total-1,000 short tons, raw value",9838.787525
Total cane and beet sugar: Supply and use,2002,"Food availability-Total-1,000 short tons, raw value",9742.116161
Total cane and beet sugar: Supply and use,2003,"Food availability-Total-1,000 short tons, raw value",9467.50783
Total cane and beet sugar: Supply and use,2004,"Food availability-Total-1,000 short tons, raw value",9660.816167
Total cane and beet sugar: Supply and use,2005,"Food availability-Total-1,000 short tons, raw value",9976.52107
Total cane and beet sugar: Supply and use,2006,"Food availability-Total-1,000 short tons, raw value",9936.009345
Total cane and beet sugar: Supply and use,2007,"Food availability-Total-1,000 short tons, raw value",9875.914847
Total cane and beet sugar: Supply and use,2008,"Food availability-Total-1,000 short tons, raw value",10605.01379
Total cane and beet sugar: Supply and use,2009,"Food availability-Total-1,000 short tons, raw value",10421.92028
Total cane and beet sugar: Supply and use,2010,"Food availability-Total-1,000 short tons, raw value",10922.88653
Total cane and beet sugar: Supply and use,2011,"Food availability-Total-1,000 short tons, raw value",10995.5343
Total cane and beet sugar: Supply and use,2012,"Food availability-Total-1,000 short tons, raw value",11198.74776
Total cane and beet sugar: Supply and use,2013,"Food availability-Total-1,000 short tons, raw value",11505.0805
Total cane and beet sugar: Supply and use,2014,"Food availability-Total-1,000 short tons, raw value",11663.01441
Total cane and beet sugar: Supply and use,2015,"Food availability-Total-1,000 short tons, raw value",11848.82462
Total cane and beet sugar: Supply and use,2016,"Food availability-Total-1,000 short tons, raw value",12033.47858
Total cane and beet sugar: Supply and use,2017,"Food availability-Total-1,000 short tons, raw value",12018.04529
Total cane and beet sugar: Supply and use,2018,"Food availability-Total-1,000 short tons, raw value",11973.71807
Total cane and beet sugar: Supply and use,2019,"Food availability-Total-1,000 short tons, raw value",11986.18414
Total cane and beet sugar: Supply and use,2020,"Food availability-Total-1,000 short tons, raw value",12104.29415
Total cane and beet sugar: Supply and use,2021,"Food availability-Total-1,000 short tons, raw value",12354.22059
Total cane and beet sugar: Supply and use,2022,"Food availability-Total-1,000 short tons, raw value",12348.79849
Total cane and beet sugar: Supply and use,2023,"Food availability-Total-1,000 short tons, raw value",12265.7078
Total cane and beet sugar: Supply and use,1960,Food availability-Refined-Total-Million pounds,17633.64486
Total cane and beet sugar: Supply and use,1961,Food availability-Refined-Total-Million pounds,17964.48598
Total cane and beet sugar: Supply and use,1962,Food availability-Refined-Total-Million pounds,18261.68224
Total cane and beet sugar: Supply and use,1963,Food availability-Refined-Total-Million pounds,18413.08411
Total cane and beet sugar: Supply and use,1964,Food availability-Refined-Total-Million pounds,18575.70093
Total cane and beet sugar: Supply and use,1965,Food availability-Refined-Total-Million pounds,18841.1215
Total cane and beet sugar: Supply and use,1966,Food availability-Refined-Total-Million pounds,19130.84112
Total cane and beet sugar: Supply and use,1967,Food availability-Refined-Total-Million pounds,19577.57009
Total cane and beet sugar: Supply and use,1968,Food availability-Refined-Total-Million pounds,19917.75701
Total cane and beet sugar: Supply and use,1969,Food availability-Refined-Total-Million pounds,20467.28972
Total cane and beet sugar: Supply and use,1970,Food availability-Refined-Total-Million pounds,20865.42056
Total cane and beet sugar: Supply and use,1971,Food availability-Refined-Total-Million pounds,21205.60748
Total cane and beet sugar: Supply and use,1972,Food availability-Refined-Total-Million pounds,21471.02804
Total cane and beet sugar: Supply and use,1973,Food availability-Refined-Total-Million pounds,21362.61682
Total cane and beet sugar: Supply and use,1974,Food availability-Refined-Total-Million pounds,20457.94393
Total cane and beet sugar: Supply and use,1975,Food availability-Refined-Total-Million pounds,19256.07477
Total cane and beet sugar: Supply and use,1976,Food availability-Refined-Total-Million pounds,20360.74766
Total cane and beet sugar: Supply and use,1977,Food availability-Refined-Total-Million pounds,20745.79439
Total cane and beet sugar: Supply and use,1978,Food availability-Refined-Total-Million pounds,20353.27103
Total cane and beet sugar: Supply and use,1979,Food availability-Refined-Total-Million pounds,20104.6729
Total cane and beet sugar: Supply and use,1980,Food availability-Refined-Total-Million pounds,19044.85981
Total cane and beet sugar: Supply and use,1981,Food availability-Refined-Total-Million pounds,18259.81308
Total cane and beet sugar: Supply and use,1982,Food availability-Refined-Total-Million pounds,17108.41121
Total cane and beet sugar: Supply and use,1983,Food availability-Refined-Total-Million pounds,16471.02804
Total cane and beet sugar: Supply and use,1984,Food availability-Refined-Total-Million pounds,15753.27103
Total cane and beet sugar: Supply and use,1985,Food availability-Refined-Total-Million pounds,14958.8785
Total cane and beet sugar: Supply and use,1986,Food availability-Refined-Total-Million pounds,14450.46729
Total cane and beet sugar: Supply and use,1987,Food availability-Refined-Total-Million pounds,15145.79439
Total cane and beet sugar: Supply and use,1988,Food availability-Refined-Total-Million pounds,15207.47664
Total cane and beet sugar: Supply and use,1989,Food availability-Refined-Total-Million pounds,15521.49533
Total cane and beet sugar: Supply and use,1990,Food availability-Refined-Total-Million pounds,16102.80374
Total cane and beet sugar: Supply and use,1991,Food availability-Refined-Total-Million pounds,16115.88785
Total cane and beet sugar: Supply and use,1992,Food availability-Refined-Total-Million pounds,16497.19626
Total cane and beet sugar: Supply and use,1993,Food availability-Refined-Total-Million pounds,16609.34579
Total cane and beet sugar: Supply and use,1994,Food availability-Refined-Total-Million pounds,16956.59673
Total cane and beet sugar: Supply and use,1995,Food availability-Refined-Total-Million pounds,17304.89288
Total cane and beet sugar: Supply and use,1996,Food availability-Refined-Total-Million pounds,17534.42891
Total cane and beet sugar: Supply and use,1997,Food availability-Refined-Total-Million pounds,17706.14683
Total cane and beet sugar: Supply and use,1998,Food availability-Refined-Total-Million pounds,17928.19553
Total cane and beet sugar: Supply and use,1999,Food availability-Refined-Total-Million pounds,18514.42281
Total cane and beet sugar: Supply and use,2000,Food availability-Refined-Total-Million pounds,18503.42235
Total cane and beet sugar: Supply and use,2001,Food availability-Refined-Total-Million pounds,18390.25706
Total cane and beet sugar: Supply and use,2002,Food availability-Refined-Total-Million pounds,18209.56292
Total cane and beet sugar: Supply and use,2003,Food availability-Refined-Total-Million pounds,17696.27632
Total cane and beet sugar: Supply and use,2004,Food availability-Refined-Total-Million pounds,18057.60031
Total cane and beet sugar: Supply and use,2005,Food availability-Refined-Total-Million pounds,18647.70293
Total cane and beet sugar: Supply and use,2006,Food availability-Refined-Total-Million pounds,18571.98008
Total cane and beet sugar: Supply and use,2007,Food availability-Refined-Total-Million pounds,18459.65392
Total cane and beet sugar: Supply and use,2008,Food availability-Refined-Total-Million pounds,19822.45568
Total cane and beet sugar: Supply and use,2009,Food availability-Refined-Total-Million pounds,19480.22483
Total cane and beet sugar: Supply and use,2010,Food availability-Refined-Total-Million pounds,20416.61034
Total cane and beet sugar: Supply and use,2011,Food availability-Refined-Total-Million pounds,20552.40057
Total cane and beet sugar: Supply and use,2012,Food availability-Refined-Total-Million pounds,20932.2388
Total cane and beet sugar: Supply and use,2013,Food availability-Refined-Total-Million pounds,21504.82336
Total cane and beet sugar: Supply and use,2014,Food availability-Refined-Total-Million pounds,21800.02693
Total cane and beet sugar: Supply and use,2015,Food availability-Refined-Total-Million pounds,22147.33573
Total cane and beet sugar: Supply and use,2016,Food availability-Refined-Total-Million pounds,22492.48333
Total cane and beet sugar: Supply and use,2017,Food availability-Refined-Total-Million pounds,22463.63605
Total cane and beet sugar: Supply and use,2018,Food availability-Refined-Total-Million pounds,22380.78144
Total cane and beet sugar: Supply and use,2019,Food availability-Refined-Total-Million pounds,22404.08251
Total cane and beet sugar: Supply and use,2020,Food availability-Refined-Total-Million pounds,22624.84889
Total cane and beet sugar: Supply and use,2021,Food availability-Refined-Total-Million pounds,23092.0011
Total cane and beet sugar: Supply and use,2022,Food availability-Refined-Total-Million pounds,23081.86634
Total cane and beet sugar: Supply and use,2023,Food availability-Refined-Total-Million pounds,22926.55664
Total cane and beet sugar: Supply and use,1960,Food availability-Refined-Per capita availability-Pounds,97.60085935
Total cane and beet sugar: Supply and use,1961,Food availability-Refined-Per capita availability-Pounds,97.79731169
Total cane and beet sugar: Supply and use,1962,Food availability-Refined-Per capita availability-Pounds,97.89792023
Total cane and beet sugar: Supply and use,1963,Food availability-Refined-Per capita availability-Pounds,97.29914138
Total cane and beet sugar: Supply and use,1964,Food availability-Refined-Per capita availability-Pounds,96.80440742
Total cane and beet sugar: Supply and use,1965,Food availability-Refined-Per capita availability-Pounds,96.96773336
Total cane and beet sugar: Supply and use,1966,Food availability-Refined-Per capita availability-Pounds,97.32825153
Total cane and beet sugar: Supply and use,1967,Food availability-Refined-Per capita availability-Pounds,98.5223343
Total cane and beet sugar: Supply and use,1968,Food availability-Refined-Per capita availability-Pounds,99.23847324
Total cane and beet sugar: Supply and use,1969,Food availability-Refined-Per capita availability-Pounds,100.9847675
Total cane and beet sugar: Supply and use,1970,Food availability-Refined-Per capita availability-Pounds,101.7567279
Total cane and beet sugar: Supply and use,1971,Food availability-Refined-Per capita availability-Pounds,102.1164661
Total cane and beet sugar: Supply and use,1972,Food availability-Refined-Per capita availability-Pounds,102.2936504
Total cane and beet sugar: Supply and use,1973,Food availability-Refined-Per capita availability-Pounds,100.8103328
Total cane and beet sugar: Supply and use,1974,Food availability-Refined-Per capita availability-Pounds,95.66313431
Total cane and beet sugar: Supply and use,1975,Food availability-Refined-Per capita availability-Pounds,89.15963924
Total cane and beet sugar: Supply and use,1976,Food availability-Refined-Per capita availability-Pounds,93.38293239
Total cane and beet sugar: Supply and use,1977,Food availability-Refined-Per capita availability-Pounds,94.19673351
Total cane and beet sugar: Supply and use,1978,Food availability-Refined-Per capita availability-Pounds,91.4404431
Total cane and beet sugar: Supply and use,1979,Food availability-Refined-Per capita availability-Pounds,89.33226499
Total cane and beet sugar: Supply and use,1980,Food availability-Refined-Per capita availability-Pounds,83.63059033
Total cane and beet sugar: Supply and use,1981,Food availability-Refined-Per capita availability-Pounds,79.40222939
Total cane and beet sugar: Supply and use,1982,Food availability-Refined-Per capita availability-Pounds,73.68344279
Total cane and beet sugar: Supply and use,1983,Food availability-Refined-Per capita availability-Pounds,70.29678173
Total cane and beet sugar: Supply and use,1984,Food availability-Refined-Per capita availability-Pounds,66.65286369
Total cane and beet sugar: Supply and use,1985,Food availability-Refined-Per capita availability-Pounds,62.72960718
Total cane and beet sugar: Supply and use,1986,Food availability-Refined-Per capita availability-Pounds,60.0474018
Total cane and beet sugar: Supply and use,1987,Food availability-Refined-Per capita availability-Pounds,62.37868566
Total cane and beet sugar: Supply and use,1988,Food availability-Refined-Per capita availability-Pounds,62.06601326
Total cane and beet sugar: Supply and use,1989,Food availability-Refined-Per capita availability-Pounds,62.75317304
Total cane and beet sugar: Supply and use,1990,Food availability-Refined-Per capita availability-Pounds,64.37722378
Total cane and beet sugar: Supply and use,1991,Food availability-Refined-Per capita availability-Pounds,63.57527762
Total cane and beet sugar: Supply and use,1992,Food availability-Refined-Per capita availability-Pounds,64.21791191
Total cane and beet sugar: Supply and use,1993,Food availability-Refined-Per capita availability-Pounds,63.819507
Total cane and beet sugar: Supply and use,1994,Food availability-Refined-Per capita availability-Pounds,64.36704448
Total cane and beet sugar: Supply and use,1995,Food availability-Refined-Per capita availability-Pounds,64.92004666
Total cane and beet sugar: Supply and use,1996,Food availability-Refined-Per capita availability-Pounds,65.02252375
Total cane and beet sugar: Supply and use,1997,Food availability-Refined-Per capita availability-Pounds,64.87859393
Total cane and beet sugar: Supply and use,1998,Food availability-Refined-Per capita availability-Pounds,64.93017593
Total cane and beet sugar: Supply and use,1999,Food availability-Refined-Per capita availability-Pounds,66.28984697
Total cane and beet sugar: Supply and use,2000,Food availability-Refined-Per capita availability-Pounds,65.52551427
Total cane and beet sugar: Supply and use,2001,Food availability-Refined-Per capita availability-Pounds,64.45732813
Total cane and beet sugar: Supply and use,2002,Food availability-Refined-Per capita availability-Pounds,63.2046456
Total cane and beet sugar: Supply and use,2003,Food availability-Refined-Per capita availability-Pounds,60.84966161
Total cane and beet sugar: Supply and use,2004,Food availability-Refined-Per capita availability-Pounds,61.53276198
Total cane and beet sugar: Supply and use,2005,Food availability-Refined-Per capita availability-Pounds,62.95938814
Total cane and beet sugar: Supply and use,2006,Food availability-Refined-Per capita availability-Pounds,62.11451308
Total cane and beet sugar: Supply and use,2007,Food availability-Refined-Per capita availability-Pounds,61.12388907
Total cane and beet sugar: Supply and use,2008,Food availability-Refined-Per capita availability-Pounds,65.03478114
Total cane and beet sugar: Supply and use,2009,Food availability-Refined-Per capita availability-Pounds,63.36281051
Total cane and beet sugar: Supply and use,2010,Food availability-Refined-Per capita availability-Pounds,65.915045
Total cane and beet sugar: Supply and use,2011,Food availability-Refined-Per capita availability-Pounds,65.87858678
Total cane and beet sugar: Supply and use,2012,Food availability-Refined-Per capita availability-Pounds,66.62762678
Total cane and beet sugar: Supply and use,2013,Food availability-Refined-Per capita availability-Pounds,67.98981733
Total cane and beet sugar: Supply and use,2014,Food availability-Refined-Per capita availability-Pounds,68.42939074
Total cane and beet sugar: Supply and use,2015,Food availability-Refined-Per capita availability-Pounds,69.02261729
Total cane and beet sugar: Supply and use,2016,Food availability-Refined-Per capita availability-Pounds,69.60147594
Total cane and beet sugar: Supply and use,2017,Food availability-Refined-Per capita availability-Pounds,69.07509079
Total cane and beet sugar: Supply and use,2018,Food availability-Refined-Per capita availability-Pounds,68.45867262
Total cane and beet sugar: Supply and use,2019,Food availability-Refined-Per capita availability-Pounds,68.20614793
Total cane and beet sugar: Supply and use,2020,Food availability-Refined-Per capita availability-Pounds,68.53647605
Total cane and beet sugar: Supply and use,2021,Food availability-Refined-Per capita availability-Pounds,69.49167368
Total cane and beet sugar: Supply and use,2022,Food availability-Refined-Per capita availability-Pounds,69.2066141
Total cane and beet sugar: Supply and use,2023,Food availability-Refined-Per capita availability-Pounds,68.4046201
High-fructose corn syrup (HFCS): Supply and use,1967,"U.S. population, July 1-Millions",198.712
High-fructose corn syrup (HFCS): Supply and use,1968,"U.S. population, July 1-Millions",200.706
High-fructose corn syrup (HFCS): Supply and use,1969,"U.S. population, July 1-Millions",202.677
High-fructose corn syrup (HFCS): Supply and use,1970,"U.S. population, July 1-Millions",205.052
High-fructose corn syrup (HFCS): Supply and use,1971,"U.S. population, July 1-Millions",207.661
High-fructose corn syrup (HFCS): Supply and use,1972,"U.S. population, July 1-Millions",209.896
High-fructose corn syrup (HFCS): Supply and use,1973,"U.S. population, July 1-Millions",211.909
High-fructose corn syrup (HFCS): Supply and use,1974,"U.S. population, July 1-Millions",213.854
High-fructose corn syrup (HFCS): Supply and use,1975,"U.S. population, July 1-Millions",215.973
High-fructose corn syrup (HFCS): Supply and use,1976,"U.S. population, July 1-Millions",218.035
High-fructose corn syrup (HFCS): Supply and use,1977,"U.S. population, July 1-Millions",220.239
High-fructose corn syrup (HFCS): Supply and use,1978,"U.S. population, July 1-Millions",222.585
High-fructose corn syrup (HFCS): Supply and use,1979,"U.S. population, July 1-Millions",225.055
High-fructose corn syrup (HFCS): Supply and use,1980,"U.S. population, July 1-Millions",227.726
High-fructose corn syrup (HFCS): Supply and use,1981,"U.S. population, July 1-Millions",229.966
High-fructose corn syrup (HFCS): Supply and use,1982,"U.S. population, July 1-Millions",232.188
High-fructose corn syrup (HFCS): Supply and use,1983,"U.S. population, July 1-Millions",234.307
High-fructose corn syrup (HFCS): Supply and use,1984,"U.S. population, July 1-Millions",236.348
High-fructose corn syrup (HFCS): Supply and use,1985,"U.S. population, July 1-Millions",238.466
High-fructose corn syrup (HFCS): Supply and use,1986,"U.S. population, July 1-Millions",240.651
High-fructose corn syrup (HFCS): Supply and use,1987,"U.S. population, July 1-Millions",242.804
High-fructose corn syrup (HFCS): Supply and use,1988,"U.S. population, July 1-Millions",245.021
High-fructose corn syrup (HFCS): Supply and use,1989,"U.S. population, July 1-Millions",247.342
High-fructose corn syrup (HFCS): Supply and use,1990,"U.S. population, July 1-Millions",250.132
High-fructose corn syrup (HFCS): Supply and use,1991,"U.S. population, July 1-Millions",253.493
High-fructose corn syrup (HFCS): Supply and use,1992,"U.S. population, July 1-Millions",256.894
High-fructose corn syrup (HFCS): Supply and use,1993,"U.S. population, July 1-Millions",260.255
High-fructose corn syrup (HFCS): Supply and use,1994,"U.S. population, July 1-Millions",263.436
High-fructose corn syrup (HFCS): Supply and use,1995,"U.S. population, July 1-Millions",266.557
High-fructose corn syrup (HFCS): Supply and use,1996,"U.S. population, July 1-Millions",269.667
High-fructose corn syrup (HFCS): Supply and use,1997,"U.S. population, July 1-Millions",272.912
High-fructose corn syrup (HFCS): Supply and use,1998,"U.S. population, July 1-Millions",276.115
High-fructose corn syrup (HFCS): Supply and use,1999,"U.S. population, July 1-Millions",279.295
High-fructose corn syrup (HFCS): Supply and use,2000,"U.S. population, July 1-Millions",282.385
High-fructose corn syrup (HFCS): Supply and use,2001,"U.S. population, July 1-Millions",285.309019
High-fructose corn syrup (HFCS): Supply and use,2002,"U.S. population, July 1-Millions",288.104818
High-fructose corn syrup (HFCS): Supply and use,2003,"U.S. population, July 1-Millions",290.819634
High-fructose corn syrup (HFCS): Supply and use,2004,"U.S. population, July 1-Millions",293.463185
High-fructose corn syrup (HFCS): Supply and use,2005,"U.S. population, July 1-Millions",296.186216
High-fructose corn syrup (HFCS): Supply and use,2006,"U.S. population, July 1-Millions",298.995825
High-fructose corn syrup (HFCS): Supply and use,2007,"U.S. population, July 1-Millions",302.003917
High-fructose corn syrup (HFCS): Supply and use,2008,"U.S. population, July 1-Millions",304.797761
High-fructose corn syrup (HFCS): Supply and use,2009,"U.S. population, July 1-Millions",307.439406
High-fructose corn syrup (HFCS): Supply and use,2010,"U.S. population, July 1-Millions",309.741279
High-fructose corn syrup (HFCS): Supply and use,2011,"U.S. population, July 1-Millions",311.973914
High-fructose corn syrup (HFCS): Supply and use,2012,"U.S. population, July 1-Millions",314.167558
High-fructose corn syrup (HFCS): Supply and use,2013,"U.S. population, July 1-Millions",316.294766
High-fructose corn syrup (HFCS): Supply and use,2014,"U.S. population, July 1-Millions",318.576955
High-fructose corn syrup (HFCS): Supply and use,2015,"U.S. population, July 1-Millions",320.870703
High-fructose corn syrup (HFCS): Supply and use,2016,"U.S. population, July 1-Millions",323.161011
High-fructose corn syrup (HFCS): Supply and use,2017,"U.S. population, July 1-Millions",325.20603
High-fructose corn syrup (HFCS): Supply and use,2018,"U.S. population, July 1-Millions",326.923976
High-fructose corn syrup (HFCS): Supply and use,2019,"U.S. population, July 1-Millions",328.475998
High-fructose corn syrup (HFCS): Supply and use,2020,"U.S. population, July 1-Millions",330.11398
High-fructose corn syrup (HFCS): Supply and use,2021,"U.S. population, July 1-Millions",332.298819
High-fructose corn syrup (HFCS): Supply and use,2022,"U.S. population, July 1-Millions",333.521104
High-fructose corn syrup (HFCS): Supply and use,2023,"U.S. population, July 1-Millions",335.160938
High-fructose corn syrup (HFCS): Supply and use,1967,"Supply-Production-HFCS42-1,000 short tons, dry weight",3
High-fructose corn syrup (HFCS): Supply and use,1968,"Supply-Production-HFCS42-1,000 short tons, dry weight",15
High-fructose corn syrup (HFCS): Supply and use,1969,"Supply-Production-HFCS42-1,000 short tons, dry weight",33
High-fructose corn syrup (HFCS): Supply and use,1970,"Supply-Production-HFCS42-1,000 short tons, dry weight",57
High-fructose corn syrup (HFCS): Supply and use,1971,"Supply-Production-HFCS42-1,000 short tons, dry weight",87
High-fructose corn syrup (HFCS): Supply and use,1972,"Supply-Production-HFCS42-1,000 short tons, dry weight",123
High-fructose corn syrup (HFCS): Supply and use,1973,"Supply-Production-HFCS42-1,000 short tons, dry weight",222
High-fructose corn syrup (HFCS): Supply and use,1974,"Supply-Production-HFCS42-1,000 short tons, dry weight",299
High-fructose corn syrup (HFCS): Supply and use,1975,"Supply-Production-HFCS42-1,000 short tons, dry weight",532
High-fructose corn syrup (HFCS): Supply and use,1976,"Supply-Production-HFCS42-1,000 short tons, dry weight",787
High-fructose corn syrup (HFCS): Supply and use,1977,"Supply-Production-HFCS42-1,000 short tons, dry weight",1049
High-fructose corn syrup (HFCS): Supply and use,1978,"Supply-Production-HFCS42-1,000 short tons, dry weight",1108
High-fructose corn syrup (HFCS): Supply and use,1979,"Supply-Production-HFCS42-1,000 short tons, dry weight",1374
High-fructose corn syrup (HFCS): Supply and use,1980,"Supply-Production-HFCS42-1,000 short tons, dry weight",1555
High-fructose corn syrup (HFCS): Supply and use,1981,"Supply-Production-HFCS42-1,000 short tons, dry weight",1622
High-fructose corn syrup (HFCS): Supply and use,1982,"Supply-Production-HFCS42-1,000 short tons, dry weight",1629.721
High-fructose corn syrup (HFCS): Supply and use,1983,"Supply-Production-HFCS42-1,000 short tons, dry weight",1673.036
High-fructose corn syrup (HFCS): Supply and use,1984,"Supply-Production-HFCS42-1,000 short tons, dry weight",1731.163
High-fructose corn syrup (HFCS): Supply and use,1985,"Supply-Production-HFCS42-1,000 short tons, dry weight",1839.442
High-fructose corn syrup (HFCS): Supply and use,1986,"Supply-Production-HFCS42-1,000 short tons, dry weight",1864.188
High-fructose corn syrup (HFCS): Supply and use,1987,"Supply-Production-HFCS42-1,000 short tons, dry weight",2042.231
High-fructose corn syrup (HFCS): Supply and use,1988,"Supply-Production-HFCS42-1,000 short tons, dry weight",2360.363
High-fructose corn syrup (HFCS): Supply and use,1989,"Supply-Production-HFCS42-1,000 short tons, dry weight",2384.052
High-fructose corn syrup (HFCS): Supply and use,1990,"Supply-Production-HFCS42-1,000 short tons, dry weight",2551.133
High-fructose corn syrup (HFCS): Supply and use,1991,"Supply-Production-HFCS42-1,000 short tons, dry weight",2661.465
High-fructose corn syrup (HFCS): Supply and use,1992,"Supply-Production-HFCS42-1,000 short tons, dry weight",2780.93239
High-fructose corn syrup (HFCS): Supply and use,1993,"Supply-Production-HFCS42-1,000 short tons, dry weight",2911.256341
High-fructose corn syrup (HFCS): Supply and use,1994,"Supply-Production-HFCS42-1,000 short tons, dry weight",2981.636698
High-fructose corn syrup (HFCS): Supply and use,1995,"Supply-Production-HFCS42-1,000 short tons, dry weight",3064.453291
High-fructose corn syrup (HFCS): Supply and use,1996,"Supply-Production-HFCS42-1,000 short tons, dry weight",3087.599327
High-fructose corn syrup (HFCS): Supply and use,1997,"Supply-Production-HFCS42-1,000 short tons, dry weight",3183.116609
High-fructose corn syrup (HFCS): Supply and use,1998,"Supply-Production-HFCS42-1,000 short tons, dry weight",3294.951293
High-fructose corn syrup (HFCS): Supply and use,1999,"Supply-Production-HFCS42-1,000 short tons, dry weight",3522.587899
High-fructose corn syrup (HFCS): Supply and use,2000,"Supply-Production-HFCS42-1,000 short tons, dry weight",3519.06772
High-fructose corn syrup (HFCS): Supply and use,2001,"Supply-Production-HFCS42-1,000 short tons, dry weight",3496.029462
High-fructose corn syrup (HFCS): Supply and use,2002,"Supply-Production-HFCS42-1,000 short tons, dry weight",3639.635464
High-fructose corn syrup (HFCS): Supply and use,2003,"Supply-Production-HFCS42-1,000 short tons, dry weight",3632.711237
High-fructose corn syrup (HFCS): Supply and use,2004,"Supply-Production-HFCS42-1,000 short tons, dry weight",3612.071266
High-fructose corn syrup (HFCS): Supply and use,2005,"Supply-Production-HFCS42-1,000 short tons, dry weight",3714.989197
High-fructose corn syrup (HFCS): Supply and use,2006,"Supply-Production-HFCS42-1,000 short tons, dry weight",3719.030343
High-fructose corn syrup (HFCS): Supply and use,2007,"Supply-Production-HFCS42-1,000 short tons, dry weight",3608.762882
High-fructose corn syrup (HFCS): Supply and use,2008,"Supply-Production-HFCS42-1,000 short tons, dry weight",3393.53248
High-fructose corn syrup (HFCS): Supply and use,2009,"Supply-Production-HFCS42-1,000 short tons, dry weight",3165.482822
High-fructose corn syrup (HFCS): Supply and use,2010,"Supply-Production-HFCS42-1,000 short tons, dry weight",3130.654919
High-fructose corn syrup (HFCS): Supply and use,2011,"Supply-Production-HFCS42-1,000 short tons, dry weight",2987.814823
High-fructose corn syrup (HFCS): Supply and use,2012,"Supply-Production-HFCS42-1,000 short tons, dry weight",2955.595946
High-fructose corn syrup (HFCS): Supply and use,2013,"Supply-Production-HFCS42-1,000 short tons, dry weight",2740.771076
High-fructose corn syrup (HFCS): Supply and use,2014,"Supply-Production-HFCS42-1,000 short tons, dry weight",2622.832233
High-fructose corn syrup (HFCS): Supply and use,2015,"Supply-Production-HFCS42-1,000 short tons, dry weight",2493.321124
High-fructose corn syrup (HFCS): Supply and use,2016,"Supply-Production-HFCS42-1,000 short tons, dry weight",2402.158853
High-fructose corn syrup (HFCS): Supply and use,2017,"Supply-Production-HFCS42-1,000 short tons, dry weight",2328.056043
High-fructose corn syrup (HFCS): Supply and use,2018,"Supply-Production-HFCS42-1,000 short tons, dry weight",2264.427684
High-fructose corn syrup (HFCS): Supply and use,2019,"Supply-Production-HFCS42-1,000 short tons, dry weight",2210.594146
High-fructose corn syrup (HFCS): Supply and use,2020,"Supply-Production-HFCS42-1,000 short tons, dry weight",2202.464375
High-fructose corn syrup (HFCS): Supply and use,2021,"Supply-Production-HFCS42-1,000 short tons, dry weight",2091.83295
High-fructose corn syrup (HFCS): Supply and use,2022,"Supply-Production-HFCS42-1,000 short tons, dry weight",2032.374193
High-fructose corn syrup (HFCS): Supply and use,2023,"Supply-Production-HFCS42-1,000 short tons, dry weight",1930.98697
High-fructose corn syrup (HFCS): Supply and use,1967,"Supply-Production-HFCS55-1,000 short tons, dry weight",
High-fructose corn syrup (HFCS): Supply and use,1968,"Supply-Production-HFCS55-1,000 short tons, dry weight",
High-fructose corn syrup (HFCS): Supply and use,1969,"Supply-Production-HFCS55-1,000 short tons, dry weight",
High-fructose corn syrup (HFCS): Supply and use,1970,"Supply-Production-HFCS55-1,000 short tons, dry weight",
High-fructose corn syrup (HFCS): Supply and use,1971,"Supply-Production-HFCS55-1,000 short tons, dry weight",
High-fructose corn syrup (HFCS): Supply and use,1972,"Supply-Production-HFCS55-1,000 short tons, dry weight",
High-fructose corn syrup (HFCS): Supply and use,1973,"Supply-Production-HFCS55-1,000 short tons, dry weight",
High-fructose corn syrup (HFCS): Supply and use,1974,"Supply-Production-HFCS55-1,000 short tons, dry weight",
High-fructose corn syrup (HFCS): Supply and use,1975,"Supply-Production-HFCS55-1,000 short tons, dry weight",
High-fructose corn syrup (HFCS): Supply and use,1976,"Supply-Production-HFCS55-1,000 short tons, dry weight",
High-fructose corn syrup (HFCS): Supply and use,1977,"Supply-Production-HFCS55-1,000 short tons, dry weight",15
High-fructose corn syrup (HFCS): Supply and use,1978,"Supply-Production-HFCS55-1,000 short tons, dry weight",100
High-fructose corn syrup (HFCS): Supply and use,1979,"Supply-Production-HFCS55-1,000 short tons, dry weight",300
High-fructose corn syrup (HFCS): Supply and use,1980,"Supply-Production-HFCS55-1,000 short tons, dry weight",626
High-fructose corn syrup (HFCS): Supply and use,1981,"Supply-Production-HFCS55-1,000 short tons, dry weight",1052
High-fructose corn syrup (HFCS): Supply and use,1982,"Supply-Production-HFCS55-1,000 short tons, dry weight",1507.358
High-fructose corn syrup (HFCS): Supply and use,1983,"Supply-Production-HFCS55-1,000 short tons, dry weight",1967.998
High-fructose corn syrup (HFCS): Supply and use,1984,"Supply-Production-HFCS55-1,000 short tons, dry weight",2601.745
High-fructose corn syrup (HFCS): Supply and use,1985,"Supply-Production-HFCS55-1,000 short tons, dry weight",3422.107
High-fructose corn syrup (HFCS): Supply and use,1986,"Supply-Production-HFCS55-1,000 short tons, dry weight",3472.161
High-fructose corn syrup (HFCS): Supply and use,1987,"Supply-Production-HFCS55-1,000 short tons, dry weight",3628.703
High-fructose corn syrup (HFCS): Supply and use,1988,"Supply-Production-HFCS55-1,000 short tons, dry weight",3571.006
High-fructose corn syrup (HFCS): Supply and use,1989,"Supply-Production-HFCS55-1,000 short tons, dry weight",3537.467
High-fructose corn syrup (HFCS): Supply and use,1990,"Supply-Production-HFCS55-1,000 short tons, dry weight",3706.921
High-fructose corn syrup (HFCS): Supply and use,1991,"Supply-Production-HFCS55-1,000 short tons, dry weight",3789.733
High-fructose corn syrup (HFCS): Supply and use,1992,"Supply-Production-HFCS55-1,000 short tons, dry weight",3916.177824
High-fructose corn syrup (HFCS): Supply and use,1993,"Supply-Production-HFCS55-1,000 short tons, dry weight",4250.586261
High-fructose corn syrup (HFCS): Supply and use,1994,"Supply-Production-HFCS55-1,000 short tons, dry weight",4519.375174
High-fructose corn syrup (HFCS): Supply and use,1995,"Supply-Production-HFCS55-1,000 short tons, dry weight",4767.842881
High-fructose corn syrup (HFCS): Supply and use,1996,"Supply-Production-HFCS55-1,000 short tons, dry weight",5147.477365
High-fructose corn syrup (HFCS): Supply and use,1997,"Supply-Production-HFCS55-1,000 short tons, dry weight",5723.584848
High-fructose corn syrup (HFCS): Supply and use,1998,"Supply-Production-HFCS55-1,000 short tons, dry weight",5984.73859
High-fructose corn syrup (HFCS): Supply and use,1999,"Supply-Production-HFCS55-1,000 short tons, dry weight",6061.700783
High-fructose corn syrup (HFCS): Supply and use,2000,"Supply-Production-HFCS55-1,000 short tons, dry weight",5908.021072
High-fructose corn syrup (HFCS): Supply and use,2001,"Supply-Production-HFCS55-1,000 short tons, dry weight",5882.394606
High-fructose corn syrup (HFCS): Supply and use,2002,"Supply-Production-HFCS55-1,000 short tons, dry weight",5702.151622
High-fructose corn syrup (HFCS): Supply and use,2003,"Supply-Production-HFCS55-1,000 short tons, dry weight",5534.03781
High-fructose corn syrup (HFCS): Supply and use,2004,"Supply-Production-HFCS55-1,000 short tons, dry weight",5474.722015
High-fructose corn syrup (HFCS): Supply and use,2005,"Supply-Production-HFCS55-1,000 short tons, dry weight",5512.532126
High-fructose corn syrup (HFCS): Supply and use,2006,"Supply-Production-HFCS55-1,000 short tons, dry weight",5677.36304
High-fructose corn syrup (HFCS): Supply and use,2007,"Supply-Production-HFCS55-1,000 short tons, dry weight",5656.806693
High-fructose corn syrup (HFCS): Supply and use,2008,"Supply-Production-HFCS55-1,000 short tons, dry weight",5471.720386
High-fructose corn syrup (HFCS): Supply and use,2009,"Supply-Production-HFCS55-1,000 short tons, dry weight",5385.153032
High-fructose corn syrup (HFCS): Supply and use,2010,"Supply-Production-HFCS55-1,000 short tons, dry weight",6039.520336
High-fructose corn syrup (HFCS): Supply and use,2011,"Supply-Production-HFCS55-1,000 short tons, dry weight",6174.598935
High-fructose corn syrup (HFCS): Supply and use,2012,"Supply-Production-HFCS55-1,000 short tons, dry weight",6159.037132
High-fructose corn syrup (HFCS): Supply and use,2013,"Supply-Production-HFCS55-1,000 short tons, dry weight",5840.947965
High-fructose corn syrup (HFCS): Supply and use,2014,"Supply-Production-HFCS55-1,000 short tons, dry weight",5961.882648
High-fructose corn syrup (HFCS): Supply and use,2015,"Supply-Production-HFCS55-1,000 short tons, dry weight",5933.850185
High-fructose corn syrup (HFCS): Supply and use,2016,"Supply-Production-HFCS55-1,000 short tons, dry weight",5914.529881
High-fructose corn syrup (HFCS): Supply and use,2017,"Supply-Production-HFCS55-1,000 short tons, dry weight",5880.538817
High-fructose corn syrup (HFCS): Supply and use,2018,"Supply-Production-HFCS55-1,000 short tons, dry weight",5697.361513
High-fructose corn syrup (HFCS): Supply and use,2019,"Supply-Production-HFCS55-1,000 short tons, dry weight",5551.779427
High-fructose corn syrup (HFCS): Supply and use,2020,"Supply-Production-HFCS55-1,000 short tons, dry weight",5509.455569
High-fructose corn syrup (HFCS): Supply and use,2021,"Supply-Production-HFCS55-1,000 short tons, dry weight",5437.458888
High-fructose corn syrup (HFCS): Supply and use,2022,"Supply-Production-HFCS55-1,000 short tons, dry weight",5490.942205
High-fructose corn syrup (HFCS): Supply and use,2023,"Supply-Production-HFCS55-1,000 short tons, dry weight",5404.647068
High-fructose corn syrup (HFCS): Supply and use,1967,"Supply-Production-Total-1,000 short tons, dry weight",3
High-fructose corn syrup (HFCS): Supply and use,1968,"Supply-Production-Total-1,000 short tons, dry weight",15
High-fructose corn syrup (HFCS): Supply and use,1969,"Supply-Production-Total-1,000 short tons, dry weight",33
High-fructose corn syrup (HFCS): Supply and use,1970,"Supply-Production-Total-1,000 short tons, dry weight",57
High-fructose corn syrup (HFCS): Supply and use,1971,"Supply-Production-Total-1,000 short tons, dry weight",87
High-fructose corn syrup (HFCS): Supply and use,1972,"Supply-Production-Total-1,000 short tons, dry weight",123
High-fructose corn syrup (HFCS): Supply and use,1973,"Supply-Production-Total-1,000 short tons, dry weight",222
High-fructose corn syrup (HFCS): Supply and use,1974,"Supply-Production-Total-1,000 short tons, dry weight",299
High-fructose corn syrup (HFCS): Supply and use,1975,"Supply-Production-Total-1,000 short tons, dry weight",532
High-fructose corn syrup (HFCS): Supply and use,1976,"Supply-Production-Total-1,000 short tons, dry weight",787
High-fructose corn syrup (HFCS): Supply and use,1977,"Supply-Production-Total-1,000 short tons, dry weight",1064
High-fructose corn syrup (HFCS): Supply and use,1978,"Supply-Production-Total-1,000 short tons, dry weight",1208
High-fructose corn syrup (HFCS): Supply and use,1979,"Supply-Production-Total-1,000 short tons, dry weight",1674
High-fructose corn syrup (HFCS): Supply and use,1980,"Supply-Production-Total-1,000 short tons, dry weight",2181
High-fructose corn syrup (HFCS): Supply and use,1981,"Supply-Production-Total-1,000 short tons, dry weight",2674
High-fructose corn syrup (HFCS): Supply and use,1982,"Supply-Production-Total-1,000 short tons, dry weight",3137.079
High-fructose corn syrup (HFCS): Supply and use,1983,"Supply-Production-Total-1,000 short tons, dry weight",3641.034
High-fructose corn syrup (HFCS): Supply and use,1984,"Supply-Production-Total-1,000 short tons, dry weight",4332.908
High-fructose corn syrup (HFCS): Supply and use,1985,"Supply-Production-Total-1,000 short tons, dry weight",5261.549
High-fructose corn syrup (HFCS): Supply and use,1986,"Supply-Production-Total-1,000 short tons, dry weight",5336.349
High-fructose corn syrup (HFCS): Supply and use,1987,"Supply-Production-Total-1,000 short tons, dry weight",5670.934
High-fructose corn syrup (HFCS): Supply and use,1988,"Supply-Production-Total-1,000 short tons, dry weight",5931.369
High-fructose corn syrup (HFCS): Supply and use,1989,"Supply-Production-Total-1,000 short tons, dry weight",5921.519
High-fructose corn syrup (HFCS): Supply and use,1990,"Supply-Production-Total-1,000 short tons, dry weight",6258.054
High-fructose corn syrup (HFCS): Supply and use,1991,"Supply-Production-Total-1,000 short tons, dry weight",6451.198
High-fructose corn syrup (HFCS): Supply and use,1992,"Supply-Production-Total-1,000 short tons, dry weight",6697.110214
High-fructose corn syrup (HFCS): Supply and use,1993,"Supply-Production-Total-1,000 short tons, dry weight",7161.842602
High-fructose corn syrup (HFCS): Supply and use,1994,"Supply-Production-Total-1,000 short tons, dry weight",7501.011872
High-fructose corn syrup (HFCS): Supply and use,1995,"Supply-Production-Total-1,000 short tons, dry weight",7832.296172
High-fructose corn syrup (HFCS): Supply and use,1996,"Supply-Production-Total-1,000 short tons, dry weight",8235.076691
High-fructose corn syrup (HFCS): Supply and use,1997,"Supply-Production-Total-1,000 short tons, dry weight",8906.701457
High-fructose corn syrup (HFCS): Supply and use,1998,"Supply-Production-Total-1,000 short tons, dry weight",9279.689883
High-fructose corn syrup (HFCS): Supply and use,1999,"Supply-Production-Total-1,000 short tons, dry weight",9584.288681
High-fructose corn syrup (HFCS): Supply and use,2000,"Supply-Production-Total-1,000 short tons, dry weight",9427.088792
High-fructose corn syrup (HFCS): Supply and use,2001,"Supply-Production-Total-1,000 short tons, dry weight",9378.424068
High-fructose corn syrup (HFCS): Supply and use,2002,"Supply-Production-Total-1,000 short tons, dry weight",9341.787086
High-fructose corn syrup (HFCS): Supply and use,2003,"Supply-Production-Total-1,000 short tons, dry weight",9166.749047
High-fructose corn syrup (HFCS): Supply and use,2004,"Supply-Production-Total-1,000 short tons, dry weight",9086.793281
High-fructose corn syrup (HFCS): Supply and use,2005,"Supply-Production-Total-1,000 short tons, dry weight",9227.521323
High-fructose corn syrup (HFCS): Supply and use,2006,"Supply-Production-Total-1,000 short tons, dry weight",9396.393383
High-fructose corn syrup (HFCS): Supply and use,2007,"Supply-Production-Total-1,000 short tons, dry weight",9265.569575
High-fructose corn syrup (HFCS): Supply and use,2008,"Supply-Production-Total-1,000 short tons, dry weight",8865.252866
High-fructose corn syrup (HFCS): Supply and use,2009,"Supply-Production-Total-1,000 short tons, dry weight",8550.635854
High-fructose corn syrup (HFCS): Supply and use,2010,"Supply-Production-Total-1,000 short tons, dry weight",9170.175256
High-fructose corn syrup (HFCS): Supply and use,2011,"Supply-Production-Total-1,000 short tons, dry weight",9162.413757
High-fructose corn syrup (HFCS): Supply and use,2012,"Supply-Production-Total-1,000 short tons, dry weight",9114.633078
High-fructose corn syrup (HFCS): Supply and use,2013,"Supply-Production-Total-1,000 short tons, dry weight",8581.719041
High-fructose corn syrup (HFCS): Supply and use,2014,"Supply-Production-Total-1,000 short tons, dry weight",8584.714881
High-fructose corn syrup (HFCS): Supply and use,2015,"Supply-Production-Total-1,000 short tons, dry weight",8427.171309
High-fructose corn syrup (HFCS): Supply and use,2016,"Supply-Production-Total-1,000 short tons, dry weight",8316.688735
High-fructose corn syrup (HFCS): Supply and use,2017,"Supply-Production-Total-1,000 short tons, dry weight",8208.59486
High-fructose corn syrup (HFCS): Supply and use,2018,"Supply-Production-Total-1,000 short tons, dry weight",7961.789197
High-fructose corn syrup (HFCS): Supply and use,2019,"Supply-Production-Total-1,000 short tons, dry weight",7762.373573
High-fructose corn syrup (HFCS): Supply and use,2020,"Supply-Production-Total-1,000 short tons, dry weight",7711.919943
High-fructose corn syrup (HFCS): Supply and use,2021,"Supply-Production-Total-1,000 short tons, dry weight",7529.291839
High-fructose corn syrup (HFCS): Supply and use,2022,"Supply-Production-Total-1,000 short tons, dry weight",7523.316398
High-fructose corn syrup (HFCS): Supply and use,2023,"Supply-Production-Total-1,000 short tons, dry weight",7335.634038
High-fructose corn syrup (HFCS): Supply and use,1967,"Supply-Imports-HFCS42-1,000 short tons, dry weight",
High-fructose corn syrup (HFCS): Supply and use,1968,"Supply-Imports-HFCS42-1,000 short tons, dry weight",
High-fructose corn syrup (HFCS): Supply and use,1969,"Supply-Imports-HFCS42-1,000 short tons, dry weight",
High-fructose corn syrup (HFCS): Supply and use,1970,"Supply-Imports-HFCS42-1,000 short tons, dry weight",
High-fructose corn syrup (HFCS): Supply and use,1971,"Supply-Imports-HFCS42-1,000 short tons, dry weight",
High-fructose corn syrup (HFCS): Supply and use,1972,"Supply-Imports-HFCS42-1,000 short tons, dry weight",
High-fructose corn syrup (HFCS): Supply and use,1973,"Supply-Imports-HFCS42-1,000 short tons, dry weight",
High-fructose corn syrup (HFCS): Supply and use,1974,"Supply-Imports-HFCS42-1,000 short tons, dry weight",
High-fructose corn syrup (HFCS): Supply and use,1975,"Supply-Imports-HFCS42-1,000 short tons, dry weight",
High-fructose corn syrup (HFCS): Supply and use,1976,"Supply-Imports-HFCS42-1,000 short tons, dry weight",
High-fructose corn syrup (HFCS): Supply and use,1977,"Supply-Imports-HFCS42-1,000 short tons, dry weight",
High-fructose corn syrup (HFCS): Supply and use,1978,"Supply-Imports-HFCS42-1,000 short tons, dry weight",
High-fructose corn syrup (HFCS): Supply and use,1979,"Supply-Imports-HFCS42-1,000 short tons, dry weight",
High-fructose corn syrup (HFCS): Supply and use,1980,"Supply-Imports-HFCS42-1,000 short tons, dry weight",
High-fructose corn syrup (HFCS): Supply and use,1981,"Supply-Imports-HFCS42-1,000 short tons, dry weight",0.4
High-fructose corn syrup (HFCS): Supply and use,1982,"Supply-Imports-HFCS42-1,000 short tons, dry weight",1.737
High-fructose corn syrup (HFCS): Supply and use,1983,"Supply-Imports-HFCS42-1,000 short tons, dry weight",23.776
High-fructose corn syrup (HFCS): Supply and use,1984,"Supply-Imports-HFCS42-1,000 short tons, dry weight",33.031
High-fructose corn syrup (HFCS): Supply and use,1985,"Supply-Imports-HFCS42-1,000 short tons, dry weight",37.438
High-fructose corn syrup (HFCS): Supply and use,1986,"Supply-Imports-HFCS42-1,000 short tons, dry weight",34.178
High-fructose corn syrup (HFCS): Supply and use,1987,"Supply-Imports-HFCS42-1,000 short tons, dry weight",30.307
High-fructose corn syrup (HFCS): Supply and use,1988,"Supply-Imports-HFCS42-1,000 short tons, dry weight",14.669
High-fructose corn syrup (HFCS): Supply and use,1989,"Supply-Imports-HFCS42-1,000 short tons, dry weight",7.363
High-fructose corn syrup (HFCS): Supply and use,1990,"Supply-Imports-HFCS42-1,000 short tons, dry weight",28.457
High-fructose corn syrup (HFCS): Supply and use,1991,"Supply-Imports-HFCS42-1,000 short tons, dry weight",71.288
High-fructose corn syrup (HFCS): Supply and use,1992,"Supply-Imports-HFCS42-1,000 short tons, dry weight",45.85382023
High-fructose corn syrup (HFCS): Supply and use,1993,"Supply-Imports-HFCS42-1,000 short tons, dry weight",16.15085051
High-fructose corn syrup (HFCS): Supply and use,1994,"Supply-Imports-HFCS42-1,000 short tons, dry weight",
High-fructose corn syrup (HFCS): Supply and use,1995,"Supply-Imports-HFCS42-1,000 short tons, dry weight",
High-fructose corn syrup (HFCS): Supply and use,1996,"Supply-Imports-HFCS42-1,000 short tons, dry weight",
High-fructose corn syrup (HFCS): Supply and use,1997,"Supply-Imports-HFCS42-1,000 short tons, dry weight",
High-fructose corn syrup (HFCS): Supply and use,1998,"Supply-Imports-HFCS42-1,000 short tons, dry weight",
High-fructose corn syrup (HFCS): Supply and use,1999,"Supply-Imports-HFCS42-1,000 short tons, dry weight",
High-fructose corn syrup (HFCS): Supply and use,2000,"Supply-Imports-HFCS42-1,000 short tons, dry weight",
High-fructose corn syrup (HFCS): Supply and use,2001,"Supply-Imports-HFCS42-1,000 short tons, dry weight",
High-fructose corn syrup (HFCS): Supply and use,2002,"Supply-Imports-HFCS42-1,000 short tons, dry weight",
High-fructose corn syrup (HFCS): Supply and use,2003,"Supply-Imports-HFCS42-1,000 short tons, dry weight",
High-fructose corn syrup (HFCS): Supply and use,2004,"Supply-Imports-HFCS42-1,000 short tons, dry weight",
High-fructose corn syrup (HFCS): Supply and use,2005,"Supply-Imports-HFCS42-1,000 short tons, dry weight",
High-fructose corn syrup (HFCS): Supply and use,2006,"Supply-Imports-HFCS42-1,000 short tons, dry weight",
High-fructose corn syrup (HFCS): Supply and use,2007,"Supply-Imports-HFCS42-1,000 short tons, dry weight",
High-fructose corn syrup (HFCS): Supply and use,2008,"Supply-Imports-HFCS42-1,000 short tons, dry weight",
High-fructose corn syrup (HFCS): Supply and use,2009,"Supply-Imports-HFCS42-1,000 short tons, dry weight",
High-fructose corn syrup (HFCS): Supply and use,2010,"Supply-Imports-HFCS42-1,000 short tons, dry weight",
High-fructose corn syrup (HFCS): Supply and use,2011,"Supply-Imports-HFCS42-1,000 short tons, dry weight",
High-fructose corn syrup (HFCS): Supply and use,2012,"Supply-Imports-HFCS42-1,000 short tons, dry weight",
High-fructose corn syrup (HFCS): Supply and use,2013,"Supply-Imports-HFCS42-1,000 short tons, dry weight",
High-fructose corn syrup (HFCS): Supply and use,2014,"Supply-Imports-HFCS42-1,000 short tons, dry weight",
High-fructose corn syrup (HFCS): Supply and use,2015,"Supply-Imports-HFCS42-1,000 short tons, dry weight",
High-fructose corn syrup (HFCS): Supply and use,2016,"Supply-Imports-HFCS42-1,000 short tons, dry weight",
High-fructose corn syrup (HFCS): Supply and use,2017,"Supply-Imports-HFCS42-1,000 short tons, dry weight",
High-fructose corn syrup (HFCS): Supply and use,2018,"Supply-Imports-HFCS42-1,000 short tons, dry weight",
High-fructose corn syrup (HFCS): Supply and use,2019,"Supply-Imports-HFCS42-1,000 short tons, dry weight",
High-fructose corn syrup (HFCS): Supply and use,2020,"Supply-Imports-HFCS42-1,000 short tons, dry weight",
High-fructose corn syrup (HFCS): Supply and use,2021,"Supply-Imports-HFCS42-1,000 short tons, dry weight",
High-fructose corn syrup (HFCS): Supply and use,2022,"Supply-Imports-HFCS42-1,000 short tons, dry weight",
High-fructose corn syrup (HFCS): Supply and use,2023,"Supply-Imports-HFCS42-1,000 short tons, dry weight",
High-fructose corn syrup (HFCS): Supply and use,1967,"Supply-Imports-HFCS55-1,000 short tons, dry weight",
High-fructose corn syrup (HFCS): Supply and use,1968,"Supply-Imports-HFCS55-1,000 short tons, dry weight",
High-fructose corn syrup (HFCS): Supply and use,1969,"Supply-Imports-HFCS55-1,000 short tons, dry weight",
High-fructose corn syrup (HFCS): Supply and use,1970,"Supply-Imports-HFCS55-1,000 short tons, dry weight",
High-fructose corn syrup (HFCS): Supply and use,1971,"Supply-Imports-HFCS55-1,000 short tons, dry weight",
High-fructose corn syrup (HFCS): Supply and use,1972,"Supply-Imports-HFCS55-1,000 short tons, dry weight",
High-fructose corn syrup (HFCS): Supply and use,1973,"Supply-Imports-HFCS55-1,000 short tons, dry weight",
High-fructose corn syrup (HFCS): Supply and use,1974,"Supply-Imports-HFCS55-1,000 short tons, dry weight",
High-fructose corn syrup (HFCS): Supply and use,1975,"Supply-Imports-HFCS55-1,000 short tons, dry weight",
High-fructose corn syrup (HFCS): Supply and use,1976,"Supply-Imports-HFCS55-1,000 short tons, dry weight",
High-fructose corn syrup (HFCS): Supply and use,1977,"Supply-Imports-HFCS55-1,000 short tons, dry weight",
High-fructose corn syrup (HFCS): Supply and use,1978,"Supply-Imports-HFCS55-1,000 short tons, dry weight",
High-fructose corn syrup (HFCS): Supply and use,1979,"Supply-Imports-HFCS55-1,000 short tons, dry weight",
High-fructose corn syrup (HFCS): Supply and use,1980,"Supply-Imports-HFCS55-1,000 short tons, dry weight",
High-fructose corn syrup (HFCS): Supply and use,1981,"Supply-Imports-HFCS55-1,000 short tons, dry weight",0.6
High-fructose corn syrup (HFCS): Supply and use,1982,"Supply-Imports-HFCS55-1,000 short tons, dry weight",3.226
High-fructose corn syrup (HFCS): Supply and use,1983,"Supply-Imports-HFCS55-1,000 short tons, dry weight",55.477
High-fructose corn syrup (HFCS): Supply and use,1984,"Supply-Imports-HFCS55-1,000 short tons, dry weight",99.094
High-fructose corn syrup (HFCS): Supply and use,1985,"Supply-Imports-HFCS55-1,000 short tons, dry weight",149.751
High-fructose corn syrup (HFCS): Supply and use,1986,"Supply-Imports-HFCS55-1,000 short tons, dry weight",193.676
High-fructose corn syrup (HFCS): Supply and use,1987,"Supply-Imports-HFCS55-1,000 short tons, dry weight",171.741
High-fructose corn syrup (HFCS): Supply and use,1988,"Supply-Imports-HFCS55-1,000 short tons, dry weight",168.692
High-fructose corn syrup (HFCS): Supply and use,1989,"Supply-Imports-HFCS55-1,000 short tons, dry weight",177.48
High-fructose corn syrup (HFCS): Supply and use,1990,"Supply-Imports-HFCS55-1,000 short tons, dry weight",149.223
High-fructose corn syrup (HFCS): Supply and use,1991,"Supply-Imports-HFCS55-1,000 short tons, dry weight",87.486
High-fructose corn syrup (HFCS): Supply and use,1992,"Supply-Imports-HFCS55-1,000 short tons, dry weight",0.322873591
High-fructose corn syrup (HFCS): Supply and use,1993,"Supply-Imports-HFCS55-1,000 short tons, dry weight",0.222541142
High-fructose corn syrup (HFCS): Supply and use,1994,"Supply-Imports-HFCS55-1,000 short tons, dry weight",
High-fructose corn syrup (HFCS): Supply and use,1995,"Supply-Imports-HFCS55-1,000 short tons, dry weight",
High-fructose corn syrup (HFCS): Supply and use,1996,"Supply-Imports-HFCS55-1,000 short tons, dry weight",
High-fructose corn syrup (HFCS): Supply and use,1997,"Supply-Imports-HFCS55-1,000 short tons, dry weight",
High-fructose corn syrup (HFCS): Supply and use,1998,"Supply-Imports-HFCS55-1,000 short tons, dry weight",
High-fructose corn syrup (HFCS): Supply and use,1999,"Supply-Imports-HFCS55-1,000 short tons, dry weight",
High-fructose corn syrup (HFCS): Supply and use,2000,"Supply-Imports-HFCS55-1,000 short tons, dry weight",
High-fructose corn syrup (HFCS): Supply and use,2001,"Supply-Imports-HFCS55-1,000 short tons, dry weight",
High-fructose corn syrup (HFCS): Supply and use,2002,"Supply-Imports-HFCS55-1,000 short tons, dry weight",
High-fructose corn syrup (HFCS): Supply and use,2003,"Supply-Imports-HFCS55-1,000 short tons, dry weight",
High-fructose corn syrup (HFCS): Supply and use,2004,"Supply-Imports-HFCS55-1,000 short tons, dry weight",
High-fructose corn syrup (HFCS): Supply and use,2005,"Supply-Imports-HFCS55-1,000 short tons, dry weight",
High-fructose corn syrup (HFCS): Supply and use,2006,"Supply-Imports-HFCS55-1,000 short tons, dry weight",
High-fructose corn syrup (HFCS): Supply and use,2007,"Supply-Imports-HFCS55-1,000 short tons, dry weight",
High-fructose corn syrup (HFCS): Supply and use,2008,"Supply-Imports-HFCS55-1,000 short tons, dry weight",
High-fructose corn syrup (HFCS): Supply and use,2009,"Supply-Imports-HFCS55-1,000 short tons, dry weight",
High-fructose corn syrup (HFCS): Supply and use,2010,"Supply-Imports-HFCS55-1,000 short tons, dry weight",
High-fructose corn syrup (HFCS): Supply and use,2011,"Supply-Imports-HFCS55-1,000 short tons, dry weight",
High-fructose corn syrup (HFCS): Supply and use,2012,"Supply-Imports-HFCS55-1,000 short tons, dry weight",
High-fructose corn syrup (HFCS): Supply and use,2013,"Supply-Imports-HFCS55-1,000 short tons, dry weight",
High-fructose corn syrup (HFCS): Supply and use,2014,"Supply-Imports-HFCS55-1,000 short tons, dry weight",
High-fructose corn syrup (HFCS): Supply and use,2015,"Supply-Imports-HFCS55-1,000 short tons, dry weight",
High-fructose corn syrup (HFCS): Supply and use,2016,"Supply-Imports-HFCS55-1,000 short tons, dry weight",
High-fructose corn syrup (HFCS): Supply and use,2017,"Supply-Imports-HFCS55-1,000 short tons, dry weight",
High-fructose corn syrup (HFCS): Supply and use,2018,"Supply-Imports-HFCS55-1,000 short tons, dry weight",
High-fructose corn syrup (HFCS): Supply and use,2019,"Supply-Imports-HFCS55-1,000 short tons, dry weight",
High-fructose corn syrup (HFCS): Supply and use,2020,"Supply-Imports-HFCS55-1,000 short tons, dry weight",
High-fructose corn syrup (HFCS): Supply and use,2021,"Supply-Imports-HFCS55-1,000 short tons, dry weight",
High-fructose corn syrup (HFCS): Supply and use,2022,"Supply-Imports-HFCS55-1,000 short tons, dry weight",
High-fructose corn syrup (HFCS): Supply and use,2023,"Supply-Imports-HFCS55-1,000 short tons, dry weight",
High-fructose corn syrup (HFCS): Supply and use,1967,"Supply-Imports-Total-1,000 short tons, dry weight",
High-fructose corn syrup (HFCS): Supply and use,1968,"Supply-Imports-Total-1,000 short tons, dry weight",
High-fructose corn syrup (HFCS): Supply and use,1969,"Supply-Imports-Total-1,000 short tons, dry weight",
High-fructose corn syrup (HFCS): Supply and use,1970,"Supply-Imports-Total-1,000 short tons, dry weight",
High-fructose corn syrup (HFCS): Supply and use,1971,"Supply-Imports-Total-1,000 short tons, dry weight",
High-fructose corn syrup (HFCS): Supply and use,1972,"Supply-Imports-Total-1,000 short tons, dry weight",
High-fructose corn syrup (HFCS): Supply and use,1973,"Supply-Imports-Total-1,000 short tons, dry weight",
High-fructose corn syrup (HFCS): Supply and use,1974,"Supply-Imports-Total-1,000 short tons, dry weight",
High-fructose corn syrup (HFCS): Supply and use,1975,"Supply-Imports-Total-1,000 short tons, dry weight",
High-fructose corn syrup (HFCS): Supply and use,1976,"Supply-Imports-Total-1,000 short tons, dry weight",
High-fructose corn syrup (HFCS): Supply and use,1977,"Supply-Imports-Total-1,000 short tons, dry weight",
High-fructose corn syrup (HFCS): Supply and use,1978,"Supply-Imports-Total-1,000 short tons, dry weight",
High-fructose corn syrup (HFCS): Supply and use,1979,"Supply-Imports-Total-1,000 short tons, dry weight",
High-fructose corn syrup (HFCS): Supply and use,1980,"Supply-Imports-Total-1,000 short tons, dry weight",
High-fructose corn syrup (HFCS): Supply and use,1981,"Supply-Imports-Total-1,000 short tons, dry weight",1
High-fructose corn syrup (HFCS): Supply and use,1982,"Supply-Imports-Total-1,000 short tons, dry weight",4.963
High-fructose corn syrup (HFCS): Supply and use,1983,"Supply-Imports-Total-1,000 short tons, dry weight",79.253
High-fructose corn syrup (HFCS): Supply and use,1984,"Supply-Imports-Total-1,000 short tons, dry weight",132.125
High-fructose corn syrup (HFCS): Supply and use,1985,"Supply-Imports-Total-1,000 short tons, dry weight",187.189
High-fructose corn syrup (HFCS): Supply and use,1986,"Supply-Imports-Total-1,000 short tons, dry weight",227.854
High-fructose corn syrup (HFCS): Supply and use,1987,"Supply-Imports-Total-1,000 short tons, dry weight",202.048
High-fructose corn syrup (HFCS): Supply and use,1988,"Supply-Imports-Total-1,000 short tons, dry weight",183.361
High-fructose corn syrup (HFCS): Supply and use,1989,"Supply-Imports-Total-1,000 short tons, dry weight",184.843
High-fructose corn syrup (HFCS): Supply and use,1990,"Supply-Imports-Total-1,000 short tons, dry weight",177.68
High-fructose corn syrup (HFCS): Supply and use,1991,"Supply-Imports-Total-1,000 short tons, dry weight",158.774
High-fructose corn syrup (HFCS): Supply and use,1992,"Supply-Imports-Total-1,000 short tons, dry weight",46.17669382
High-fructose corn syrup (HFCS): Supply and use,1993,"Supply-Imports-Total-1,000 short tons, dry weight",16.37339166
High-fructose corn syrup (HFCS): Supply and use,1994,"Supply-Imports-Total-1,000 short tons, dry weight",37.44465796
High-fructose corn syrup (HFCS): Supply and use,1995,"Supply-Imports-Total-1,000 short tons, dry weight",63.43905154
High-fructose corn syrup (HFCS): Supply and use,1996,"Supply-Imports-Total-1,000 short tons, dry weight",52.02369928
High-fructose corn syrup (HFCS): Supply and use,1997,"Supply-Imports-Total-1,000 short tons, dry weight",57.47466181
High-fructose corn syrup (HFCS): Supply and use,1998,"Supply-Imports-Total-1,000 short tons, dry weight",60.70970061
High-fructose corn syrup (HFCS): Supply and use,1999,"Supply-Imports-Total-1,000 short tons, dry weight",65.15379044
High-fructose corn syrup (HFCS): Supply and use,2000,"Supply-Imports-Total-1,000 short tons, dry weight",64.5151052
High-fructose corn syrup (HFCS): Supply and use,2001,"Supply-Imports-Total-1,000 short tons, dry weight",81.97290638
High-fructose corn syrup (HFCS): Supply and use,2002,"Supply-Imports-Total-1,000 short tons, dry weight",72.39987223
High-fructose corn syrup (HFCS): Supply and use,2003,"Supply-Imports-Total-1,000 short tons, dry weight",75.94332387
High-fructose corn syrup (HFCS): Supply and use,2004,"Supply-Imports-Total-1,000 short tons, dry weight",91.99322228
High-fructose corn syrup (HFCS): Supply and use,2005,"Supply-Imports-Total-1,000 short tons, dry weight",93.32097624
High-fructose corn syrup (HFCS): Supply and use,2006,"Supply-Imports-Total-1,000 short tons, dry weight",99.26124475
High-fructose corn syrup (HFCS): Supply and use,2007,"Supply-Imports-Total-1,000 short tons, dry weight",87.62316301
High-fructose corn syrup (HFCS): Supply and use,2008,"Supply-Imports-Total-1,000 short tons, dry weight",111.3568888
High-fructose corn syrup (HFCS): Supply and use,2009,"Supply-Imports-Total-1,000 short tons, dry weight",84.69169623
High-fructose corn syrup (HFCS): Supply and use,2010,"Supply-Imports-Total-1,000 short tons, dry weight",99.29299291
High-fructose corn syrup (HFCS): Supply and use,2011,"Supply-Imports-Total-1,000 short tons, dry weight",90.63058868
High-fructose corn syrup (HFCS): Supply and use,2012,"Supply-Imports-Total-1,000 short tons, dry weight",96.62157793
High-fructose corn syrup (HFCS): Supply and use,2013,"Supply-Imports-Total-1,000 short tons, dry weight",87.16532524
High-fructose corn syrup (HFCS): Supply and use,2014,"Supply-Imports-Total-1,000 short tons, dry weight",87.89515369
High-fructose corn syrup (HFCS): Supply and use,2015,"Supply-Imports-Total-1,000 short tons, dry weight",89.74850419
High-fructose corn syrup (HFCS): Supply and use,2016,"Supply-Imports-Total-1,000 short tons, dry weight",55.54015162
High-fructose corn syrup (HFCS): Supply and use,2017,"Supply-Imports-Total-1,000 short tons, dry weight",46.38143876
High-fructose corn syrup (HFCS): Supply and use,2018,"Supply-Imports-Total-1,000 short tons, dry weight",47.65337545
High-fructose corn syrup (HFCS): Supply and use,2019,"Supply-Imports-Total-1,000 short tons, dry weight",66.18178052
High-fructose corn syrup (HFCS): Supply and use,2020,"Supply-Imports-Total-1,000 short tons, dry weight",50.01564629
High-fructose corn syrup (HFCS): Supply and use,2021,"Supply-Imports-Total-1,000 short tons, dry weight",45.88441471
High-fructose corn syrup (HFCS): Supply and use,2022,"Supply-Imports-Total-1,000 short tons, dry weight",47.85935615
High-fructose corn syrup (HFCS): Supply and use,2023,"Supply-Imports-Total-1,000 short tons, dry weight",48.71139413
High-fructose corn syrup (HFCS): Supply and use,1967,"Supply-Total supply-HFCS42-1,000 short tons, dry weight",3
High-fructose corn syrup (HFCS): Supply and use,1968,"Supply-Total supply-HFCS42-1,000 short tons, dry weight",15
High-fructose corn syrup (HFCS): Supply and use,1969,"Supply-Total supply-HFCS42-1,000 short tons, dry weight",33
High-fructose corn syrup (HFCS): Supply and use,1970,"Supply-Total supply-HFCS42-1,000 short tons, dry weight",57
High-fructose corn syrup (HFCS): Supply and use,1971,"Supply-Total supply-HFCS42-1,000 short tons, dry weight",87
High-fructose corn syrup (HFCS): Supply and use,1972,"Supply-Total supply-HFCS42-1,000 short tons, dry weight",123
High-fructose corn syrup (HFCS): Supply and use,1973,"Supply-Total supply-HFCS42-1,000 short tons, dry weight",222
High-fructose corn syrup (HFCS): Supply and use,1974,"Supply-Total supply-HFCS42-1,000 short tons, dry weight",299
High-fructose corn syrup (HFCS): Supply and use,1975,"Supply-Total supply-HFCS42-1,000 short tons, dry weight",532
High-fructose corn syrup (HFCS): Supply and use,1976,"Supply-Total supply-HFCS42-1,000 short tons, dry weight",787
High-fructose corn syrup (HFCS): Supply and use,1977,"Supply-Total supply-HFCS42-1,000 short tons, dry weight",1049
High-fructose corn syrup (HFCS): Supply and use,1978,"Supply-Total supply-HFCS42-1,000 short tons, dry weight",1108
High-fructose corn syrup (HFCS): Supply and use,1979,"Supply-Total supply-HFCS42-1,000 short tons, dry weight",1374
High-fructose corn syrup (HFCS): Supply and use,1980,"Supply-Total supply-HFCS42-1,000 short tons, dry weight",1555
High-fructose corn syrup (HFCS): Supply and use,1981,"Supply-Total supply-HFCS42-1,000 short tons, dry weight",1622.4
High-fructose corn syrup (HFCS): Supply and use,1982,"Supply-Total supply-HFCS42-1,000 short tons, dry weight",1631.458
High-fructose corn syrup (HFCS): Supply and use,1983,"Supply-Total supply-HFCS42-1,000 short tons, dry weight",1696.812
High-fructose corn syrup (HFCS): Supply and use,1984,"Supply-Total supply-HFCS42-1,000 short tons, dry weight",1764.194
High-fructose corn syrup (HFCS): Supply and use,1985,"Supply-Total supply-HFCS42-1,000 short tons, dry weight",1876.88
High-fructose corn syrup (HFCS): Supply and use,1986,"Supply-Total supply-HFCS42-1,000 short tons, dry weight",1898.366
High-fructose corn syrup (HFCS): Supply and use,1987,"Supply-Total supply-HFCS42-1,000 short tons, dry weight",2072.538
High-fructose corn syrup (HFCS): Supply and use,1988,"Supply-Total supply-HFCS42-1,000 short tons, dry weight",2375.032
High-fructose corn syrup (HFCS): Supply and use,1989,"Supply-Total supply-HFCS42-1,000 short tons, dry weight",2391.415
High-fructose corn syrup (HFCS): Supply and use,1990,"Supply-Total supply-HFCS42-1,000 short tons, dry weight",2579.59
High-fructose corn syrup (HFCS): Supply and use,1991,"Supply-Total supply-HFCS42-1,000 short tons, dry weight",2732.753
High-fructose corn syrup (HFCS): Supply and use,1992,"Supply-Total supply-HFCS42-1,000 short tons, dry weight",2839.251914
High-fructose corn syrup (HFCS): Supply and use,1993,"Supply-Total supply-HFCS42-1,000 short tons, dry weight",2939.803342
High-fructose corn syrup (HFCS): Supply and use,1994,"Supply-Total supply-HFCS42-1,000 short tons, dry weight",
High-fructose corn syrup (HFCS): Supply and use,1995,"Supply-Total supply-HFCS42-1,000 short tons, dry weight",
High-fructose corn syrup (HFCS): Supply and use,1996,"Supply-Total supply-HFCS42-1,000 short tons, dry weight",
High-fructose corn syrup (HFCS): Supply and use,1997,"Supply-Total supply-HFCS42-1,000 short tons, dry weight",
High-fructose corn syrup (HFCS): Supply and use,1998,"Supply-Total supply-HFCS42-1,000 short tons, dry weight",
High-fructose corn syrup (HFCS): Supply and use,1999,"Supply-Total supply-HFCS42-1,000 short tons, dry weight",
High-fructose corn syrup (HFCS): Supply and use,2000,"Supply-Total supply-HFCS42-1,000 short tons, dry weight",
High-fructose corn syrup (HFCS): Supply and use,2001,"Supply-Total supply-HFCS42-1,000 short tons, dry weight",
High-fructose corn syrup (HFCS): Supply and use,2002,"Supply-Total supply-HFCS42-1,000 short tons, dry weight",
High-fructose corn syrup (HFCS): Supply and use,2003,"Supply-Total supply-HFCS42-1,000 short tons, dry weight",
High-fructose corn syrup (HFCS): Supply and use,2004,"Supply-Total supply-HFCS42-1,000 short tons, dry weight",
High-fructose corn syrup (HFCS): Supply and use,2005,"Supply-Total supply-HFCS42-1,000 short tons, dry weight",
High-fructose corn syrup (HFCS): Supply and use,2006,"Supply-Total supply-HFCS42-1,000 short tons, dry weight",
High-fructose corn syrup (HFCS): Supply and use,2007,"Supply-Total supply-HFCS42-1,000 short tons, dry weight",
High-fructose corn syrup (HFCS): Supply and use,2008,"Supply-Total supply-HFCS42-1,000 short tons, dry weight",
High-fructose corn syrup (HFCS): Supply and use,2009,"Supply-Total supply-HFCS42-1,000 short tons, dry weight",
High-fructose corn syrup (HFCS): Supply and use,2010,"Supply-Total supply-HFCS42-1,000 short tons, dry weight",
High-fructose corn syrup (HFCS): Supply and use,2011,"Supply-Total supply-HFCS42-1,000 short tons, dry weight",
High-fructose corn syrup (HFCS): Supply and use,2012,"Supply-Total supply-HFCS42-1,000 short tons, dry weight",
High-fructose corn syrup (HFCS): Supply and use,2013,"Supply-Total supply-HFCS42-1,000 short tons, dry weight",
High-fructose corn syrup (HFCS): Supply and use,2014,"Supply-Total supply-HFCS42-1,000 short tons, dry weight",
High-fructose corn syrup (HFCS): Supply and use,2015,"Supply-Total supply-HFCS42-1,000 short tons, dry weight",
High-fructose corn syrup (HFCS): Supply and use,2016,"Supply-Total supply-HFCS42-1,000 short tons, dry weight",
High-fructose corn syrup (HFCS): Supply and use,2017,"Supply-Total supply-HFCS42-1,000 short tons, dry weight",
High-fructose corn syrup (HFCS): Supply and use,2018,"Supply-Total supply-HFCS42-1,000 short tons, dry weight",
High-fructose corn syrup (HFCS): Supply and use,2019,"Supply-Total supply-HFCS42-1,000 short tons, dry weight",
High-fructose corn syrup (HFCS): Supply and use,2020,"Supply-Total supply-HFCS42-1,000 short tons, dry weight",
High-fructose corn syrup (HFCS): Supply and use,2021,"Supply-Total supply-HFCS42-1,000 short tons, dry weight",
High-fructose corn syrup (HFCS): Supply and use,2022,"Supply-Total supply-HFCS42-1,000 short tons, dry weight",
High-fructose corn syrup (HFCS): Supply and use,2023,"Supply-Total supply-HFCS42-1,000 short tons, dry weight",
High-fructose corn syrup (HFCS): Supply and use,1967,"Supply-Total supply-HFCS55-1,000 short tons, dry weight",
High-fructose corn syrup (HFCS): Supply and use,1968,"Supply-Total supply-HFCS55-1,000 short tons, dry weight",
High-fructose corn syrup (HFCS): Supply and use,1969,"Supply-Total supply-HFCS55-1,000 short tons, dry weight",
High-fructose corn syrup (HFCS): Supply and use,1970,"Supply-Total supply-HFCS55-1,000 short tons, dry weight",
High-fructose corn syrup (HFCS): Supply and use,1971,"Supply-Total supply-HFCS55-1,000 short tons, dry weight",
High-fructose corn syrup (HFCS): Supply and use,1972,"Supply-Total supply-HFCS55-1,000 short tons, dry weight",
High-fructose corn syrup (HFCS): Supply and use,1973,"Supply-Total supply-HFCS55-1,000 short tons, dry weight",
High-fructose corn syrup (HFCS): Supply and use,1974,"Supply-Total supply-HFCS55-1,000 short tons, dry weight",
High-fructose corn syrup (HFCS): Supply and use,1975,"Supply-Total supply-HFCS55-1,000 short tons, dry weight",
High-fructose corn syrup (HFCS): Supply and use,1976,"Supply-Total supply-HFCS55-1,000 short tons, dry weight",
High-fructose corn syrup (HFCS): Supply and use,1977,"Supply-Total supply-HFCS55-1,000 short tons, dry weight",15
High-fructose corn syrup (HFCS): Supply and use,1978,"Supply-Total supply-HFCS55-1,000 short tons, dry weight",100
High-fructose corn syrup (HFCS): Supply and use,1979,"Supply-Total supply-HFCS55-1,000 short tons, dry weight",300
High-fructose corn syrup (HFCS): Supply and use,1980,"Supply-Total supply-HFCS55-1,000 short tons, dry weight",626
High-fructose corn syrup (HFCS): Supply and use,1981,"Supply-Total supply-HFCS55-1,000 short tons, dry weight",1052.6
High-fructose corn syrup (HFCS): Supply and use,1982,"Supply-Total supply-HFCS55-1,000 short tons, dry weight",1510.584
High-fructose corn syrup (HFCS): Supply and use,1983,"Supply-Total supply-HFCS55-1,000 short tons, dry weight",2023.475
High-fructose corn syrup (HFCS): Supply and use,1984,"Supply-Total supply-HFCS55-1,000 short tons, dry weight",2700.839
High-fructose corn syrup (HFCS): Supply and use,1985,"Supply-Total supply-HFCS55-1,000 short tons, dry weight",3571.858
High-fructose corn syrup (HFCS): Supply and use,1986,"Supply-Total supply-HFCS55-1,000 short tons, dry weight",3665.837
High-fructose corn syrup (HFCS): Supply and use,1987,"Supply-Total supply-HFCS55-1,000 short tons, dry weight",3800.444
High-fructose corn syrup (HFCS): Supply and use,1988,"Supply-Total supply-HFCS55-1,000 short tons, dry weight",3739.698
High-fructose corn syrup (HFCS): Supply and use,1989,"Supply-Total supply-HFCS55-1,000 short tons, dry weight",3714.947
High-fructose corn syrup (HFCS): Supply and use,1990,"Supply-Total supply-HFCS55-1,000 short tons, dry weight",3856.144
High-fructose corn syrup (HFCS): Supply and use,1991,"Supply-Total supply-HFCS55-1,000 short tons, dry weight",3877.219
High-fructose corn syrup (HFCS): Supply and use,1992,"Supply-Total supply-HFCS55-1,000 short tons, dry weight",3933.161226
High-fructose corn syrup (HFCS): Supply and use,1993,"Supply-Total supply-HFCS55-1,000 short tons, dry weight",4268.053194
High-fructose corn syrup (HFCS): Supply and use,1994,"Supply-Total supply-HFCS55-1,000 short tons, dry weight",
High-fructose corn syrup (HFCS): Supply and use,1995,"Supply-Total supply-HFCS55-1,000 short tons, dry weight",
High-fructose corn syrup (HFCS): Supply and use,1996,"Supply-Total supply-HFCS55-1,000 short tons, dry weight",
High-fructose corn syrup (HFCS): Supply and use,1997,"Supply-Total supply-HFCS55-1,000 short tons, dry weight",
High-fructose corn syrup (HFCS): Supply and use,1998,"Supply-Total supply-HFCS55-1,000 short tons, dry weight",
High-fructose corn syrup (HFCS): Supply and use,1999,"Supply-Total supply-HFCS55-1,000 short tons, dry weight",
High-fructose corn syrup (HFCS): Supply and use,2000,"Supply-Total supply-HFCS55-1,000 short tons, dry weight",
High-fructose corn syrup (HFCS): Supply and use,2001,"Supply-Total supply-HFCS55-1,000 short tons, dry weight",
High-fructose corn syrup (HFCS): Supply and use,2002,"Supply-Total supply-HFCS55-1,000 short tons, dry weight",
High-fructose corn syrup (HFCS): Supply and use,2003,"Supply-Total supply-HFCS55-1,000 short tons, dry weight",
High-fructose corn syrup (HFCS): Supply and use,2004,"Supply-Total supply-HFCS55-1,000 short tons, dry weight",
High-fructose corn syrup (HFCS): Supply and use,2005,"Supply-Total supply-HFCS55-1,000 short tons, dry weight",
High-fructose corn syrup (HFCS): Supply and use,2006,"Supply-Total supply-HFCS55-1,000 short tons, dry weight",
High-fructose corn syrup (HFCS): Supply and use,2007,"Supply-Total supply-HFCS55-1,000 short tons, dry weight",
High-fructose corn syrup (HFCS): Supply and use,2008,"Supply-Total supply-HFCS55-1,000 short tons, dry weight",
High-fructose corn syrup (HFCS): Supply and use,2009,"Supply-Total supply-HFCS55-1,000 short tons, dry weight",
High-fructose corn syrup (HFCS): Supply and use,2010,"Supply-Total supply-HFCS55-1,000 short tons, dry weight",
High-fructose corn syrup (HFCS): Supply and use,2011,"Supply-Total supply-HFCS55-1,000 short tons, dry weight",
High-fructose corn syrup (HFCS): Supply and use,2012,"Supply-Total supply-HFCS55-1,000 short tons, dry weight",
High-fructose corn syrup (HFCS): Supply and use,2013,"Supply-Total supply-HFCS55-1,000 short tons, dry weight",
High-fructose corn syrup (HFCS): Supply and use,2014,"Supply-Total supply-HFCS55-1,000 short tons, dry weight",
High-fructose corn syrup (HFCS): Supply and use,2015,"Supply-Total supply-HFCS55-1,000 short tons, dry weight",
High-fructose corn syrup (HFCS): Supply and use,2016,"Supply-Total supply-HFCS55-1,000 short tons, dry weight",
High-fructose corn syrup (HFCS): Supply and use,2017,"Supply-Total supply-HFCS55-1,000 short tons, dry weight",
High-fructose corn syrup (HFCS): Supply and use,2018,"Supply-Total supply-HFCS55-1,000 short tons, dry weight",
High-fructose corn syrup (HFCS): Supply and use,2019,"Supply-Total supply-HFCS55-1,000 short tons, dry weight",
High-fructose corn syrup (HFCS): Supply and use,2020,"Supply-Total supply-HFCS55-1,000 short tons, dry weight",
High-fructose corn syrup (HFCS): Supply and use,2021,"Supply-Total supply-HFCS55-1,000 short tons, dry weight",
High-fructose corn syrup (HFCS): Supply and use,2022,"Supply-Total supply-HFCS55-1,000 short tons, dry weight",
High-fructose corn syrup (HFCS): Supply and use,2023,"Supply-Total supply-HFCS55-1,000 short tons, dry weight",
High-fructose corn syrup (HFCS): Supply and use,1967,"Supply-Total supply-Total-1,000 short tons, dry weight",3
High-fructose corn syrup (HFCS): Supply and use,1968,"Supply-Total supply-Total-1,000 short tons, dry weight",15
High-fructose corn syrup (HFCS): Supply and use,1969,"Supply-Total supply-Total-1,000 short tons, dry weight",33
High-fructose corn syrup (HFCS): Supply and use,1970,"Supply-Total supply-Total-1,000 short tons, dry weight",57
High-fructose corn syrup (HFCS): Supply and use,1971,"Supply-Total supply-Total-1,000 short tons, dry weight",87
High-fructose corn syrup (HFCS): Supply and use,1972,"Supply-Total supply-Total-1,000 short tons, dry weight",123
High-fructose corn syrup (HFCS): Supply and use,1973,"Supply-Total supply-Total-1,000 short tons, dry weight",222
High-fructose corn syrup (HFCS): Supply and use,1974,"Supply-Total supply-Total-1,000 short tons, dry weight",299
High-fructose corn syrup (HFCS): Supply and use,1975,"Supply-Total supply-Total-1,000 short tons, dry weight",532
High-fructose corn syrup (HFCS): Supply and use,1976,"Supply-Total supply-Total-1,000 short tons, dry weight",787
High-fructose corn syrup (HFCS): Supply and use,1977,"Supply-Total supply-Total-1,000 short tons, dry weight",1064
High-fructose corn syrup (HFCS): Supply and use,1978,"Supply-Total supply-Total-1,000 short tons, dry weight",1208
High-fructose corn syrup (HFCS): Supply and use,1979,"Supply-Total supply-Total-1,000 short tons, dry weight",1674
High-fructose corn syrup (HFCS): Supply and use,1980,"Supply-Total supply-Total-1,000 short tons, dry weight",2181
High-fructose corn syrup (HFCS): Supply and use,1981,"Supply-Total supply-Total-1,000 short tons, dry weight",2675
High-fructose corn syrup (HFCS): Supply and use,1982,"Supply-Total supply-Total-1,000 short tons, dry weight",3142.042
High-fructose corn syrup (HFCS): Supply and use,1983,"Supply-Total supply-Total-1,000 short tons, dry weight",3720.287
High-fructose corn syrup (HFCS): Supply and use,1984,"Supply-Total supply-Total-1,000 short tons, dry weight",4465.033
High-fructose corn syrup (HFCS): Supply and use,1985,"Supply-Total supply-Total-1,000 short tons, dry weight",5448.738
High-fructose corn syrup (HFCS): Supply and use,1986,"Supply-Total supply-Total-1,000 short tons, dry weight",5564.203
High-fructose corn syrup (HFCS): Supply and use,1987,"Supply-Total supply-Total-1,000 short tons, dry weight",5872.982
High-fructose corn syrup (HFCS): Supply and use,1988,"Supply-Total supply-Total-1,000 short tons, dry weight",6114.73
High-fructose corn syrup (HFCS): Supply and use,1989,"Supply-Total supply-Total-1,000 short tons, dry weight",6106.362
High-fructose corn syrup (HFCS): Supply and use,1990,"Supply-Total supply-Total-1,000 short tons, dry weight",6435.734
High-fructose corn syrup (HFCS): Supply and use,1991,"Supply-Total supply-Total-1,000 short tons, dry weight",6609.972
High-fructose corn syrup (HFCS): Supply and use,1992,"Supply-Total supply-Total-1,000 short tons, dry weight",6772.41314
High-fructose corn syrup (HFCS): Supply and use,1993,"Supply-Total supply-Total-1,000 short tons, dry weight",7207.856536
High-fructose corn syrup (HFCS): Supply and use,1994,"Supply-Total supply-Total-1,000 short tons, dry weight",7538.45653
High-fructose corn syrup (HFCS): Supply and use,1995,"Supply-Total supply-Total-1,000 short tons, dry weight",7895.735224
High-fructose corn syrup (HFCS): Supply and use,1996,"Supply-Total supply-Total-1,000 short tons, dry weight",8287.100391
High-fructose corn syrup (HFCS): Supply and use,1997,"Supply-Total supply-Total-1,000 short tons, dry weight",8964.176119
High-fructose corn syrup (HFCS): Supply and use,1998,"Supply-Total supply-Total-1,000 short tons, dry weight",9340.399584
High-fructose corn syrup (HFCS): Supply and use,1999,"Supply-Total supply-Total-1,000 short tons, dry weight",9649.442472
High-fructose corn syrup (HFCS): Supply and use,2000,"Supply-Total supply-Total-1,000 short tons, dry weight",9491.603897
High-fructose corn syrup (HFCS): Supply and use,2001,"Supply-Total supply-Total-1,000 short tons, dry weight",9460.396975
High-fructose corn syrup (HFCS): Supply and use,2002,"Supply-Total supply-Total-1,000 short tons, dry weight",9414.186958
High-fructose corn syrup (HFCS): Supply and use,2003,"Supply-Total supply-Total-1,000 short tons, dry weight",9242.692371
High-fructose corn syrup (HFCS): Supply and use,2004,"Supply-Total supply-Total-1,000 short tons, dry weight",9178.786503
High-fructose corn syrup (HFCS): Supply and use,2005,"Supply-Total supply-Total-1,000 short tons, dry weight",9320.842299
High-fructose corn syrup (HFCS): Supply and use,2006,"Supply-Total supply-Total-1,000 short tons, dry weight",9495.654628
High-fructose corn syrup (HFCS): Supply and use,2007,"Supply-Total supply-Total-1,000 short tons, dry weight",9353.192738
High-fructose corn syrup (HFCS): Supply and use,2008,"Supply-Total supply-Total-1,000 short tons, dry weight",8976.609755
High-fructose corn syrup (HFCS): Supply and use,2009,"Supply-Total supply-Total-1,000 short tons, dry weight",8635.32755
High-fructose corn syrup (HFCS): Supply and use,2010,"Supply-Total supply-Total-1,000 short tons, dry weight",9269.468249
High-fructose corn syrup (HFCS): Supply and use,2011,"Supply-Total supply-Total-1,000 short tons, dry weight",9253.044346
High-fructose corn syrup (HFCS): Supply and use,2012,"Supply-Total supply-Total-1,000 short tons, dry weight",9211.254656
High-fructose corn syrup (HFCS): Supply and use,2013,"Supply-Total supply-Total-1,000 short tons, dry weight",8668.884366
High-fructose corn syrup (HFCS): Supply and use,2014,"Supply-Total supply-Total-1,000 short tons, dry weight",8672.610035
High-fructose corn syrup (HFCS): Supply and use,2015,"Supply-Total supply-Total-1,000 short tons, dry weight",8516.919813
High-fructose corn syrup (HFCS): Supply and use,2016,"Supply-Total supply-Total-1,000 short tons, dry weight",8372.228886
High-fructose corn syrup (HFCS): Supply and use,2017,"Supply-Total supply-Total-1,000 short tons, dry weight",8254.976299
High-fructose corn syrup (HFCS): Supply and use,2018,"Supply-Total supply-Total-1,000 short tons, dry weight",8009.442573
High-fructose corn syrup (HFCS): Supply and use,2019,"Supply-Total supply-Total-1,000 short tons, dry weight",7828.555353
High-fructose corn syrup (HFCS): Supply and use,2020,"Supply-Total supply-Total-1,000 short tons, dry weight",7761.93559
High-fructose corn syrup (HFCS): Supply and use,2021,"Supply-Total supply-Total-1,000 short tons, dry weight",7575.176253
High-fructose corn syrup (HFCS): Supply and use,2022,"Supply-Total supply-Total-1,000 short tons, dry weight",7571.175754
High-fructose corn syrup (HFCS): Supply and use,2023,"Supply-Total supply-Total-1,000 short tons, dry weight",7384.345432
High-fructose corn syrup (HFCS): Supply and use,1967,"Use-Exports-HFCS42-1,000 short tons, dry weight",
High-fructose corn syrup (HFCS): Supply and use,1968,"Use-Exports-HFCS42-1,000 short tons, dry weight",
High-fructose corn syrup (HFCS): Supply and use,1969,"Use-Exports-HFCS42-1,000 short tons, dry weight",
High-fructose corn syrup (HFCS): Supply and use,1970,"Use-Exports-HFCS42-1,000 short tons, dry weight",
High-fructose corn syrup (HFCS): Supply and use,1971,"Use-Exports-HFCS42-1,000 short tons, dry weight",
High-fructose corn syrup (HFCS): Supply and use,1972,"Use-Exports-HFCS42-1,000 short tons, dry weight",
High-fructose corn syrup (HFCS): Supply and use,1973,"Use-Exports-HFCS42-1,000 short tons, dry weight",
High-fructose corn syrup (HFCS): Supply and use,1974,"Use-Exports-HFCS42-1,000 short tons, dry weight",
High-fructose corn syrup (HFCS): Supply and use,1975,"Use-Exports-HFCS42-1,000 short tons, dry weight",0.355
High-fructose corn syrup (HFCS): Supply and use,1976,"Use-Exports-HFCS42-1,000 short tons, dry weight",1
High-fructose corn syrup (HFCS): Supply and use,1977,"Use-Exports-HFCS42-1,000 short tons, dry weight",2.145
High-fructose corn syrup (HFCS): Supply and use,1978,"Use-Exports-HFCS42-1,000 short tons, dry weight",3.796
High-fructose corn syrup (HFCS): Supply and use,1979,"Use-Exports-HFCS42-1,000 short tons, dry weight",4.376
High-fructose corn syrup (HFCS): Supply and use,1980,"Use-Exports-HFCS42-1,000 short tons, dry weight",7.409
High-fructose corn syrup (HFCS): Supply and use,1981,"Use-Exports-HFCS42-1,000 short tons, dry weight",6.206
High-fructose corn syrup (HFCS): Supply and use,1982,"Use-Exports-HFCS42-1,000 short tons, dry weight",1.014
High-fructose corn syrup (HFCS): Supply and use,1983,"Use-Exports-HFCS42-1,000 short tons, dry weight",2.259
High-fructose corn syrup (HFCS): Supply and use,1984,"Use-Exports-HFCS42-1,000 short tons, dry weight",4.198
High-fructose corn syrup (HFCS): Supply and use,1985,"Use-Exports-HFCS42-1,000 short tons, dry weight",3.212
High-fructose corn syrup (HFCS): Supply and use,1986,"Use-Exports-HFCS42-1,000 short tons, dry weight",3.018
High-fructose corn syrup (HFCS): Supply and use,1987,"Use-Exports-HFCS42-1,000 short tons, dry weight",3.018
High-fructose corn syrup (HFCS): Supply and use,1988,"Use-Exports-HFCS42-1,000 short tons, dry weight",8.118
High-fructose corn syrup (HFCS): Supply and use,1989,"Use-Exports-HFCS42-1,000 short tons, dry weight",9.34
High-fructose corn syrup (HFCS): Supply and use,1990,"Use-Exports-HFCS42-1,000 short tons, dry weight",12.068
High-fructose corn syrup (HFCS): Supply and use,1991,"Use-Exports-HFCS42-1,000 short tons, dry weight",7.347
High-fructose corn syrup (HFCS): Supply and use,1992,"Use-Exports-HFCS42-1,000 short tons, dry weight",16.91836539
High-fructose corn syrup (HFCS): Supply and use,1993,"Use-Exports-HFCS42-1,000 short tons, dry weight",21.71076613
High-fructose corn syrup (HFCS): Supply and use,1994,"Use-Exports-HFCS42-1,000 short tons, dry weight",
High-fructose corn syrup (HFCS): Supply and use,1995,"Use-Exports-HFCS42-1,000 short tons, dry weight",
High-fructose corn syrup (HFCS): Supply and use,1996,"Use-Exports-HFCS42-1,000 short tons, dry weight",
High-fructose corn syrup (HFCS): Supply and use,1997,"Use-Exports-HFCS42-1,000 short tons, dry weight",
High-fructose corn syrup (HFCS): Supply and use,1998,"Use-Exports-HFCS42-1,000 short tons, dry weight",
High-fructose corn syrup (HFCS): Supply and use,1999,"Use-Exports-HFCS42-1,000 short tons, dry weight",
High-fructose corn syrup (HFCS): Supply and use,2000,"Use-Exports-HFCS42-1,000 short tons, dry weight",
High-fructose corn syrup (HFCS): Supply and use,2001,"Use-Exports-HFCS42-1,000 short tons, dry weight",
High-fructose corn syrup (HFCS): Supply and use,2002,"Use-Exports-HFCS42-1,000 short tons, dry weight",
High-fructose corn syrup (HFCS): Supply and use,2003,"Use-Exports-HFCS42-1,000 short tons, dry weight",
High-fructose corn syrup (HFCS): Supply and use,2004,"Use-Exports-HFCS42-1,000 short tons, dry weight",
High-fructose corn syrup (HFCS): Supply and use,2005,"Use-Exports-HFCS42-1,000 short tons, dry weight",
High-fructose corn syrup (HFCS): Supply and use,2006,"Use-Exports-HFCS42-1,000 short tons, dry weight",
High-fructose corn syrup (HFCS): Supply and use,2007,"Use-Exports-HFCS42-1,000 short tons, dry weight",
High-fructose corn syrup (HFCS): Supply and use,2008,"Use-Exports-HFCS42-1,000 short tons, dry weight",
High-fructose corn syrup (HFCS): Supply and use,2009,"Use-Exports-HFCS42-1,000 short tons, dry weight",
High-fructose corn syrup (HFCS): Supply and use,2010,"Use-Exports-HFCS42-1,000 short tons, dry weight",
High-fructose corn syrup (HFCS): Supply and use,2011,"Use-Exports-HFCS42-1,000 short tons, dry weight",
High-fructose corn syrup (HFCS): Supply and use,2012,"Use-Exports-HFCS42-1,000 short tons, dry weight",
High-fructose corn syrup (HFCS): Supply and use,2013,"Use-Exports-HFCS42-1,000 short tons, dry weight",
High-fructose corn syrup (HFCS): Supply and use,2014,"Use-Exports-HFCS42-1,000 short tons, dry weight",
High-fructose corn syrup (HFCS): Supply and use,2015,"Use-Exports-HFCS42-1,000 short tons, dry weight",
High-fructose corn syrup (HFCS): Supply and use,2016,"Use-Exports-HFCS42-1,000 short tons, dry weight",
High-fructose corn syrup (HFCS): Supply and use,2017,"Use-Exports-HFCS42-1,000 short tons, dry weight",
High-fructose corn syrup (HFCS): Supply and use,2018,"Use-Exports-HFCS42-1,000 short tons, dry weight",
High-fructose corn syrup (HFCS): Supply and use,2019,"Use-Exports-HFCS42-1,000 short tons, dry weight",
High-fructose corn syrup (HFCS): Supply and use,2020,"Use-Exports-HFCS42-1,000 short tons, dry weight",
High-fructose corn syrup (HFCS): Supply and use,2021,"Use-Exports-HFCS42-1,000 short tons, dry weight",
High-fructose corn syrup (HFCS): Supply and use,2022,"Use-Exports-HFCS42-1,000 short tons, dry weight",
High-fructose corn syrup (HFCS): Supply and use,2023,"Use-Exports-HFCS42-1,000 short tons, dry weight",
High-fructose corn syrup (HFCS): Supply and use,1967,"Use-Exports-HFCS55-1,000 short tons, dry weight",
High-fructose corn syrup (HFCS): Supply and use,1968,"Use-Exports-HFCS55-1,000 short tons, dry weight",
High-fructose corn syrup (HFCS): Supply and use,1969,"Use-Exports-HFCS55-1,000 short tons, dry weight",
High-fructose corn syrup (HFCS): Supply and use,1970,"Use-Exports-HFCS55-1,000 short tons, dry weight",
High-fructose corn syrup (HFCS): Supply and use,1971,"Use-Exports-HFCS55-1,000 short tons, dry weight",
High-fructose corn syrup (HFCS): Supply and use,1972,"Use-Exports-HFCS55-1,000 short tons, dry weight",
High-fructose corn syrup (HFCS): Supply and use,1973,"Use-Exports-HFCS55-1,000 short tons, dry weight",
High-fructose corn syrup (HFCS): Supply and use,1974,"Use-Exports-HFCS55-1,000 short tons, dry weight",
High-fructose corn syrup (HFCS): Supply and use,1975,"Use-Exports-HFCS55-1,000 short tons, dry weight",
High-fructose corn syrup (HFCS): Supply and use,1976,"Use-Exports-HFCS55-1,000 short tons, dry weight",
High-fructose corn syrup (HFCS): Supply and use,1977,"Use-Exports-HFCS55-1,000 short tons, dry weight",
High-fructose corn syrup (HFCS): Supply and use,1978,"Use-Exports-HFCS55-1,000 short tons, dry weight",
High-fructose corn syrup (HFCS): Supply and use,1979,"Use-Exports-HFCS55-1,000 short tons, dry weight",
High-fructose corn syrup (HFCS): Supply and use,1980,"Use-Exports-HFCS55-1,000 short tons, dry weight",
High-fructose corn syrup (HFCS): Supply and use,1981,"Use-Exports-HFCS55-1,000 short tons, dry weight",
High-fructose corn syrup (HFCS): Supply and use,1982,"Use-Exports-HFCS55-1,000 short tons, dry weight",
High-fructose corn syrup (HFCS): Supply and use,1983,"Use-Exports-HFCS55-1,000 short tons, dry weight",
High-fructose corn syrup (HFCS): Supply and use,1984,"Use-Exports-HFCS55-1,000 short tons, dry weight",
High-fructose corn syrup (HFCS): Supply and use,1985,"Use-Exports-HFCS55-1,000 short tons, dry weight",
High-fructose corn syrup (HFCS): Supply and use,1986,"Use-Exports-HFCS55-1,000 short tons, dry weight",0.578
High-fructose corn syrup (HFCS): Supply and use,1987,"Use-Exports-HFCS55-1,000 short tons, dry weight",0.963
High-fructose corn syrup (HFCS): Supply and use,1988,"Use-Exports-HFCS55-1,000 short tons, dry weight",3.981
High-fructose corn syrup (HFCS): Supply and use,1989,"Use-Exports-HFCS55-1,000 short tons, dry weight",41.5
High-fructose corn syrup (HFCS): Supply and use,1990,"Use-Exports-HFCS55-1,000 short tons, dry weight",126.161
High-fructose corn syrup (HFCS): Supply and use,1991,"Use-Exports-HFCS55-1,000 short tons, dry weight",132.286
High-fructose corn syrup (HFCS): Supply and use,1992,"Use-Exports-HFCS55-1,000 short tons, dry weight",83.1468839
High-fructose corn syrup (HFCS): Supply and use,1993,"Use-Exports-HFCS55-1,000 short tons, dry weight",91.38045071
High-fructose corn syrup (HFCS): Supply and use,1994,"Use-Exports-HFCS55-1,000 short tons, dry weight",
High-fructose corn syrup (HFCS): Supply and use,1995,"Use-Exports-HFCS55-1,000 short tons, dry weight",
High-fructose corn syrup (HFCS): Supply and use,1996,"Use-Exports-HFCS55-1,000 short tons, dry weight",
High-fructose corn syrup (HFCS): Supply and use,1997,"Use-Exports-HFCS55-1,000 short tons, dry weight",
High-fructose corn syrup (HFCS): Supply and use,1998,"Use-Exports-HFCS55-1,000 short tons, dry weight",
High-fructose corn syrup (HFCS): Supply and use,1999,"Use-Exports-HFCS55-1,000 short tons, dry weight",
High-fructose corn syrup (HFCS): Supply and use,2000,"Use-Exports-HFCS55-1,000 short tons, dry weight",
High-fructose corn syrup (HFCS): Supply and use,2001,"Use-Exports-HFCS55-1,000 short tons, dry weight",
High-fructose corn syrup (HFCS): Supply and use,2002,"Use-Exports-HFCS55-1,000 short tons, dry weight",
High-fructose corn syrup (HFCS): Supply and use,2003,"Use-Exports-HFCS55-1,000 short tons, dry weight",
High-fructose corn syrup (HFCS): Supply and use,2004,"Use-Exports-HFCS55-1,000 short tons, dry weight",
High-fructose corn syrup (HFCS): Supply and use,2005,"Use-Exports-HFCS55-1,000 short tons, dry weight",
High-fructose corn syrup (HFCS): Supply and use,2006,"Use-Exports-HFCS55-1,000 short tons, dry weight",
High-fructose corn syrup (HFCS): Supply and use,2007,"Use-Exports-HFCS55-1,000 short tons, dry weight",
High-fructose corn syrup (HFCS): Supply and use,2008,"Use-Exports-HFCS55-1,000 short tons, dry weight",
High-fructose corn syrup (HFCS): Supply and use,2009,"Use-Exports-HFCS55-1,000 short tons, dry weight",
High-fructose corn syrup (HFCS): Supply and use,2010,"Use-Exports-HFCS55-1,000 short tons, dry weight",
High-fructose corn syrup (HFCS): Supply and use,2011,"Use-Exports-HFCS55-1,000 short tons, dry weight",
High-fructose corn syrup (HFCS): Supply and use,2012,"Use-Exports-HFCS55-1,000 short tons, dry weight",
High-fructose corn syrup (HFCS): Supply and use,2013,"Use-Exports-HFCS55-1,000 short tons, dry weight",
High-fructose corn syrup (HFCS): Supply and use,2014,"Use-Exports-HFCS55-1,000 short tons, dry weight",
High-fructose corn syrup (HFCS): Supply and use,2015,"Use-Exports-HFCS55-1,000 short tons, dry weight",
High-fructose corn syrup (HFCS): Supply and use,2016,"Use-Exports-HFCS55-1,000 short tons, dry weight",
High-fructose corn syrup (HFCS): Supply and use,2017,"Use-Exports-HFCS55-1,000 short tons, dry weight",
High-fructose corn syrup (HFCS): Supply and use,2018,"Use-Exports-HFCS55-1,000 short tons, dry weight",
High-fructose corn syrup (HFCS): Supply and use,2019,"Use-Exports-HFCS55-1,000 short tons, dry weight",
High-fructose corn syrup (HFCS): Supply and use,2020,"Use-Exports-HFCS55-1,000 short tons, dry weight",
High-fructose corn syrup (HFCS): Supply and use,2021,"Use-Exports-HFCS55-1,000 short tons, dry weight",
High-fructose corn syrup (HFCS): Supply and use,2022,"Use-Exports-HFCS55-1,000 short tons, dry weight",
High-fructose corn syrup (HFCS): Supply and use,2023,"Use-Exports-HFCS55-1,000 short tons, dry weight",
High-fructose corn syrup (HFCS): Supply and use,1967,"Use-Exports-Total-1,000 short tons, dry weight",
High-fructose corn syrup (HFCS): Supply and use,1968,"Use-Exports-Total-1,000 short tons, dry weight",
High-fructose corn syrup (HFCS): Supply and use,1969,"Use-Exports-Total-1,000 short tons, dry weight",
High-fructose corn syrup (HFCS): Supply and use,1970,"Use-Exports-Total-1,000 short tons, dry weight",
High-fructose corn syrup (HFCS): Supply and use,1971,"Use-Exports-Total-1,000 short tons, dry weight",
High-fructose corn syrup (HFCS): Supply and use,1972,"Use-Exports-Total-1,000 short tons, dry weight",
High-fructose corn syrup (HFCS): Supply and use,1973,"Use-Exports-Total-1,000 short tons, dry weight",
High-fructose corn syrup (HFCS): Supply and use,1974,"Use-Exports-Total-1,000 short tons, dry weight",
High-fructose corn syrup (HFCS): Supply and use,1975,"Use-Exports-Total-1,000 short tons, dry weight",0.355
High-fructose corn syrup (HFCS): Supply and use,1976,"Use-Exports-Total-1,000 short tons, dry weight",1
High-fructose corn syrup (HFCS): Supply and use,1977,"Use-Exports-Total-1,000 short tons, dry weight",2.145
High-fructose corn syrup (HFCS): Supply and use,1978,"Use-Exports-Total-1,000 short tons, dry weight",3.796
High-fructose corn syrup (HFCS): Supply and use,1979,"Use-Exports-Total-1,000 short tons, dry weight",4.376
High-fructose corn syrup (HFCS): Supply and use,1980,"Use-Exports-Total-1,000 short tons, dry weight",7.409
High-fructose corn syrup (HFCS): Supply and use,1981,"Use-Exports-Total-1,000 short tons, dry weight",6.206
High-fructose corn syrup (HFCS): Supply and use,1982,"Use-Exports-Total-1,000 short tons, dry weight",1.014
High-fructose corn syrup (HFCS): Supply and use,1983,"Use-Exports-Total-1,000 short tons, dry weight",2.259
High-fructose corn syrup (HFCS): Supply and use,1984,"Use-Exports-Total-1,000 short tons, dry weight",4.198
High-fructose corn syrup (HFCS): Supply and use,1985,"Use-Exports-Total-1,000 short tons, dry weight",3.212
High-fructose corn syrup (HFCS): Supply and use,1986,"Use-Exports-Total-1,000 short tons, dry weight",3.596
High-fructose corn syrup (HFCS): Supply and use,1987,"Use-Exports-Total-1,000 short tons, dry weight",3.981
High-fructose corn syrup (HFCS): Supply and use,1988,"Use-Exports-Total-1,000 short tons, dry weight",12.099
High-fructose corn syrup (HFCS): Supply and use,1989,"Use-Exports-Total-1,000 short tons, dry weight",50.84
High-fructose corn syrup (HFCS): Supply and use,1990,"Use-Exports-Total-1,000 short tons, dry weight",138.229
High-fructose corn syrup (HFCS): Supply and use,1991,"Use-Exports-Total-1,000 short tons, dry weight",139.633
High-fructose corn syrup (HFCS): Supply and use,1992,"Use-Exports-Total-1,000 short tons, dry weight",100.0652493
High-fructose corn syrup (HFCS): Supply and use,1993,"Use-Exports-Total-1,000 short tons, dry weight",113.0912168
High-fructose corn syrup (HFCS): Supply and use,1994,"Use-Exports-Total-1,000 short tons, dry weight",123.0518973
High-fructose corn syrup (HFCS): Supply and use,1995,"Use-Exports-Total-1,000 short tons, dry weight",114.4253774
High-fructose corn syrup (HFCS): Supply and use,1996,"Use-Exports-Total-1,000 short tons, dry weight",237.1314714
High-fructose corn syrup (HFCS): Supply and use,1997,"Use-Exports-Total-1,000 short tons, dry weight",409.3978524
High-fructose corn syrup (HFCS): Supply and use,1998,"Use-Exports-Total-1,000 short tons, dry weight",455.5588031
High-fructose corn syrup (HFCS): Supply and use,1999,"Use-Exports-Total-1,000 short tons, dry weight",452.5659714
High-fructose corn syrup (HFCS): Supply and use,2000,"Use-Exports-Total-1,000 short tons, dry weight",401.0183171
High-fructose corn syrup (HFCS): Supply and use,2001,"Use-Exports-Total-1,000 short tons, dry weight",362.2494431
High-fructose corn syrup (HFCS): Supply and use,2002,"Use-Exports-Total-1,000 short tons, dry weight",168.5450009
High-fructose corn syrup (HFCS): Supply and use,2003,"Use-Exports-Total-1,000 short tons, dry weight",164.4336268
High-fructose corn syrup (HFCS): Supply and use,2004,"Use-Exports-Total-1,000 short tons, dry weight",161.491716
High-fructose corn syrup (HFCS): Supply and use,2005,"Use-Exports-Total-1,000 short tons, dry weight",312.6037881
High-fructose corn syrup (HFCS): Supply and use,2006,"Use-Exports-Total-1,000 short tons, dry weight",511.3127435
High-fructose corn syrup (HFCS): Supply and use,2007,"Use-Exports-Total-1,000 short tons, dry weight",636.0461698
High-fructose corn syrup (HFCS): Supply and use,2008,"Use-Exports-Total-1,000 short tons, dry weight",675.809111
High-fructose corn syrup (HFCS): Supply and use,2009,"Use-Exports-Total-1,000 short tons, dry weight",678.083594
High-fructose corn syrup (HFCS): Supply and use,2010,"Use-Exports-Total-1,000 short tons, dry weight",1438.887891
High-fructose corn syrup (HFCS): Supply and use,2011,"Use-Exports-Total-1,000 short tons, dry weight",1674.667237
High-fructose corn syrup (HFCS): Supply and use,2012,"Use-Exports-Total-1,000 short tons, dry weight",1717.193773
High-fructose corn syrup (HFCS): Supply and use,2013,"Use-Exports-Total-1,000 short tons, dry weight",1425.716491
High-fructose corn syrup (HFCS): Supply and use,2014,"Use-Exports-Total-1,000 short tons, dry weight",1340.750476
High-fructose corn syrup (HFCS): Supply and use,2015,"Use-Exports-Total-1,000 short tons, dry weight",1333.448139
High-fructose corn syrup (HFCS): Supply and use,2016,"Use-Exports-Total-1,000 short tons, dry weight",1336.317665
High-fructose corn syrup (HFCS): Supply and use,2017,"Use-Exports-Total-1,000 short tons, dry weight",1371.7813
High-fructose corn syrup (HFCS): Supply and use,2018,"Use-Exports-Total-1,000 short tons, dry weight",1307.682887
High-fructose corn syrup (HFCS): Supply and use,2019,"Use-Exports-Total-1,000 short tons, dry weight",1250.103508
High-fructose corn syrup (HFCS): Supply and use,2020,"Use-Exports-Total-1,000 short tons, dry weight",1124.552078
High-fructose corn syrup (HFCS): Supply and use,2021,"Use-Exports-Total-1,000 short tons, dry weight",1009.465359
High-fructose corn syrup (HFCS): Supply and use,2022,"Use-Exports-Total-1,000 short tons, dry weight",1016.779613
High-fructose corn syrup (HFCS): Supply and use,2023,"Use-Exports-Total-1,000 short tons, dry weight",1056.754398
High-fructose corn syrup (HFCS): Supply and use,1967,"Use-Shipments to U.S. territories-HFCS42-1,000 short tons, dry weight",
High-fructose corn syrup (HFCS): Supply and use,1968,"Use-Shipments to U.S. territories-HFCS42-1,000 short tons, dry weight",
High-fructose corn syrup (HFCS): Supply and use,1969,"Use-Shipments to U.S. territories-HFCS42-1,000 short tons, dry weight",
High-fructose corn syrup (HFCS): Supply and use,1970,"Use-Shipments to U.S. territories-HFCS42-1,000 short tons, dry weight",
High-fructose corn syrup (HFCS): Supply and use,1971,"Use-Shipments to U.S. territories-HFCS42-1,000 short tons, dry weight",
High-fructose corn syrup (HFCS): Supply and use,1972,"Use-Shipments to U.S. territories-HFCS42-1,000 short tons, dry weight",
High-fructose corn syrup (HFCS): Supply and use,1973,"Use-Shipments to U.S. territories-HFCS42-1,000 short tons, dry weight",
High-fructose corn syrup (HFCS): Supply and use,1974,"Use-Shipments to U.S. territories-HFCS42-1,000 short tons, dry weight",
High-fructose corn syrup (HFCS): Supply and use,1975,"Use-Shipments to U.S. territories-HFCS42-1,000 short tons, dry weight",
High-fructose corn syrup (HFCS): Supply and use,1976,"Use-Shipments to U.S. territories-HFCS42-1,000 short tons, dry weight",
High-fructose corn syrup (HFCS): Supply and use,1977,"Use-Shipments to U.S. territories-HFCS42-1,000 short tons, dry weight",
High-fructose corn syrup (HFCS): Supply and use,1978,"Use-Shipments to U.S. territories-HFCS42-1,000 short tons, dry weight",
High-fructose corn syrup (HFCS): Supply and use,1979,"Use-Shipments to U.S. territories-HFCS42-1,000 short tons, dry weight",
High-fructose corn syrup (HFCS): Supply and use,1980,"Use-Shipments to U.S. territories-HFCS42-1,000 short tons, dry weight",0.975
High-fructose corn syrup (HFCS): Supply and use,1981,"Use-Shipments to U.S. territories-HFCS42-1,000 short tons, dry weight",1.508
High-fructose corn syrup (HFCS): Supply and use,1982,"Use-Shipments to U.S. territories-HFCS42-1,000 short tons, dry weight",3.745
High-fructose corn syrup (HFCS): Supply and use,1983,"Use-Shipments to U.S. territories-HFCS42-1,000 short tons, dry weight",7.783
High-fructose corn syrup (HFCS): Supply and use,1984,"Use-Shipments to U.S. territories-HFCS42-1,000 short tons, dry weight",10.835
High-fructose corn syrup (HFCS): Supply and use,1985,"Use-Shipments to U.S. territories-HFCS42-1,000 short tons, dry weight",10.439
High-fructose corn syrup (HFCS): Supply and use,1986,"Use-Shipments to U.S. territories-HFCS42-1,000 short tons, dry weight",7.715
High-fructose corn syrup (HFCS): Supply and use,1987,"Use-Shipments to U.S. territories-HFCS42-1,000 short tons, dry weight",6.809
High-fructose corn syrup (HFCS): Supply and use,1988,"Use-Shipments to U.S. territories-HFCS42-1,000 short tons, dry weight",4.752
High-fructose corn syrup (HFCS): Supply and use,1989,"Use-Shipments to U.S. territories-HFCS42-1,000 short tons, dry weight",4.726
High-fructose corn syrup (HFCS): Supply and use,1990,"Use-Shipments to U.S. territories-HFCS42-1,000 short tons, dry weight",3.425
High-fructose corn syrup (HFCS): Supply and use,1991,"Use-Shipments to U.S. territories-HFCS42-1,000 short tons, dry weight",3.251
High-fructose corn syrup (HFCS): Supply and use,1992,"Use-Shipments to U.S. territories-HFCS42-1,000 short tons, dry weight",6.833
High-fructose corn syrup (HFCS): Supply and use,1993,"Use-Shipments to U.S. territories-HFCS42-1,000 short tons, dry weight",18.779
High-fructose corn syrup (HFCS): Supply and use,1994,"Use-Shipments to U.S. territories-HFCS42-1,000 short tons, dry weight",
High-fructose corn syrup (HFCS): Supply and use,1995,"Use-Shipments to U.S. territories-HFCS42-1,000 short tons, dry weight",
High-fructose corn syrup (HFCS): Supply and use,1996,"Use-Shipments to U.S. territories-HFCS42-1,000 short tons, dry weight",
High-fructose corn syrup (HFCS): Supply and use,1997,"Use-Shipments to U.S. territories-HFCS42-1,000 short tons, dry weight",
High-fructose corn syrup (HFCS): Supply and use,1998,"Use-Shipments to U.S. territories-HFCS42-1,000 short tons, dry weight",
High-fructose corn syrup (HFCS): Supply and use,1999,"Use-Shipments to U.S. territories-HFCS42-1,000 short tons, dry weight",
High-fructose corn syrup (HFCS): Supply and use,2000,"Use-Shipments to U.S. territories-HFCS42-1,000 short tons, dry weight",
High-fructose corn syrup (HFCS): Supply and use,2001,"Use-Shipments to U.S. territories-HFCS42-1,000 short tons, dry weight",
High-fructose corn syrup (HFCS): Supply and use,2002,"Use-Shipments to U.S. territories-HFCS42-1,000 short tons, dry weight",
High-fructose corn syrup (HFCS): Supply and use,2003,"Use-Shipments to U.S. territories-HFCS42-1,000 short tons, dry weight",
High-fructose corn syrup (HFCS): Supply and use,2004,"Use-Shipments to U.S. territories-HFCS42-1,000 short tons, dry weight",
High-fructose corn syrup (HFCS): Supply and use,2005,"Use-Shipments to U.S. territories-HFCS42-1,000 short tons, dry weight",
High-fructose corn syrup (HFCS): Supply and use,2006,"Use-Shipments to U.S. territories-HFCS42-1,000 short tons, dry weight",
High-fructose corn syrup (HFCS): Supply and use,2007,"Use-Shipments to U.S. territories-HFCS42-1,000 short tons, dry weight",
High-fructose corn syrup (HFCS): Supply and use,2008,"Use-Shipments to U.S. territories-HFCS42-1,000 short tons, dry weight",
High-fructose corn syrup (HFCS): Supply and use,2009,"Use-Shipments to U.S. territories-HFCS42-1,000 short tons, dry weight",
High-fructose corn syrup (HFCS): Supply and use,2010,"Use-Shipments to U.S. territories-HFCS42-1,000 short tons, dry weight",
High-fructose corn syrup (HFCS): Supply and use,2011,"Use-Shipments to U.S. territories-HFCS42-1,000 short tons, dry weight",
High-fructose corn syrup (HFCS): Supply and use,2012,"Use-Shipments to U.S. territories-HFCS42-1,000 short tons, dry weight",
High-fructose corn syrup (HFCS): Supply and use,2013,"Use-Shipments to U.S. territories-HFCS42-1,000 short tons, dry weight",
High-fructose corn syrup (HFCS): Supply and use,2014,"Use-Shipments to U.S. territories-HFCS42-1,000 short tons, dry weight",
High-fructose corn syrup (HFCS): Supply and use,2015,"Use-Shipments to U.S. territories-HFCS42-1,000 short tons, dry weight",
High-fructose corn syrup (HFCS): Supply and use,2016,"Use-Shipments to U.S. territories-HFCS42-1,000 short tons, dry weight",
High-fructose corn syrup (HFCS): Supply and use,2017,"Use-Shipments to U.S. territories-HFCS42-1,000 short tons, dry weight",
High-fructose corn syrup (HFCS): Supply and use,2018,"Use-Shipments to U.S. territories-HFCS42-1,000 short tons, dry weight",
High-fructose corn syrup (HFCS): Supply and use,2019,"Use-Shipments to U.S. territories-HFCS42-1,000 short tons, dry weight",
High-fructose corn syrup (HFCS): Supply and use,2020,"Use-Shipments to U.S. territories-HFCS42-1,000 short tons, dry weight",
High-fructose corn syrup (HFCS): Supply and use,2021,"Use-Shipments to U.S. territories-HFCS42-1,000 short tons, dry weight",
High-fructose corn syrup (HFCS): Supply and use,2022,"Use-Shipments to U.S. territories-HFCS42-1,000 short tons, dry weight",
High-fructose corn syrup (HFCS): Supply and use,2023,"Use-Shipments to U.S. territories-HFCS42-1,000 short tons, dry weight",
High-fructose corn syrup (HFCS): Supply and use,1967,"Use-Shipments to U.S. territories-HFCS55-1,000 short tons, dry weight",
High-fructose corn syrup (HFCS): Supply and use,1968,"Use-Shipments to U.S. territories-HFCS55-1,000 short tons, dry weight",
High-fructose corn syrup (HFCS): Supply and use,1969,"Use-Shipments to U.S. territories-HFCS55-1,000 short tons, dry weight",
High-fructose corn syrup (HFCS): Supply and use,1970,"Use-Shipments to U.S. territories-HFCS55-1,000 short tons, dry weight",
High-fructose corn syrup (HFCS): Supply and use,1971,"Use-Shipments to U.S. territories-HFCS55-1,000 short tons, dry weight",
High-fructose corn syrup (HFCS): Supply and use,1972,"Use-Shipments to U.S. territories-HFCS55-1,000 short tons, dry weight",
High-fructose corn syrup (HFCS): Supply and use,1973,"Use-Shipments to U.S. territories-HFCS55-1,000 short tons, dry weight",
High-fructose corn syrup (HFCS): Supply and use,1974,"Use-Shipments to U.S. territories-HFCS55-1,000 short tons, dry weight",
High-fructose corn syrup (HFCS): Supply and use,1975,"Use-Shipments to U.S. territories-HFCS55-1,000 short tons, dry weight",
High-fructose corn syrup (HFCS): Supply and use,1976,"Use-Shipments to U.S. territories-HFCS55-1,000 short tons, dry weight",
High-fructose corn syrup (HFCS): Supply and use,1977,"Use-Shipments to U.S. territories-HFCS55-1,000 short tons, dry weight",
High-fructose corn syrup (HFCS): Supply and use,1978,"Use-Shipments to U.S. territories-HFCS55-1,000 short tons, dry weight",
High-fructose corn syrup (HFCS): Supply and use,1979,"Use-Shipments to U.S. territories-HFCS55-1,000 short tons, dry weight",
High-fructose corn syrup (HFCS): Supply and use,1980,"Use-Shipments to U.S. territories-HFCS55-1,000 short tons, dry weight",
High-fructose corn syrup (HFCS): Supply and use,1981,"Use-Shipments to U.S. territories-HFCS55-1,000 short tons, dry weight",
High-fructose corn syrup (HFCS): Supply and use,1982,"Use-Shipments to U.S. territories-HFCS55-1,000 short tons, dry weight",0.416
High-fructose corn syrup (HFCS): Supply and use,1983,"Use-Shipments to U.S. territories-HFCS55-1,000 short tons, dry weight",1.946
High-fructose corn syrup (HFCS): Supply and use,1984,"Use-Shipments to U.S. territories-HFCS55-1,000 short tons, dry weight",4.644
High-fructose corn syrup (HFCS): Supply and use,1985,"Use-Shipments to U.S. territories-HFCS55-1,000 short tons, dry weight",8.541
High-fructose corn syrup (HFCS): Supply and use,1986,"Use-Shipments to U.S. territories-HFCS55-1,000 short tons, dry weight",9.429
High-fructose corn syrup (HFCS): Supply and use,1987,"Use-Shipments to U.S. territories-HFCS55-1,000 short tons, dry weight",15.889
High-fructose corn syrup (HFCS): Supply and use,1988,"Use-Shipments to U.S. territories-HFCS55-1,000 short tons, dry weight",19.009
High-fructose corn syrup (HFCS): Supply and use,1989,"Use-Shipments to U.S. territories-HFCS55-1,000 short tons, dry weight",31.082
High-fructose corn syrup (HFCS): Supply and use,1990,"Use-Shipments to U.S. territories-HFCS55-1,000 short tons, dry weight",28.247
High-fructose corn syrup (HFCS): Supply and use,1991,"Use-Shipments to U.S. territories-HFCS55-1,000 short tons, dry weight",29.769
High-fructose corn syrup (HFCS): Supply and use,1992,"Use-Shipments to U.S. territories-HFCS55-1,000 short tons, dry weight",24.731
High-fructose corn syrup (HFCS): Supply and use,1993,"Use-Shipments to U.S. territories-HFCS55-1,000 short tons, dry weight",23.404
High-fructose corn syrup (HFCS): Supply and use,1994,"Use-Shipments to U.S. territories-HFCS55-1,000 short tons, dry weight",
High-fructose corn syrup (HFCS): Supply and use,1995,"Use-Shipments to U.S. territories-HFCS55-1,000 short tons, dry weight",
High-fructose corn syrup (HFCS): Supply and use,1996,"Use-Shipments to U.S. territories-HFCS55-1,000 short tons, dry weight",
High-fructose corn syrup (HFCS): Supply and use,1997,"Use-Shipments to U.S. territories-HFCS55-1,000 short tons, dry weight",
High-fructose corn syrup (HFCS): Supply and use,1998,"Use-Shipments to U.S. territories-HFCS55-1,000 short tons, dry weight",
High-fructose corn syrup (HFCS): Supply and use,1999,"Use-Shipments to U.S. territories-HFCS55-1,000 short tons, dry weight",
High-fructose corn syrup (HFCS): Supply and use,2000,"Use-Shipments to U.S. territories-HFCS55-1,000 short tons, dry weight",
High-fructose corn syrup (HFCS): Supply and use,2001,"Use-Shipments to U.S. territories-HFCS55-1,000 short tons, dry weight",
High-fructose corn syrup (HFCS): Supply and use,2002,"Use-Shipments to U.S. territories-HFCS55-1,000 short tons, dry weight",
High-fructose corn syrup (HFCS): Supply and use,2003,"Use-Shipments to U.S. territories-HFCS55-1,000 short tons, dry weight",
High-fructose corn syrup (HFCS): Supply and use,2004,"Use-Shipments to U.S. territories-HFCS55-1,000 short tons, dry weight",
High-fructose corn syrup (HFCS): Supply and use,2005,"Use-Shipments to U.S. territories-HFCS55-1,000 short tons, dry weight",
High-fructose corn syrup (HFCS): Supply and use,2006,"Use-Shipments to U.S. territories-HFCS55-1,000 short tons, dry weight",
High-fructose corn syrup (HFCS): Supply and use,2007,"Use-Shipments to U.S. territories-HFCS55-1,000 short tons, dry weight",
High-fructose corn syrup (HFCS): Supply and use,2008,"Use-Shipments to U.S. territories-HFCS55-1,000 short tons, dry weight",
High-fructose corn syrup (HFCS): Supply and use,2009,"Use-Shipments to U.S. territories-HFCS55-1,000 short tons, dry weight",
High-fructose corn syrup (HFCS): Supply and use,2010,"Use-Shipments to U.S. territories-HFCS55-1,000 short tons, dry weight",
High-fructose corn syrup (HFCS): Supply and use,2011,"Use-Shipments to U.S. territories-HFCS55-1,000 short tons, dry weight",
High-fructose corn syrup (HFCS): Supply and use,2012,"Use-Shipments to U.S. territories-HFCS55-1,000 short tons, dry weight",
High-fructose corn syrup (HFCS): Supply and use,2013,"Use-Shipments to U.S. territories-HFCS55-1,000 short tons, dry weight",
High-fructose corn syrup (HFCS): Supply and use,2014,"Use-Shipments to U.S. territories-HFCS55-1,000 short tons, dry weight",
High-fructose corn syrup (HFCS): Supply and use,2015,"Use-Shipments to U.S. territories-HFCS55-1,000 short tons, dry weight",
High-fructose corn syrup (HFCS): Supply and use,2016,"Use-Shipments to U.S. territories-HFCS55-1,000 short tons, dry weight",
High-fructose corn syrup (HFCS): Supply and use,2017,"Use-Shipments to U.S. territories-HFCS55-1,000 short tons, dry weight",
High-fructose corn syrup (HFCS): Supply and use,2018,"Use-Shipments to U.S. territories-HFCS55-1,000 short tons, dry weight",
High-fructose corn syrup (HFCS): Supply and use,2019,"Use-Shipments to U.S. territories-HFCS55-1,000 short tons, dry weight",
High-fructose corn syrup (HFCS): Supply and use,2020,"Use-Shipments to U.S. territories-HFCS55-1,000 short tons, dry weight",
High-fructose corn syrup (HFCS): Supply and use,2021,"Use-Shipments to U.S. territories-HFCS55-1,000 short tons, dry weight",
High-fructose corn syrup (HFCS): Supply and use,2022,"Use-Shipments to U.S. territories-HFCS55-1,000 short tons, dry weight",
High-fructose corn syrup (HFCS): Supply and use,2023,"Use-Shipments to U.S. territories-HFCS55-1,000 short tons, dry weight",
High-fructose corn syrup (HFCS): Supply and use,1967,"Use-Shipments to U.S. territories-Total-1,000 short tons, dry weight",
High-fructose corn syrup (HFCS): Supply and use,1968,"Use-Shipments to U.S. territories-Total-1,000 short tons, dry weight",
High-fructose corn syrup (HFCS): Supply and use,1969,"Use-Shipments to U.S. territories-Total-1,000 short tons, dry weight",
High-fructose corn syrup (HFCS): Supply and use,1970,"Use-Shipments to U.S. territories-Total-1,000 short tons, dry weight",
High-fructose corn syrup (HFCS): Supply and use,1971,"Use-Shipments to U.S. territories-Total-1,000 short tons, dry weight",
High-fructose corn syrup (HFCS): Supply and use,1972,"Use-Shipments to U.S. territories-Total-1,000 short tons, dry weight",
High-fructose corn syrup (HFCS): Supply and use,1973,"Use-Shipments to U.S. territories-Total-1,000 short tons, dry weight",
High-fructose corn syrup (HFCS): Supply and use,1974,"Use-Shipments to U.S. territories-Total-1,000 short tons, dry weight",
High-fructose corn syrup (HFCS): Supply and use,1975,"Use-Shipments to U.S. territories-Total-1,000 short tons, dry weight",
High-fructose corn syrup (HFCS): Supply and use,1976,"Use-Shipments to U.S. territories-Total-1,000 short tons, dry weight",
High-fructose corn syrup (HFCS): Supply and use,1977,"Use-Shipments to U.S. territories-Total-1,000 short tons, dry weight",
High-fructose corn syrup (HFCS): Supply and use,1978,"Use-Shipments to U.S. territories-Total-1,000 short tons, dry weight",
High-fructose corn syrup (HFCS): Supply and use,1979,"Use-Shipments to U.S. territories-Total-1,000 short tons, dry weight",
High-fructose corn syrup (HFCS): Supply and use,1980,"Use-Shipments to U.S. territories-Total-1,000 short tons, dry weight",0.975
High-fructose corn syrup (HFCS): Supply and use,1981,"Use-Shipments to U.S. territories-Total-1,000 short tons, dry weight",1.508
High-fructose corn syrup (HFCS): Supply and use,1982,"Use-Shipments to U.S. territories-Total-1,000 short tons, dry weight",4.161
High-fructose corn syrup (HFCS): Supply and use,1983,"Use-Shipments to U.S. territories-Total-1,000 short tons, dry weight",9.729
High-fructose corn syrup (HFCS): Supply and use,1984,"Use-Shipments to U.S. territories-Total-1,000 short tons, dry weight",15.479
High-fructose corn syrup (HFCS): Supply and use,1985,"Use-Shipments to U.S. territories-Total-1,000 short tons, dry weight",18.98
High-fructose corn syrup (HFCS): Supply and use,1986,"Use-Shipments to U.S. territories-Total-1,000 short tons, dry weight",17.144
High-fructose corn syrup (HFCS): Supply and use,1987,"Use-Shipments to U.S. territories-Total-1,000 short tons, dry weight",22.698
High-fructose corn syrup (HFCS): Supply and use,1988,"Use-Shipments to U.S. territories-Total-1,000 short tons, dry weight",23.761
High-fructose corn syrup (HFCS): Supply and use,1989,"Use-Shipments to U.S. territories-Total-1,000 short tons, dry weight",35.808
High-fructose corn syrup (HFCS): Supply and use,1990,"Use-Shipments to U.S. territories-Total-1,000 short tons, dry weight",31.672
High-fructose corn syrup (HFCS): Supply and use,1991,"Use-Shipments to U.S. territories-Total-1,000 short tons, dry weight",33.02
High-fructose corn syrup (HFCS): Supply and use,1992,"Use-Shipments to U.S. territories-Total-1,000 short tons, dry weight",31.564
High-fructose corn syrup (HFCS): Supply and use,1993,"Use-Shipments to U.S. territories-Total-1,000 short tons, dry weight",42.183
High-fructose corn syrup (HFCS): Supply and use,1994,"Use-Shipments to U.S. territories-Total-1,000 short tons, dry weight",
High-fructose corn syrup (HFCS): Supply and use,1995,"Use-Shipments to U.S. territories-Total-1,000 short tons, dry weight",
High-fructose corn syrup (HFCS): Supply and use,1996,"Use-Shipments to U.S. territories-Total-1,000 short tons, dry weight",
High-fructose corn syrup (HFCS): Supply and use,1997,"Use-Shipments to U.S. territories-Total-1,000 short tons, dry weight",
High-fructose corn syrup (HFCS): Supply and use,1998,"Use-Shipments to U.S. territories-Total-1,000 short tons, dry weight",
High-fructose corn syrup (HFCS): Supply and use,1999,"Use-Shipments to U.S. territories-Total-1,000 short tons, dry weight",
High-fructose corn syrup (HFCS): Supply and use,2000,"Use-Shipments to U.S. territories-Total-1,000 short tons, dry weight",
High-fructose corn syrup (HFCS): Supply and use,2001,"Use-Shipments to U.S. territories-Total-1,000 short tons, dry weight",
High-fructose corn syrup (HFCS): Supply and use,2002,"Use-Shipments to U.S. territories-Total-1,000 short tons, dry weight",
High-fructose corn syrup (HFCS): Supply and use,2003,"Use-Shipments to U.S. territories-Total-1,000 short tons, dry weight",
High-fructose corn syrup (HFCS): Supply and use,2004,"Use-Shipments to U.S. territories-Total-1,000 short tons, dry weight",
High-fructose corn syrup (HFCS): Supply and use,2005,"Use-Shipments to U.S. territories-Total-1,000 short tons, dry weight",
High-fructose corn syrup (HFCS): Supply and use,2006,"Use-Shipments to U.S. territories-Total-1,000 short tons, dry weight",
High-fructose corn syrup (HFCS): Supply and use,2007,"Use-Shipments to U.S. territories-Total-1,000 short tons, dry weight",
High-fructose corn syrup (HFCS): Supply and use,2008,"Use-Shipments to U.S. territories-Total-1,000 short tons, dry weight",
High-fructose corn syrup (HFCS): Supply and use,2009,"Use-Shipments to U.S. territories-Total-1,000 short tons, dry weight",
High-fructose corn syrup (HFCS): Supply and use,2010,"Use-Shipments to U.S. territories-Total-1,000 short tons, dry weight",
High-fructose corn syrup (HFCS): Supply and use,2011,"Use-Shipments to U.S. territories-Total-1,000 short tons, dry weight",
High-fructose corn syrup (HFCS): Supply and use,2012,"Use-Shipments to U.S. territories-Total-1,000 short tons, dry weight",
High-fructose corn syrup (HFCS): Supply and use,2013,"Use-Shipments to U.S. territories-Total-1,000 short tons, dry weight",
High-fructose corn syrup (HFCS): Supply and use,2014,"Use-Shipments to U.S. territories-Total-1,000 short tons, dry weight",
High-fructose corn syrup (HFCS): Supply and use,2015,"Use-Shipments to U.S. territories-Total-1,000 short tons, dry weight",
High-fructose corn syrup (HFCS): Supply and use,2016,"Use-Shipments to U.S. territories-Total-1,000 short tons, dry weight",
High-fructose corn syrup (HFCS): Supply and use,2017,"Use-Shipments to U.S. territories-Total-1,000 short tons, dry weight",
High-fructose corn syrup (HFCS): Supply and use,2018,"Use-Shipments to U.S. territories-Total-1,000 short tons, dry weight",
High-fructose corn syrup (HFCS): Supply and use,2019,"Use-Shipments to U.S. territories-Total-1,000 short tons, dry weight",
High-fructose corn syrup (HFCS): Supply and use,2020,"Use-Shipments to U.S. territories-Total-1,000 short tons, dry weight",
High-fructose corn syrup (HFCS): Supply and use,2021,"Use-Shipments to U.S. territories-Total-1,000 short tons, dry weight",
High-fructose corn syrup (HFCS): Supply and use,2022,"Use-Shipments to U.S. territories-Total-1,000 short tons, dry weight",
High-fructose corn syrup (HFCS): Supply and use,2023,"Use-Shipments to U.S. territories-Total-1,000 short tons, dry weight",
High-fructose corn syrup (HFCS): Supply and use,1967,"Use-Nonfood use-HFCS42-1,000 short tons, dry weight",
High-fructose corn syrup (HFCS): Supply and use,1968,"Use-Nonfood use-HFCS42-1,000 short tons, dry weight",
High-fructose corn syrup (HFCS): Supply and use,1969,"Use-Nonfood use-HFCS42-1,000 short tons, dry weight",
High-fructose corn syrup (HFCS): Supply and use,1970,"Use-Nonfood use-HFCS42-1,000 short tons, dry weight",0.817311791
High-fructose corn syrup (HFCS): Supply and use,1971,"Use-Nonfood use-HFCS42-1,000 short tons, dry weight",1.369757812
High-fructose corn syrup (HFCS): Supply and use,1972,"Use-Nonfood use-HFCS42-1,000 short tons, dry weight",1.839964327
High-fructose corn syrup (HFCS): Supply and use,1973,"Use-Nonfood use-HFCS42-1,000 short tons, dry weight",3.506843896
High-fructose corn syrup (HFCS): Supply and use,1974,"Use-Nonfood use-HFCS42-1,000 short tons, dry weight",3.607985608
High-fructose corn syrup (HFCS): Supply and use,1975,"Use-Nonfood use-HFCS42-1,000 short tons, dry weight",4.76
High-fructose corn syrup (HFCS): Supply and use,1976,"Use-Nonfood use-HFCS42-1,000 short tons, dry weight",3.792359425
High-fructose corn syrup (HFCS): Supply and use,1977,"Use-Nonfood use-HFCS42-1,000 short tons, dry weight",4.95761298
High-fructose corn syrup (HFCS): Supply and use,1978,"Use-Nonfood use-HFCS42-1,000 short tons, dry weight",5.199094004
High-fructose corn syrup (HFCS): Supply and use,1979,"Use-Nonfood use-HFCS42-1,000 short tons, dry weight",7.467677622
High-fructose corn syrup (HFCS): Supply and use,1980,"Use-Nonfood use-HFCS42-1,000 short tons, dry weight",8.997516061
High-fructose corn syrup (HFCS): Supply and use,1981,"Use-Nonfood use-HFCS42-1,000 short tons, dry weight",23.4106305
High-fructose corn syrup (HFCS): Supply and use,1982,"Use-Nonfood use-HFCS42-1,000 short tons, dry weight",22.54629202
High-fructose corn syrup (HFCS): Supply and use,1983,"Use-Nonfood use-HFCS42-1,000 short tons, dry weight",23.482
High-fructose corn syrup (HFCS): Supply and use,1984,"Use-Nonfood use-HFCS42-1,000 short tons, dry weight",19.137
High-fructose corn syrup (HFCS): Supply and use,1985,"Use-Nonfood use-HFCS42-1,000 short tons, dry weight",15.879
High-fructose corn syrup (HFCS): Supply and use,1986,"Use-Nonfood use-HFCS42-1,000 short tons, dry weight",17.843
High-fructose corn syrup (HFCS): Supply and use,1987,"Use-Nonfood use-HFCS42-1,000 short tons, dry weight",17.794
High-fructose corn syrup (HFCS): Supply and use,1988,"Use-Nonfood use-HFCS42-1,000 short tons, dry weight",29.097
High-fructose corn syrup (HFCS): Supply and use,1989,"Use-Nonfood use-HFCS42-1,000 short tons, dry weight",26.859
High-fructose corn syrup (HFCS): Supply and use,1990,"Use-Nonfood use-HFCS42-1,000 short tons, dry weight",22.105
High-fructose corn syrup (HFCS): Supply and use,1991,"Use-Nonfood use-HFCS42-1,000 short tons, dry weight",19.85
High-fructose corn syrup (HFCS): Supply and use,1992,"Use-Nonfood use-HFCS42-1,000 short tons, dry weight",19.021
High-fructose corn syrup (HFCS): Supply and use,1993,"Use-Nonfood use-HFCS42-1,000 short tons, dry weight",20.155
High-fructose corn syrup (HFCS): Supply and use,1994,"Use-Nonfood use-HFCS42-1,000 short tons, dry weight",
High-fructose corn syrup (HFCS): Supply and use,1995,"Use-Nonfood use-HFCS42-1,000 short tons, dry weight",
High-fructose corn syrup (HFCS): Supply and use,1996,"Use-Nonfood use-HFCS42-1,000 short tons, dry weight",
High-fructose corn syrup (HFCS): Supply and use,1997,"Use-Nonfood use-HFCS42-1,000 short tons, dry weight",
High-fructose corn syrup (HFCS): Supply and use,1998,"Use-Nonfood use-HFCS42-1,000 short tons, dry weight",
High-fructose corn syrup (HFCS): Supply and use,1999,"Use-Nonfood use-HFCS42-1,000 short tons, dry weight",
High-fructose corn syrup (HFCS): Supply and use,2000,"Use-Nonfood use-HFCS42-1,000 short tons, dry weight",
High-fructose corn syrup (HFCS): Supply and use,2001,"Use-Nonfood use-HFCS42-1,000 short tons, dry weight",
High-fructose corn syrup (HFCS): Supply and use,2002,"Use-Nonfood use-HFCS42-1,000 short tons, dry weight",
High-fructose corn syrup (HFCS): Supply and use,2003,"Use-Nonfood use-HFCS42-1,000 short tons, dry weight",
High-fructose corn syrup (HFCS): Supply and use,2004,"Use-Nonfood use-HFCS42-1,000 short tons, dry weight",
High-fructose corn syrup (HFCS): Supply and use,2005,"Use-Nonfood use-HFCS42-1,000 short tons, dry weight",
High-fructose corn syrup (HFCS): Supply and use,2006,"Use-Nonfood use-HFCS42-1,000 short tons, dry weight",
High-fructose corn syrup (HFCS): Supply and use,2007,"Use-Nonfood use-HFCS42-1,000 short tons, dry weight",
High-fructose corn syrup (HFCS): Supply and use,2008,"Use-Nonfood use-HFCS42-1,000 short tons, dry weight",
High-fructose corn syrup (HFCS): Supply and use,2009,"Use-Nonfood use-HFCS42-1,000 short tons, dry weight",
High-fructose corn syrup (HFCS): Supply and use,2010,"Use-Nonfood use-HFCS42-1,000 short tons, dry weight",
High-fructose corn syrup (HFCS): Supply and use,2011,"Use-Nonfood use-HFCS42-1,000 short tons, dry weight",
High-fructose corn syrup (HFCS): Supply and use,2012,"Use-Nonfood use-HFCS42-1,000 short tons, dry weight",
High-fructose corn syrup (HFCS): Supply and use,2013,"Use-Nonfood use-HFCS42-1,000 short tons, dry weight",
High-fructose corn syrup (HFCS): Supply and use,2014,"Use-Nonfood use-HFCS42-1,000 short tons, dry weight",
High-fructose corn syrup (HFCS): Supply and use,2015,"Use-Nonfood use-HFCS42-1,000 short tons, dry weight",
High-fructose corn syrup (HFCS): Supply and use,2016,"Use-Nonfood use-HFCS42-1,000 short tons, dry weight",
High-fructose corn syrup (HFCS): Supply and use,2017,"Use-Nonfood use-HFCS42-1,000 short tons, dry weight",
High-fructose corn syrup (HFCS): Supply and use,2018,"Use-Nonfood use-HFCS42-1,000 short tons, dry weight",
High-fructose corn syrup (HFCS): Supply and use,2019,"Use-Nonfood use-HFCS42-1,000 short tons, dry weight",
High-fructose corn syrup (HFCS): Supply and use,2020,"Use-Nonfood use-HFCS42-1,000 short tons, dry weight",
High-fructose corn syrup (HFCS): Supply and use,2021,"Use-Nonfood use-HFCS42-1,000 short tons, dry weight",
High-fructose corn syrup (HFCS): Supply and use,2022,"Use-Nonfood use-HFCS42-1,000 short tons, dry weight",
High-fructose corn syrup (HFCS): Supply and use,2023,"Use-Nonfood use-HFCS42-1,000 short tons, dry weight",
High-fructose corn syrup (HFCS): Supply and use,1967,"Use-Nonfood use-HFCS55-1,000 short tons, dry weight",
High-fructose corn syrup (HFCS): Supply and use,1968,"Use-Nonfood use-HFCS55-1,000 short tons, dry weight",
High-fructose corn syrup (HFCS): Supply and use,1969,"Use-Nonfood use-HFCS55-1,000 short tons, dry weight",
High-fructose corn syrup (HFCS): Supply and use,1970,"Use-Nonfood use-HFCS55-1,000 short tons, dry weight",
High-fructose corn syrup (HFCS): Supply and use,1971,"Use-Nonfood use-HFCS55-1,000 short tons, dry weight",
High-fructose corn syrup (HFCS): Supply and use,1972,"Use-Nonfood use-HFCS55-1,000 short tons, dry weight",
High-fructose corn syrup (HFCS): Supply and use,1973,"Use-Nonfood use-HFCS55-1,000 short tons, dry weight",
High-fructose corn syrup (HFCS): Supply and use,1974,"Use-Nonfood use-HFCS55-1,000 short tons, dry weight",
High-fructose corn syrup (HFCS): Supply and use,1975,"Use-Nonfood use-HFCS55-1,000 short tons, dry weight",
High-fructose corn syrup (HFCS): Supply and use,1976,"Use-Nonfood use-HFCS55-1,000 short tons, dry weight",
High-fructose corn syrup (HFCS): Supply and use,1977,"Use-Nonfood use-HFCS55-1,000 short tons, dry weight",
High-fructose corn syrup (HFCS): Supply and use,1978,"Use-Nonfood use-HFCS55-1,000 short tons, dry weight",0.670137314
High-fructose corn syrup (HFCS): Supply and use,1979,"Use-Nonfood use-HFCS55-1,000 short tons, dry weight",2.353421716
High-fructose corn syrup (HFCS): Supply and use,1980,"Use-Nonfood use-HFCS55-1,000 short tons, dry weight",5.264185613
High-fructose corn syrup (HFCS): Supply and use,1981,"Use-Nonfood use-HFCS55-1,000 short tons, dry weight",18.34521673
High-fructose corn syrup (HFCS): Supply and use,1982,"Use-Nonfood use-HFCS55-1,000 short tons, dry weight",24.27943171
High-fructose corn syrup (HFCS): Supply and use,1983,"Use-Nonfood use-HFCS55-1,000 short tons, dry weight",29.455
High-fructose corn syrup (HFCS): Supply and use,1984,"Use-Nonfood use-HFCS55-1,000 short tons, dry weight",27.042
High-fructose corn syrup (HFCS): Supply and use,1985,"Use-Nonfood use-HFCS55-1,000 short tons, dry weight",24.786
High-fructose corn syrup (HFCS): Supply and use,1986,"Use-Nonfood use-HFCS55-1,000 short tons, dry weight",27.488
High-fructose corn syrup (HFCS): Supply and use,1987,"Use-Nonfood use-HFCS55-1,000 short tons, dry weight",36.526
High-fructose corn syrup (HFCS): Supply and use,1988,"Use-Nonfood use-HFCS55-1,000 short tons, dry weight",51.38
High-fructose corn syrup (HFCS): Supply and use,1989,"Use-Nonfood use-HFCS55-1,000 short tons, dry weight",32.387
High-fructose corn syrup (HFCS): Supply and use,1990,"Use-Nonfood use-HFCS55-1,000 short tons, dry weight",41.278
High-fructose corn syrup (HFCS): Supply and use,1991,"Use-Nonfood use-HFCS55-1,000 short tons, dry weight",41.428
High-fructose corn syrup (HFCS): Supply and use,1992,"Use-Nonfood use-HFCS55-1,000 short tons, dry weight",43.433
High-fructose corn syrup (HFCS): Supply and use,1993,"Use-Nonfood use-HFCS55-1,000 short tons, dry weight",47.524
High-fructose corn syrup (HFCS): Supply and use,1994,"Use-Nonfood use-HFCS55-1,000 short tons, dry weight",
High-fructose corn syrup (HFCS): Supply and use,1995,"Use-Nonfood use-HFCS55-1,000 short tons, dry weight",
High-fructose corn syrup (HFCS): Supply and use,1996,"Use-Nonfood use-HFCS55-1,000 short tons, dry weight",
High-fructose corn syrup (HFCS): Supply and use,1997,"Use-Nonfood use-HFCS55-1,000 short tons, dry weight",
High-fructose corn syrup (HFCS): Supply and use,1998,"Use-Nonfood use-HFCS55-1,000 short tons, dry weight",
High-fructose corn syrup (HFCS): Supply and use,1999,"Use-Nonfood use-HFCS55-1,000 short tons, dry weight",
High-fructose corn syrup (HFCS): Supply and use,2000,"Use-Nonfood use-HFCS55-1,000 short tons, dry weight",
High-fructose corn syrup (HFCS): Supply and use,2001,"Use-Nonfood use-HFCS55-1,000 short tons, dry weight",
High-fructose corn syrup (HFCS): Supply and use,2002,"Use-Nonfood use-HFCS55-1,000 short tons, dry weight",
High-fructose corn syrup (HFCS): Supply and use,2003,"Use-Nonfood use-HFCS55-1,000 short tons, dry weight",
High-fructose corn syrup (HFCS): Supply and use,2004,"Use-Nonfood use-HFCS55-1,000 short tons, dry weight",
High-fructose corn syrup (HFCS): Supply and use,2005,"Use-Nonfood use-HFCS55-1,000 short tons, dry weight",
High-fructose corn syrup (HFCS): Supply and use,2006,"Use-Nonfood use-HFCS55-1,000 short tons, dry weight",
High-fructose corn syrup (HFCS): Supply and use,2007,"Use-Nonfood use-HFCS55-1,000 short tons, dry weight",
High-fructose corn syrup (HFCS): Supply and use,2008,"Use-Nonfood use-HFCS55-1,000 short tons, dry weight",
High-fructose corn syrup (HFCS): Supply and use,2009,"Use-Nonfood use-HFCS55-1,000 short tons, dry weight",
High-fructose corn syrup (HFCS): Supply and use,2010,"Use-Nonfood use-HFCS55-1,000 short tons, dry weight",
High-fructose corn syrup (HFCS): Supply and use,2011,"Use-Nonfood use-HFCS55-1,000 short tons, dry weight",
High-fructose corn syrup (HFCS): Supply and use,2012,"Use-Nonfood use-HFCS55-1,000 short tons, dry weight",
High-fructose corn syrup (HFCS): Supply and use,2013,"Use-Nonfood use-HFCS55-1,000 short tons, dry weight",
High-fructose corn syrup (HFCS): Supply and use,2014,"Use-Nonfood use-HFCS55-1,000 short tons, dry weight",
High-fructose corn syrup (HFCS): Supply and use,2015,"Use-Nonfood use-HFCS55-1,000 short tons, dry weight",
High-fructose corn syrup (HFCS): Supply and use,2016,"Use-Nonfood use-HFCS55-1,000 short tons, dry weight",
High-fructose corn syrup (HFCS): Supply and use,2017,"Use-Nonfood use-HFCS55-1,000 short tons, dry weight",
High-fructose corn syrup (HFCS): Supply and use,2018,"Use-Nonfood use-HFCS55-1,000 short tons, dry weight",
High-fructose corn syrup (HFCS): Supply and use,2019,"Use-Nonfood use-HFCS55-1,000 short tons, dry weight",
High-fructose corn syrup (HFCS): Supply and use,2020,"Use-Nonfood use-HFCS55-1,000 short tons, dry weight",
High-fructose corn syrup (HFCS): Supply and use,2021,"Use-Nonfood use-HFCS55-1,000 short tons, dry weight",
High-fructose corn syrup (HFCS): Supply and use,2022,"Use-Nonfood use-HFCS55-1,000 short tons, dry weight",
High-fructose corn syrup (HFCS): Supply and use,2023,"Use-Nonfood use-HFCS55-1,000 short tons, dry weight",
High-fructose corn syrup (HFCS): Supply and use,1967,"Use-Nonfood use-Total-1,000 short tons, dry weight",
High-fructose corn syrup (HFCS): Supply and use,1968,"Use-Nonfood use-Total-1,000 short tons, dry weight",
High-fructose corn syrup (HFCS): Supply and use,1969,"Use-Nonfood use-Total-1,000 short tons, dry weight",
High-fructose corn syrup (HFCS): Supply and use,1970,"Use-Nonfood use-Total-1,000 short tons, dry weight",0.817311791
High-fructose corn syrup (HFCS): Supply and use,1971,"Use-Nonfood use-Total-1,000 short tons, dry weight",1.369757812
High-fructose corn syrup (HFCS): Supply and use,1972,"Use-Nonfood use-Total-1,000 short tons, dry weight",1.839964327
High-fructose corn syrup (HFCS): Supply and use,1973,"Use-Nonfood use-Total-1,000 short tons, dry weight",3.506843896
High-fructose corn syrup (HFCS): Supply and use,1974,"Use-Nonfood use-Total-1,000 short tons, dry weight",3.607985608
High-fructose corn syrup (HFCS): Supply and use,1975,"Use-Nonfood use-Total-1,000 short tons, dry weight",4.76
High-fructose corn syrup (HFCS): Supply and use,1976,"Use-Nonfood use-Total-1,000 short tons, dry weight",3.792359425
High-fructose corn syrup (HFCS): Supply and use,1977,"Use-Nonfood use-Total-1,000 short tons, dry weight",4.95761298
High-fructose corn syrup (HFCS): Supply and use,1978,"Use-Nonfood use-Total-1,000 short tons, dry weight",5.869231318
High-fructose corn syrup (HFCS): Supply and use,1979,"Use-Nonfood use-Total-1,000 short tons, dry weight",9.821099338
High-fructose corn syrup (HFCS): Supply and use,1980,"Use-Nonfood use-Total-1,000 short tons, dry weight",14.26170167
High-fructose corn syrup (HFCS): Supply and use,1981,"Use-Nonfood use-Total-1,000 short tons, dry weight",41.75584723
High-fructose corn syrup (HFCS): Supply and use,1982,"Use-Nonfood use-Total-1,000 short tons, dry weight",46.82572374
High-fructose corn syrup (HFCS): Supply and use,1983,"Use-Nonfood use-Total-1,000 short tons, dry weight",52.937
High-fructose corn syrup (HFCS): Supply and use,1984,"Use-Nonfood use-Total-1,000 short tons, dry weight",46.179
High-fructose corn syrup (HFCS): Supply and use,1985,"Use-Nonfood use-Total-1,000 short tons, dry weight",40.665
High-fructose corn syrup (HFCS): Supply and use,1986,"Use-Nonfood use-Total-1,000 short tons, dry weight",45.331
High-fructose corn syrup (HFCS): Supply and use,1987,"Use-Nonfood use-Total-1,000 short tons, dry weight",54.32
High-fructose corn syrup (HFCS): Supply and use,1988,"Use-Nonfood use-Total-1,000 short tons, dry weight",80.477
High-fructose corn syrup (HFCS): Supply and use,1989,"Use-Nonfood use-Total-1,000 short tons, dry weight",59.246
High-fructose corn syrup (HFCS): Supply and use,1990,"Use-Nonfood use-Total-1,000 short tons, dry weight",63.383
High-fructose corn syrup (HFCS): Supply and use,1991,"Use-Nonfood use-Total-1,000 short tons, dry weight",61.278
High-fructose corn syrup (HFCS): Supply and use,1992,"Use-Nonfood use-Total-1,000 short tons, dry weight",62.454
High-fructose corn syrup (HFCS): Supply and use,1993,"Use-Nonfood use-Total-1,000 short tons, dry weight",67.679
High-fructose corn syrup (HFCS): Supply and use,1994,"Use-Nonfood use-Total-1,000 short tons, dry weight",
High-fructose corn syrup (HFCS): Supply and use,1995,"Use-Nonfood use-Total-1,000 short tons, dry weight",
High-fructose corn syrup (HFCS): Supply and use,1996,"Use-Nonfood use-Total-1,000 short tons, dry weight",
High-fructose corn syrup (HFCS): Supply and use,1997,"Use-Nonfood use-Total-1,000 short tons, dry weight",
High-fructose corn syrup (HFCS): Supply and use,1998,"Use-Nonfood use-Total-1,000 short tons, dry weight",
High-fructose corn syrup (HFCS): Supply and use,1999,"Use-Nonfood use-Total-1,000 short tons, dry weight",
High-fructose corn syrup (HFCS): Supply and use,2000,"Use-Nonfood use-Total-1,000 short tons, dry weight",
High-fructose corn syrup (HFCS): Supply and use,2001,"Use-Nonfood use-Total-1,000 short tons, dry weight",
High-fructose corn syrup (HFCS): Supply and use,2002,"Use-Nonfood use-Total-1,000 short tons, dry weight",
High-fructose corn syrup (HFCS): Supply and use,2003,"Use-Nonfood use-Total-1,000 short tons, dry weight",
High-fructose corn syrup (HFCS): Supply and use,2004,"Use-Nonfood use-Total-1,000 short tons, dry weight",
High-fructose corn syrup (HFCS): Supply and use,2005,"Use-Nonfood use-Total-1,000 short tons, dry weight",
High-fructose corn syrup (HFCS): Supply and use,2006,"Use-Nonfood use-Total-1,000 short tons, dry weight",
High-fructose corn syrup (HFCS): Supply and use,2007,"Use-Nonfood use-Total-1,000 short tons, dry weight",
High-fructose corn syrup (HFCS): Supply and use,2008,"Use-Nonfood use-Total-1,000 short tons, dry weight",
High-fructose corn syrup (HFCS): Supply and use,2009,"Use-Nonfood use-Total-1,000 short tons, dry weight",
High-fructose corn syrup (HFCS): Supply and use,2010,"Use-Nonfood use-Total-1,000 short tons, dry weight",
High-fructose corn syrup (HFCS): Supply and use,2011,"Use-Nonfood use-Total-1,000 short tons, dry weight",
High-fructose corn syrup (HFCS): Supply and use,2012,"Use-Nonfood use-Total-1,000 short tons, dry weight",
High-fructose corn syrup (HFCS): Supply and use,2013,"Use-Nonfood use-Total-1,000 short tons, dry weight",
High-fructose corn syrup (HFCS): Supply and use,2014,"Use-Nonfood use-Total-1,000 short tons, dry weight",
High-fructose corn syrup (HFCS): Supply and use,2015,"Use-Nonfood use-Total-1,000 short tons, dry weight",
High-fructose corn syrup (HFCS): Supply and use,2016,"Use-Nonfood use-Total-1,000 short tons, dry weight",
High-fructose corn syrup (HFCS): Supply and use,2017,"Use-Nonfood use-Total-1,000 short tons, dry weight",
High-fructose corn syrup (HFCS): Supply and use,2018,"Use-Nonfood use-Total-1,000 short tons, dry weight",
High-fructose corn syrup (HFCS): Supply and use,2019,"Use-Nonfood use-Total-1,000 short tons, dry weight",
High-fructose corn syrup (HFCS): Supply and use,2020,"Use-Nonfood use-Total-1,000 short tons, dry weight",
High-fructose corn syrup (HFCS): Supply and use,2021,"Use-Nonfood use-Total-1,000 short tons, dry weight",
High-fructose corn syrup (HFCS): Supply and use,2022,"Use-Nonfood use-Total-1,000 short tons, dry weight",
High-fructose corn syrup (HFCS): Supply and use,2023,"Use-Nonfood use-Total-1,000 short tons, dry weight",
High-fructose corn syrup (HFCS): Supply and use,1967,"Food availability-Total-HFCS42-1,000 short tons, dry weight",3
High-fructose corn syrup (HFCS): Supply and use,1968,"Food availability-Total-HFCS42-1,000 short tons, dry weight",15
High-fructose corn syrup (HFCS): Supply and use,1969,"Food availability-Total-HFCS42-1,000 short tons, dry weight",33
High-fructose corn syrup (HFCS): Supply and use,1970,"Food availability-Total-HFCS42-1,000 short tons, dry weight",56.18268821
High-fructose corn syrup (HFCS): Supply and use,1971,"Food availability-Total-HFCS42-1,000 short tons, dry weight",85.63024219
High-fructose corn syrup (HFCS): Supply and use,1972,"Food availability-Total-HFCS42-1,000 short tons, dry weight",121.1600357
High-fructose corn syrup (HFCS): Supply and use,1973,"Food availability-Total-HFCS42-1,000 short tons, dry weight",218.4931561
High-fructose corn syrup (HFCS): Supply and use,1974,"Food availability-Total-HFCS42-1,000 short tons, dry weight",295.3920144
High-fructose corn syrup (HFCS): Supply and use,1975,"Food availability-Total-HFCS42-1,000 short tons, dry weight",526.885
High-fructose corn syrup (HFCS): Supply and use,1976,"Food availability-Total-HFCS42-1,000 short tons, dry weight",782.2076406
High-fructose corn syrup (HFCS): Supply and use,1977,"Food availability-Total-HFCS42-1,000 short tons, dry weight",1041.897387
High-fructose corn syrup (HFCS): Supply and use,1978,"Food availability-Total-HFCS42-1,000 short tons, dry weight",1099.004906
High-fructose corn syrup (HFCS): Supply and use,1979,"Food availability-Total-HFCS42-1,000 short tons, dry weight",1362.156322
High-fructose corn syrup (HFCS): Supply and use,1980,"Food availability-Total-HFCS42-1,000 short tons, dry weight",1537.618484
High-fructose corn syrup (HFCS): Supply and use,1981,"Food availability-Total-HFCS42-1,000 short tons, dry weight",1591.275369
High-fructose corn syrup (HFCS): Supply and use,1982,"Food availability-Total-HFCS42-1,000 short tons, dry weight",1604.152708
High-fructose corn syrup (HFCS): Supply and use,1983,"Food availability-Total-HFCS42-1,000 short tons, dry weight",1663.288
High-fructose corn syrup (HFCS): Supply and use,1984,"Food availability-Total-HFCS42-1,000 short tons, dry weight",1730.024
High-fructose corn syrup (HFCS): Supply and use,1985,"Food availability-Total-HFCS42-1,000 short tons, dry weight",1847.35
High-fructose corn syrup (HFCS): Supply and use,1986,"Food availability-Total-HFCS42-1,000 short tons, dry weight",1869.79
High-fructose corn syrup (HFCS): Supply and use,1987,"Food availability-Total-HFCS42-1,000 short tons, dry weight",2044.917
High-fructose corn syrup (HFCS): Supply and use,1988,"Food availability-Total-HFCS42-1,000 short tons, dry weight",2333.065
High-fructose corn syrup (HFCS): Supply and use,1989,"Food availability-Total-HFCS42-1,000 short tons, dry weight",2350.49
High-fructose corn syrup (HFCS): Supply and use,1990,"Food availability-Total-HFCS42-1,000 short tons, dry weight",2541.992
High-fructose corn syrup (HFCS): Supply and use,1991,"Food availability-Total-HFCS42-1,000 short tons, dry weight",2702.305
High-fructose corn syrup (HFCS): Supply and use,1992,"Food availability-Total-HFCS42-1,000 short tons, dry weight",2796.479548
High-fructose corn syrup (HFCS): Supply and use,1993,"Food availability-Total-HFCS42-1,000 short tons, dry weight",2879.158576
High-fructose corn syrup (HFCS): Supply and use,1994,"Food availability-Total-HFCS42-1,000 short tons, dry weight",
High-fructose corn syrup (HFCS): Supply and use,1995,"Food availability-Total-HFCS42-1,000 short tons, dry weight",
High-fructose corn syrup (HFCS): Supply and use,1996,"Food availability-Total-HFCS42-1,000 short tons, dry weight",
High-fructose corn syrup (HFCS): Supply and use,1997,"Food availability-Total-HFCS42-1,000 short tons, dry weight",
High-fructose corn syrup (HFCS): Supply and use,1998,"Food availability-Total-HFCS42-1,000 short tons, dry weight",
High-fructose corn syrup (HFCS): Supply and use,1999,"Food availability-Total-HFCS42-1,000 short tons, dry weight",
High-fructose corn syrup (HFCS): Supply and use,2000,"Food availability-Total-HFCS42-1,000 short tons, dry weight",
High-fructose corn syrup (HFCS): Supply and use,2001,"Food availability-Total-HFCS42-1,000 short tons, dry weight",
High-fructose corn syrup (HFCS): Supply and use,2002,"Food availability-Total-HFCS42-1,000 short tons, dry weight",
High-fructose corn syrup (HFCS): Supply and use,2003,"Food availability-Total-HFCS42-1,000 short tons, dry weight",
High-fructose corn syrup (HFCS): Supply and use,2004,"Food availability-Total-HFCS42-1,000 short tons, dry weight",
High-fructose corn syrup (HFCS): Supply and use,2005,"Food availability-Total-HFCS42-1,000 short tons, dry weight",
High-fructose corn syrup (HFCS): Supply and use,2006,"Food availability-Total-HFCS42-1,000 short tons, dry weight",
High-fructose corn syrup (HFCS): Supply and use,2007,"Food availability-Total-HFCS42-1,000 short tons, dry weight",
High-fructose corn syrup (HFCS): Supply and use,2008,"Food availability-Total-HFCS42-1,000 short tons, dry weight",
High-fructose corn syrup (HFCS): Supply and use,2009,"Food availability-Total-HFCS42-1,000 short tons, dry weight",
High-fructose corn syrup (HFCS): Supply and use,2010,"Food availability-Total-HFCS42-1,000 short tons, dry weight",
High-fructose corn syrup (HFCS): Supply and use,2011,"Food availability-Total-HFCS42-1,000 short tons, dry weight",
High-fructose corn syrup (HFCS): Supply and use,2012,"Food availability-Total-HFCS42-1,000 short tons, dry weight",
High-fructose corn syrup (HFCS): Supply and use,2013,"Food availability-Total-HFCS42-1,000 short tons, dry weight",
High-fructose corn syrup (HFCS): Supply and use,2014,"Food availability-Total-HFCS42-1,000 short tons, dry weight",
High-fructose corn syrup (HFCS): Supply and use,2015,"Food availability-Total-HFCS42-1,000 short tons, dry weight",
High-fructose corn syrup (HFCS): Supply and use,2016,"Food availability-Total-HFCS42-1,000 short tons, dry weight",
High-fructose corn syrup (HFCS): Supply and use,2017,"Food availability-Total-HFCS42-1,000 short tons, dry weight",
High-fructose corn syrup (HFCS): Supply and use,2018,"Food availability-Total-HFCS42-1,000 short tons, dry weight",
High-fructose corn syrup (HFCS): Supply and use,2019,"Food availability-Total-HFCS42-1,000 short tons, dry weight",
High-fructose corn syrup (HFCS): Supply and use,2020,"Food availability-Total-HFCS42-1,000 short tons, dry weight",
High-fructose corn syrup (HFCS): Supply and use,2021,"Food availability-Total-HFCS42-1,000 short tons, dry weight",
High-fructose corn syrup (HFCS): Supply and use,2022,"Food availability-Total-HFCS42-1,000 short tons, dry weight",
High-fructose corn syrup (HFCS): Supply and use,2023,"Food availability-Total-HFCS42-1,000 short tons, dry weight",
High-fructose corn syrup (HFCS): Supply and use,1967,"Food availability-Total-HFCS55-1,000 short tons, dry weight",
High-fructose corn syrup (HFCS): Supply and use,1968,"Food availability-Total-HFCS55-1,000 short tons, dry weight",
High-fructose corn syrup (HFCS): Supply and use,1969,"Food availability-Total-HFCS55-1,000 short tons, dry weight",
High-fructose corn syrup (HFCS): Supply and use,1970,"Food availability-Total-HFCS55-1,000 short tons, dry weight",
High-fructose corn syrup (HFCS): Supply and use,1971,"Food availability-Total-HFCS55-1,000 short tons, dry weight",
High-fructose corn syrup (HFCS): Supply and use,1972,"Food availability-Total-HFCS55-1,000 short tons, dry weight",
High-fructose corn syrup (HFCS): Supply and use,1973,"Food availability-Total-HFCS55-1,000 short tons, dry weight",
High-fructose corn syrup (HFCS): Supply and use,1974,"Food availability-Total-HFCS55-1,000 short tons, dry weight",
High-fructose corn syrup (HFCS): Supply and use,1975,"Food availability-Total-HFCS55-1,000 short tons, dry weight",
High-fructose corn syrup (HFCS): Supply and use,1976,"Food availability-Total-HFCS55-1,000 short tons, dry weight",
High-fructose corn syrup (HFCS): Supply and use,1977,"Food availability-Total-HFCS55-1,000 short tons, dry weight",15
High-fructose corn syrup (HFCS): Supply and use,1978,"Food availability-Total-HFCS55-1,000 short tons, dry weight",99.32986269
High-fructose corn syrup (HFCS): Supply and use,1979,"Food availability-Total-HFCS55-1,000 short tons, dry weight",297.6465783
High-fructose corn syrup (HFCS): Supply and use,1980,"Food availability-Total-HFCS55-1,000 short tons, dry weight",620.7358144
High-fructose corn syrup (HFCS): Supply and use,1981,"Food availability-Total-HFCS55-1,000 short tons, dry weight",1034.254783
High-fructose corn syrup (HFCS): Supply and use,1982,"Food availability-Total-HFCS55-1,000 short tons, dry weight",1485.888568
High-fructose corn syrup (HFCS): Supply and use,1983,"Food availability-Total-HFCS55-1,000 short tons, dry weight",1992.074
High-fructose corn syrup (HFCS): Supply and use,1984,"Food availability-Total-HFCS55-1,000 short tons, dry weight",2669.153
High-fructose corn syrup (HFCS): Supply and use,1985,"Food availability-Total-HFCS55-1,000 short tons, dry weight",3538.531
High-fructose corn syrup (HFCS): Supply and use,1986,"Food availability-Total-HFCS55-1,000 short tons, dry weight",3628.342
High-fructose corn syrup (HFCS): Supply and use,1987,"Food availability-Total-HFCS55-1,000 short tons, dry weight",3747.066
High-fructose corn syrup (HFCS): Supply and use,1988,"Food availability-Total-HFCS55-1,000 short tons, dry weight",3665.328
High-fructose corn syrup (HFCS): Supply and use,1989,"Food availability-Total-HFCS55-1,000 short tons, dry weight",3609.978
High-fructose corn syrup (HFCS): Supply and use,1990,"Food availability-Total-HFCS55-1,000 short tons, dry weight",3660.458
High-fructose corn syrup (HFCS): Supply and use,1991,"Food availability-Total-HFCS55-1,000 short tons, dry weight",3673.736
High-fructose corn syrup (HFCS): Supply and use,1992,"Food availability-Total-HFCS55-1,000 short tons, dry weight",3781.850342
High-fructose corn syrup (HFCS): Supply and use,1993,"Food availability-Total-HFCS55-1,000 short tons, dry weight",4105.744743
High-fructose corn syrup (HFCS): Supply and use,1994,"Food availability-Total-HFCS55-1,000 short tons, dry weight",
High-fructose corn syrup (HFCS): Supply and use,1995,"Food availability-Total-HFCS55-1,000 short tons, dry weight",
High-fructose corn syrup (HFCS): Supply and use,1996,"Food availability-Total-HFCS55-1,000 short tons, dry weight",
High-fructose corn syrup (HFCS): Supply and use,1997,"Food availability-Total-HFCS55-1,000 short tons, dry weight",
High-fructose corn syrup (HFCS): Supply and use,1998,"Food availability-Total-HFCS55-1,000 short tons, dry weight",
High-fructose corn syrup (HFCS): Supply and use,1999,"Food availability-Total-HFCS55-1,000 short tons, dry weight",
High-fructose corn syrup (HFCS): Supply and use,2000,"Food availability-Total-HFCS55-1,000 short tons, dry weight",
High-fructose corn syrup (HFCS): Supply and use,2001,"Food availability-Total-HFCS55-1,000 short tons, dry weight",
High-fructose corn syrup (HFCS): Supply and use,2002,"Food availability-Total-HFCS55-1,000 short tons, dry weight",
High-fructose corn syrup (HFCS): Supply and use,2003,"Food availability-Total-HFCS55-1,000 short tons, dry weight",
High-fructose corn syrup (HFCS): Supply and use,2004,"Food availability-Total-HFCS55-1,000 short tons, dry weight",
High-fructose corn syrup (HFCS): Supply and use,2005,"Food availability-Total-HFCS55-1,000 short tons, dry weight",
High-fructose corn syrup (HFCS): Supply and use,2006,"Food availability-Total-HFCS55-1,000 short tons, dry weight",
High-fructose corn syrup (HFCS): Supply and use,2007,"Food availability-Total-HFCS55-1,000 short tons, dry weight",
High-fructose corn syrup (HFCS): Supply and use,2008,"Food availability-Total-HFCS55-1,000 short tons, dry weight",
High-fructose corn syrup (HFCS): Supply and use,2009,"Food availability-Total-HFCS55-1,000 short tons, dry weight",
High-fructose corn syrup (HFCS): Supply and use,2010,"Food availability-Total-HFCS55-1,000 short tons, dry weight",
High-fructose corn syrup (HFCS): Supply and use,2011,"Food availability-Total-HFCS55-1,000 short tons, dry weight",
High-fructose corn syrup (HFCS): Supply and use,2012,"Food availability-Total-HFCS55-1,000 short tons, dry weight",
High-fructose corn syrup (HFCS): Supply and use,2013,"Food availability-Total-HFCS55-1,000 short tons, dry weight",
High-fructose corn syrup (HFCS): Supply and use,2014,"Food availability-Total-HFCS55-1,000 short tons, dry weight",
High-fructose corn syrup (HFCS): Supply and use,2015,"Food availability-Total-HFCS55-1,000 short tons, dry weight",
High-fructose corn syrup (HFCS): Supply and use,2016,"Food availability-Total-HFCS55-1,000 short tons, dry weight",
High-fructose corn syrup (HFCS): Supply and use,2017,"Food availability-Total-HFCS55-1,000 short tons, dry weight",
High-fructose corn syrup (HFCS): Supply and use,2018,"Food availability-Total-HFCS55-1,000 short tons, dry weight",
High-fructose corn syrup (HFCS): Supply and use,2019,"Food availability-Total-HFCS55-1,000 short tons, dry weight",
High-fructose corn syrup (HFCS): Supply and use,2020,"Food availability-Total-HFCS55-1,000 short tons, dry weight",
High-fructose corn syrup (HFCS): Supply and use,2021,"Food availability-Total-HFCS55-1,000 short tons, dry weight",
High-fructose corn syrup (HFCS): Supply and use,2022,"Food availability-Total-HFCS55-1,000 short tons, dry weight",
High-fructose corn syrup (HFCS): Supply and use,2023,"Food availability-Total-HFCS55-1,000 short tons, dry weight",
High-fructose corn syrup (HFCS): Supply and use,1967,"Food availability-Total-Total-1,000 short tons, dry weight",3
High-fructose corn syrup (HFCS): Supply and use,1968,"Food availability-Total-Total-1,000 short tons, dry weight",15
High-fructose corn syrup (HFCS): Supply and use,1969,"Food availability-Total-Total-1,000 short tons, dry weight",33
High-fructose corn syrup (HFCS): Supply and use,1970,"Food availability-Total-Total-1,000 short tons, dry weight",56.18268821
High-fructose corn syrup (HFCS): Supply and use,1971,"Food availability-Total-Total-1,000 short tons, dry weight",85.63024219
High-fructose corn syrup (HFCS): Supply and use,1972,"Food availability-Total-Total-1,000 short tons, dry weight",121.1600357
High-fructose corn syrup (HFCS): Supply and use,1973,"Food availability-Total-Total-1,000 short tons, dry weight",218.4931561
High-fructose corn syrup (HFCS): Supply and use,1974,"Food availability-Total-Total-1,000 short tons, dry weight",295.3920144
High-fructose corn syrup (HFCS): Supply and use,1975,"Food availability-Total-Total-1,000 short tons, dry weight",526.885
High-fructose corn syrup (HFCS): Supply and use,1976,"Food availability-Total-Total-1,000 short tons, dry weight",782.2076406
High-fructose corn syrup (HFCS): Supply and use,1977,"Food availability-Total-Total-1,000 short tons, dry weight",1056.897387
High-fructose corn syrup (HFCS): Supply and use,1978,"Food availability-Total-Total-1,000 short tons, dry weight",1198.334769
High-fructose corn syrup (HFCS): Supply and use,1979,"Food availability-Total-Total-1,000 short tons, dry weight",1659.802901
High-fructose corn syrup (HFCS): Supply and use,1980,"Food availability-Total-Total-1,000 short tons, dry weight",2158.354298
High-fructose corn syrup (HFCS): Supply and use,1981,"Food availability-Total-Total-1,000 short tons, dry weight",2625.530153
High-fructose corn syrup (HFCS): Supply and use,1982,"Food availability-Total-Total-1,000 short tons, dry weight",3090.041276
High-fructose corn syrup (HFCS): Supply and use,1983,"Food availability-Total-Total-1,000 short tons, dry weight",3655.362
High-fructose corn syrup (HFCS): Supply and use,1984,"Food availability-Total-Total-1,000 short tons, dry weight",4399.177
High-fructose corn syrup (HFCS): Supply and use,1985,"Food availability-Total-Total-1,000 short tons, dry weight",5385.881
High-fructose corn syrup (HFCS): Supply and use,1986,"Food availability-Total-Total-1,000 short tons, dry weight",5498.132
High-fructose corn syrup (HFCS): Supply and use,1987,"Food availability-Total-Total-1,000 short tons, dry weight",5791.983
High-fructose corn syrup (HFCS): Supply and use,1988,"Food availability-Total-Total-1,000 short tons, dry weight",5998.393
High-fructose corn syrup (HFCS): Supply and use,1989,"Food availability-Total-Total-1,000 short tons, dry weight",5960.468
High-fructose corn syrup (HFCS): Supply and use,1990,"Food availability-Total-Total-1,000 short tons, dry weight",6202.45
High-fructose corn syrup (HFCS): Supply and use,1991,"Food availability-Total-Total-1,000 short tons, dry weight",6376.041
High-fructose corn syrup (HFCS): Supply and use,1992,"Food availability-Total-Total-1,000 short tons, dry weight",6578.32989
High-fructose corn syrup (HFCS): Supply and use,1993,"Food availability-Total-Total-1,000 short tons, dry weight",6984.903319
High-fructose corn syrup (HFCS): Supply and use,1994,"Food availability-Total-Total-1,000 short tons, dry weight",7415.404633
High-fructose corn syrup (HFCS): Supply and use,1995,"Food availability-Total-Total-1,000 short tons, dry weight",7781.309847
High-fructose corn syrup (HFCS): Supply and use,1996,"Food availability-Total-Total-1,000 short tons, dry weight",8049.968919
High-fructose corn syrup (HFCS): Supply and use,1997,"Food availability-Total-Total-1,000 short tons, dry weight",8554.778267
High-fructose corn syrup (HFCS): Supply and use,1998,"Food availability-Total-Total-1,000 short tons, dry weight",8884.840781
High-fructose corn syrup (HFCS): Supply and use,1999,"Food availability-Total-Total-1,000 short tons, dry weight",9196.8765
High-fructose corn syrup (HFCS): Supply and use,2000,"Food availability-Total-Total-1,000 short tons, dry weight",9090.58558
High-fructose corn syrup (HFCS): Supply and use,2001,"Food availability-Total-Total-1,000 short tons, dry weight",9098.147531
High-fructose corn syrup (HFCS): Supply and use,2002,"Food availability-Total-Total-1,000 short tons, dry weight",9245.641957
High-fructose corn syrup (HFCS): Supply and use,2003,"Food availability-Total-Total-1,000 short tons, dry weight",9078.258744
High-fructose corn syrup (HFCS): Supply and use,2004,"Food availability-Total-Total-1,000 short tons, dry weight",9017.294787
High-fructose corn syrup (HFCS): Supply and use,2005,"Food availability-Total-Total-1,000 short tons, dry weight",9008.238511
High-fructose corn syrup (HFCS): Supply and use,2006,"Food availability-Total-Total-1,000 short tons, dry weight",8984.341885
High-fructose corn syrup (HFCS): Supply and use,2007,"Food availability-Total-Total-1,000 short tons, dry weight",8717.146568
High-fructose corn syrup (HFCS): Supply and use,2008,"Food availability-Total-Total-1,000 short tons, dry weight",8300.800644
High-fructose corn syrup (HFCS): Supply and use,2009,"Food availability-Total-Total-1,000 short tons, dry weight",7957.243956
High-fructose corn syrup (HFCS): Supply and use,2010,"Food availability-Total-Total-1,000 short tons, dry weight",7830.580358
High-fructose corn syrup (HFCS): Supply and use,2011,"Food availability-Total-Total-1,000 short tons, dry weight",7578.377109
High-fructose corn syrup (HFCS): Supply and use,2012,"Food availability-Total-Total-1,000 short tons, dry weight",7494.060883
High-fructose corn syrup (HFCS): Supply and use,2013,"Food availability-Total-Total-1,000 short tons, dry weight",7243.167875
High-fructose corn syrup (HFCS): Supply and use,2014,"Food availability-Total-Total-1,000 short tons, dry weight",7331.859559
High-fructose corn syrup (HFCS): Supply and use,2015,"Food availability-Total-Total-1,000 short tons, dry weight",7183.471674
High-fructose corn syrup (HFCS): Supply and use,2016,"Food availability-Total-Total-1,000 short tons, dry weight",7035.911222
High-fructose corn syrup (HFCS): Supply and use,2017,"Food availability-Total-Total-1,000 short tons, dry weight",6883.194999
High-fructose corn syrup (HFCS): Supply and use,2018,"Food availability-Total-Total-1,000 short tons, dry weight",6701.759685
High-fructose corn syrup (HFCS): Supply and use,2019,"Food availability-Total-Total-1,000 short tons, dry weight",6578.451846
High-fructose corn syrup (HFCS): Supply and use,2020,"Food availability-Total-Total-1,000 short tons, dry weight",6637.383511
High-fructose corn syrup (HFCS): Supply and use,2021,"Food availability-Total-Total-1,000 short tons, dry weight",6565.710895
High-fructose corn syrup (HFCS): Supply and use,2022,"Food availability-Total-Total-1,000 short tons, dry weight",6554.396141
High-fructose corn syrup (HFCS): Supply and use,2023,"Food availability-Total-Total-1,000 short tons, dry weight",6327.591034
High-fructose corn syrup (HFCS): Supply and use,1967,"Food availability-Total-HFCS42-Million pounds, dry weight",6
High-fructose corn syrup (HFCS): Supply and use,1968,"Food availability-Total-HFCS42-Million pounds, dry weight",30
High-fructose corn syrup (HFCS): Supply and use,1969,"Food availability-Total-HFCS42-Million pounds, dry weight",66
High-fructose corn syrup (HFCS): Supply and use,1970,"Food availability-Total-HFCS42-Million pounds, dry weight",112.3653764
High-fructose corn syrup (HFCS): Supply and use,1971,"Food availability-Total-HFCS42-Million pounds, dry weight",171.2604844
High-fructose corn syrup (HFCS): Supply and use,1972,"Food availability-Total-HFCS42-Million pounds, dry weight",242.3200713
High-fructose corn syrup (HFCS): Supply and use,1973,"Food availability-Total-HFCS42-Million pounds, dry weight",436.9863122
High-fructose corn syrup (HFCS): Supply and use,1974,"Food availability-Total-HFCS42-Million pounds, dry weight",590.7840288
High-fructose corn syrup (HFCS): Supply and use,1975,"Food availability-Total-HFCS42-Million pounds, dry weight",1053.77
High-fructose corn syrup (HFCS): Supply and use,1976,"Food availability-Total-HFCS42-Million pounds, dry weight",1564.415281
High-fructose corn syrup (HFCS): Supply and use,1977,"Food availability-Total-HFCS42-Million pounds, dry weight",2083.794774
High-fructose corn syrup (HFCS): Supply and use,1978,"Food availability-Total-HFCS42-Million pounds, dry weight",2198.009812
High-fructose corn syrup (HFCS): Supply and use,1979,"Food availability-Total-HFCS42-Million pounds, dry weight",2724.312645
High-fructose corn syrup (HFCS): Supply and use,1980,"Food availability-Total-HFCS42-Million pounds, dry weight",3075.236968
High-fructose corn syrup (HFCS): Supply and use,1981,"Food availability-Total-HFCS42-Million pounds, dry weight",3182.550739
High-fructose corn syrup (HFCS): Supply and use,1982,"Food availability-Total-HFCS42-Million pounds, dry weight",3208.305416
High-fructose corn syrup (HFCS): Supply and use,1983,"Food availability-Total-HFCS42-Million pounds, dry weight",3326.576
High-fructose corn syrup (HFCS): Supply and use,1984,"Food availability-Total-HFCS42-Million pounds, dry weight",3460.048
High-fructose corn syrup (HFCS): Supply and use,1985,"Food availability-Total-HFCS42-Million pounds, dry weight",3694.7
High-fructose corn syrup (HFCS): Supply and use,1986,"Food availability-Total-HFCS42-Million pounds, dry weight",3739.58
High-fructose corn syrup (HFCS): Supply and use,1987,"Food availability-Total-HFCS42-Million pounds, dry weight",4089.834
High-fructose corn syrup (HFCS): Supply and use,1988,"Food availability-Total-HFCS42-Million pounds, dry weight",4666.13
High-fructose corn syrup (HFCS): Supply and use,1989,"Food availability-Total-HFCS42-Million pounds, dry weight",4700.98
High-fructose corn syrup (HFCS): Supply and use,1990,"Food availability-Total-HFCS42-Million pounds, dry weight",5083.984
High-fructose corn syrup (HFCS): Supply and use,1991,"Food availability-Total-HFCS42-Million pounds, dry weight",5404.61
High-fructose corn syrup (HFCS): Supply and use,1992,"Food availability-Total-HFCS42-Million pounds, dry weight",5592.959097
High-fructose corn syrup (HFCS): Supply and use,1993,"Food availability-Total-HFCS42-Million pounds, dry weight",5758.317152
High-fructose corn syrup (HFCS): Supply and use,1994,"Food availability-Total-HFCS42-Million pounds, dry weight",
High-fructose corn syrup (HFCS): Supply and use,1995,"Food availability-Total-HFCS42-Million pounds, dry weight",
High-fructose corn syrup (HFCS): Supply and use,1996,"Food availability-Total-HFCS42-Million pounds, dry weight",
High-fructose corn syrup (HFCS): Supply and use,1997,"Food availability-Total-HFCS42-Million pounds, dry weight",
High-fructose corn syrup (HFCS): Supply and use,1998,"Food availability-Total-HFCS42-Million pounds, dry weight",
High-fructose corn syrup (HFCS): Supply and use,1999,"Food availability-Total-HFCS42-Million pounds, dry weight",
High-fructose corn syrup (HFCS): Supply and use,2000,"Food availability-Total-HFCS42-Million pounds, dry weight",
High-fructose corn syrup (HFCS): Supply and use,2001,"Food availability-Total-HFCS42-Million pounds, dry weight",
High-fructose corn syrup (HFCS): Supply and use,2002,"Food availability-Total-HFCS42-Million pounds, dry weight",
High-fructose corn syrup (HFCS): Supply and use,2003,"Food availability-Total-HFCS42-Million pounds, dry weight",
High-fructose corn syrup (HFCS): Supply and use,2004,"Food availability-Total-HFCS42-Million pounds, dry weight",
High-fructose corn syrup (HFCS): Supply and use,2005,"Food availability-Total-HFCS42-Million pounds, dry weight",
High-fructose corn syrup (HFCS): Supply and use,2006,"Food availability-Total-HFCS42-Million pounds, dry weight",
High-fructose corn syrup (HFCS): Supply and use,2007,"Food availability-Total-HFCS42-Million pounds, dry weight",
High-fructose corn syrup (HFCS): Supply and use,2008,"Food availability-Total-HFCS42-Million pounds, dry weight",
High-fructose corn syrup (HFCS): Supply and use,2009,"Food availability-Total-HFCS42-Million pounds, dry weight",
High-fructose corn syrup (HFCS): Supply and use,2010,"Food availability-Total-HFCS42-Million pounds, dry weight",
High-fructose corn syrup (HFCS): Supply and use,2011,"Food availability-Total-HFCS42-Million pounds, dry weight",
High-fructose corn syrup (HFCS): Supply and use,2012,"Food availability-Total-HFCS42-Million pounds, dry weight",
High-fructose corn syrup (HFCS): Supply and use,2013,"Food availability-Total-HFCS42-Million pounds, dry weight",
High-fructose corn syrup (HFCS): Supply and use,2014,"Food availability-Total-HFCS42-Million pounds, dry weight",
High-fructose corn syrup (HFCS): Supply and use,2015,"Food availability-Total-HFCS42-Million pounds, dry weight",
High-fructose corn syrup (HFCS): Supply and use,2016,"Food availability-Total-HFCS42-Million pounds, dry weight",
High-fructose corn syrup (HFCS): Supply and use,2017,"Food availability-Total-HFCS42-Million pounds, dry weight",
High-fructose corn syrup (HFCS): Supply and use,2018,"Food availability-Total-HFCS42-Million pounds, dry weight",
High-fructose corn syrup (HFCS): Supply and use,2019,"Food availability-Total-HFCS42-Million pounds, dry weight",
High-fructose corn syrup (HFCS): Supply and use,2020,"Food availability-Total-HFCS42-Million pounds, dry weight",
High-fructose corn syrup (HFCS): Supply and use,2021,"Food availability-Total-HFCS42-Million pounds, dry weight",
High-fructose corn syrup (HFCS): Supply and use,2022,"Food availability-Total-HFCS42-Million pounds, dry weight",
High-fructose corn syrup (HFCS): Supply and use,2023,"Food availability-Total-HFCS42-Million pounds, dry weight",
High-fructose corn syrup (HFCS): Supply and use,1967,"Food availability-Total-HFCS55-Million pounds, dry weight",
High-fructose corn syrup (HFCS): Supply and use,1968,"Food availability-Total-HFCS55-Million pounds, dry weight",
High-fructose corn syrup (HFCS): Supply and use,1969,"Food availability-Total-HFCS55-Million pounds, dry weight",
High-fructose corn syrup (HFCS): Supply and use,1970,"Food availability-Total-HFCS55-Million pounds, dry weight",
High-fructose corn syrup (HFCS): Supply and use,1971,"Food availability-Total-HFCS55-Million pounds, dry weight",
High-fructose corn syrup (HFCS): Supply and use,1972,"Food availability-Total-HFCS55-Million pounds, dry weight",
High-fructose corn syrup (HFCS): Supply and use,1973,"Food availability-Total-HFCS55-Million pounds, dry weight",
High-fructose corn syrup (HFCS): Supply and use,1974,"Food availability-Total-HFCS55-Million pounds, dry weight",
High-fructose corn syrup (HFCS): Supply and use,1975,"Food availability-Total-HFCS55-Million pounds, dry weight",
High-fructose corn syrup (HFCS): Supply and use,1976,"Food availability-Total-HFCS55-Million pounds, dry weight",
High-fructose corn syrup (HFCS): Supply and use,1977,"Food availability-Total-HFCS55-Million pounds, dry weight",30
High-fructose corn syrup (HFCS): Supply and use,1978,"Food availability-Total-HFCS55-Million pounds, dry weight",198.6597254
High-fructose corn syrup (HFCS): Supply and use,1979,"Food availability-Total-HFCS55-Million pounds, dry weight",595.2931566
High-fructose corn syrup (HFCS): Supply and use,1980,"Food availability-Total-HFCS55-Million pounds, dry weight",1241.471629
High-fructose corn syrup (HFCS): Supply and use,1981,"Food availability-Total-HFCS55-Million pounds, dry weight",2068.509567
High-fructose corn syrup (HFCS): Supply and use,1982,"Food availability-Total-HFCS55-Million pounds, dry weight",2971.777137
High-fructose corn syrup (HFCS): Supply and use,1983,"Food availability-Total-HFCS55-Million pounds, dry weight",3984.148
High-fructose corn syrup (HFCS): Supply and use,1984,"Food availability-Total-HFCS55-Million pounds, dry weight",5338.306
High-fructose corn syrup (HFCS): Supply and use,1985,"Food availability-Total-HFCS55-Million pounds, dry weight",7077.062
High-fructose corn syrup (HFCS): Supply and use,1986,"Food availability-Total-HFCS55-Million pounds, dry weight",7256.684
High-fructose corn syrup (HFCS): Supply and use,1987,"Food availability-Total-HFCS55-Million pounds, dry weight",7494.132
High-fructose corn syrup (HFCS): Supply and use,1988,"Food availability-Total-HFCS55-Million pounds, dry weight",7330.656
High-fructose corn syrup (HFCS): Supply and use,1989,"Food availability-Total-HFCS55-Million pounds, dry weight",7219.956
High-fructose corn syrup (HFCS): Supply and use,1990,"Food availability-Total-HFCS55-Million pounds, dry weight",7320.916
High-fructose corn syrup (HFCS): Supply and use,1991,"Food availability-Total-HFCS55-Million pounds, dry weight",7347.472
High-fructose corn syrup (HFCS): Supply and use,1992,"Food availability-Total-HFCS55-Million pounds, dry weight",7563.700684
High-fructose corn syrup (HFCS): Supply and use,1993,"Food availability-Total-HFCS55-Million pounds, dry weight",8211.489486
High-fructose corn syrup (HFCS): Supply and use,1994,"Food availability-Total-HFCS55-Million pounds, dry weight",
High-fructose corn syrup (HFCS): Supply and use,1995,"Food availability-Total-HFCS55-Million pounds, dry weight",
High-fructose corn syrup (HFCS): Supply and use,1996,"Food availability-Total-HFCS55-Million pounds, dry weight",
High-fructose corn syrup (HFCS): Supply and use,1997,"Food availability-Total-HFCS55-Million pounds, dry weight",
High-fructose corn syrup (HFCS): Supply and use,1998,"Food availability-Total-HFCS55-Million pounds, dry weight",
High-fructose corn syrup (HFCS): Supply and use,1999,"Food availability-Total-HFCS55-Million pounds, dry weight",
High-fructose corn syrup (HFCS): Supply and use,2000,"Food availability-Total-HFCS55-Million pounds, dry weight",
High-fructose corn syrup (HFCS): Supply and use,2001,"Food availability-Total-HFCS55-Million pounds, dry weight",
High-fructose corn syrup (HFCS): Supply and use,2002,"Food availability-Total-HFCS55-Million pounds, dry weight",
High-fructose corn syrup (HFCS): Supply and use,2003,"Food availability-Total-HFCS55-Million pounds, dry weight",
High-fructose corn syrup (HFCS): Supply and use,2004,"Food availability-Total-HFCS55-Million pounds, dry weight",
High-fructose corn syrup (HFCS): Supply and use,2005,"Food availability-Total-HFCS55-Million pounds, dry weight",
High-fructose corn syrup (HFCS): Supply and use,2006,"Food availability-Total-HFCS55-Million pounds, dry weight",
High-fructose corn syrup (HFCS): Supply and use,2007,"Food availability-Total-HFCS55-Million pounds, dry weight",
High-fructose corn syrup (HFCS): Supply and use,2008,"Food availability-Total-HFCS55-Million pounds, dry weight",
High-fructose corn syrup (HFCS): Supply and use,2009,"Food availability-Total-HFCS55-Million pounds, dry weight",
High-fructose corn syrup (HFCS): Supply and use,2010,"Food availability-Total-HFCS55-Million pounds, dry weight",
High-fructose corn syrup (HFCS): Supply and use,2011,"Food availability-Total-HFCS55-Million pounds, dry weight",
High-fructose corn syrup (HFCS): Supply and use,2012,"Food availability-Total-HFCS55-Million pounds, dry weight",
High-fructose corn syrup (HFCS): Supply and use,2013,"Food availability-Total-HFCS55-Million pounds, dry weight",
High-fructose corn syrup (HFCS): Supply and use,2014,"Food availability-Total-HFCS55-Million pounds, dry weight",
High-fructose corn syrup (HFCS): Supply and use,2015,"Food availability-Total-HFCS55-Million pounds, dry weight",
High-fructose corn syrup (HFCS): Supply and use,2016,"Food availability-Total-HFCS55-Million pounds, dry weight",
High-fructose corn syrup (HFCS): Supply and use,2017,"Food availability-Total-HFCS55-Million pounds, dry weight",
High-fructose corn syrup (HFCS): Supply and use,2018,"Food availability-Total-HFCS55-Million pounds, dry weight",
High-fructose corn syrup (HFCS): Supply and use,2019,"Food availability-Total-HFCS55-Million pounds, dry weight",
High-fructose corn syrup (HFCS): Supply and use,2020,"Food availability-Total-HFCS55-Million pounds, dry weight",
High-fructose corn syrup (HFCS): Supply and use,2021,"Food availability-Total-HFCS55-Million pounds, dry weight",
High-fructose corn syrup (HFCS): Supply and use,2022,"Food availability-Total-HFCS55-Million pounds, dry weight",
High-fructose corn syrup (HFCS): Supply and use,2023,"Food availability-Total-HFCS55-Million pounds, dry weight",
High-fructose corn syrup (HFCS): Supply and use,1967,"Food availability-Total-Total-Million pounds, dry weight",6
High-fructose corn syrup (HFCS): Supply and use,1968,"Food availability-Total-Total-Million pounds, dry weight",30
High-fructose corn syrup (HFCS): Supply and use,1969,"Food availability-Total-Total-Million pounds, dry weight",66
High-fructose corn syrup (HFCS): Supply and use,1970,"Food availability-Total-Total-Million pounds, dry weight",112.3653764
High-fructose corn syrup (HFCS): Supply and use,1971,"Food availability-Total-Total-Million pounds, dry weight",171.2604844
High-fructose corn syrup (HFCS): Supply and use,1972,"Food availability-Total-Total-Million pounds, dry weight",242.3200713
High-fructose corn syrup (HFCS): Supply and use,1973,"Food availability-Total-Total-Million pounds, dry weight",436.9863122
High-fructose corn syrup (HFCS): Supply and use,1974,"Food availability-Total-Total-Million pounds, dry weight",590.7840288
High-fructose corn syrup (HFCS): Supply and use,1975,"Food availability-Total-Total-Million pounds, dry weight",1053.77
High-fructose corn syrup (HFCS): Supply and use,1976,"Food availability-Total-Total-Million pounds, dry weight",1564.415281
High-fructose corn syrup (HFCS): Supply and use,1977,"Food availability-Total-Total-Million pounds, dry weight",2113.794774
High-fructose corn syrup (HFCS): Supply and use,1978,"Food availability-Total-Total-Million pounds, dry weight",2396.669537
High-fructose corn syrup (HFCS): Supply and use,1979,"Food availability-Total-Total-Million pounds, dry weight",3319.605801
High-fructose corn syrup (HFCS): Supply and use,1980,"Food availability-Total-Total-Million pounds, dry weight",4316.708597
High-fructose corn syrup (HFCS): Supply and use,1981,"Food availability-Total-Total-Million pounds, dry weight",5251.060306
High-fructose corn syrup (HFCS): Supply and use,1982,"Food availability-Total-Total-Million pounds, dry weight",6180.082553
High-fructose corn syrup (HFCS): Supply and use,1983,"Food availability-Total-Total-Million pounds, dry weight",7310.724
High-fructose corn syrup (HFCS): Supply and use,1984,"Food availability-Total-Total-Million pounds, dry weight",8798.354
High-fructose corn syrup (HFCS): Supply and use,1985,"Food availability-Total-Total-Million pounds, dry weight",10771.762
High-fructose corn syrup (HFCS): Supply and use,1986,"Food availability-Total-Total-Million pounds, dry weight",10996.264
High-fructose corn syrup (HFCS): Supply and use,1987,"Food availability-Total-Total-Million pounds, dry weight",11583.966
High-fructose corn syrup (HFCS): Supply and use,1988,"Food availability-Total-Total-Million pounds, dry weight",11996.786
High-fructose corn syrup (HFCS): Supply and use,1989,"Food availability-Total-Total-Million pounds, dry weight",11920.936
High-fructose corn syrup (HFCS): Supply and use,1990,"Food availability-Total-Total-Million pounds, dry weight",12404.9
High-fructose corn syrup (HFCS): Supply and use,1991,"Food availability-Total-Total-Million pounds, dry weight",12752.082
High-fructose corn syrup (HFCS): Supply and use,1992,"Food availability-Total-Total-Million pounds, dry weight",13156.65978
High-fructose corn syrup (HFCS): Supply and use,1993,"Food availability-Total-Total-Million pounds, dry weight",13969.80664
High-fructose corn syrup (HFCS): Supply and use,1994,"Food availability-Total-Total-Million pounds, dry weight",14830.80927
High-fructose corn syrup (HFCS): Supply and use,1995,"Food availability-Total-Total-Million pounds, dry weight",15562.61969
High-fructose corn syrup (HFCS): Supply and use,1996,"Food availability-Total-Total-Million pounds, dry weight",16099.93784
High-fructose corn syrup (HFCS): Supply and use,1997,"Food availability-Total-Total-Million pounds, dry weight",17109.55653
High-fructose corn syrup (HFCS): Supply and use,1998,"Food availability-Total-Total-Million pounds, dry weight",17769.68156
High-fructose corn syrup (HFCS): Supply and use,1999,"Food availability-Total-Total-Million pounds, dry weight",18393.753
High-fructose corn syrup (HFCS): Supply and use,2000,"Food availability-Total-Total-Million pounds, dry weight",18181.17116
High-fructose corn syrup (HFCS): Supply and use,2001,"Food availability-Total-Total-Million pounds, dry weight",18196.29506
High-fructose corn syrup (HFCS): Supply and use,2002,"Food availability-Total-Total-Million pounds, dry weight",18491.28391
High-fructose corn syrup (HFCS): Supply and use,2003,"Food availability-Total-Total-Million pounds, dry weight",18156.51749
High-fructose corn syrup (HFCS): Supply and use,2004,"Food availability-Total-Total-Million pounds, dry weight",18034.58957
High-fructose corn syrup (HFCS): Supply and use,2005,"Food availability-Total-Total-Million pounds, dry weight",18016.47702
High-fructose corn syrup (HFCS): Supply and use,2006,"Food availability-Total-Total-Million pounds, dry weight",17968.68377
High-fructose corn syrup (HFCS): Supply and use,2007,"Food availability-Total-Total-Million pounds, dry weight",17434.29314
High-fructose corn syrup (HFCS): Supply and use,2008,"Food availability-Total-Total-Million pounds, dry weight",16601.60129
High-fructose corn syrup (HFCS): Supply and use,2009,"Food availability-Total-Total-Million pounds, dry weight",15914.48791
High-fructose corn syrup (HFCS): Supply and use,2010,"Food availability-Total-Total-Million pounds, dry weight",15661.16072
High-fructose corn syrup (HFCS): Supply and use,2011,"Food availability-Total-Total-Million pounds, dry weight",15156.75422
High-fructose corn syrup (HFCS): Supply and use,2012,"Food availability-Total-Total-Million pounds, dry weight",14988.12177
High-fructose corn syrup (HFCS): Supply and use,2013,"Food availability-Total-Total-Million pounds, dry weight",14486.33575
High-fructose corn syrup (HFCS): Supply and use,2014,"Food availability-Total-Total-Million pounds, dry weight",14663.71912
High-fructose corn syrup (HFCS): Supply and use,2015,"Food availability-Total-Total-Million pounds, dry weight",14366.94335
High-fructose corn syrup (HFCS): Supply and use,2016,"Food availability-Total-Total-Million pounds, dry weight",14071.82244
High-fructose corn syrup (HFCS): Supply and use,2017,"Food availability-Total-Total-Million pounds, dry weight",13766.39
High-fructose corn syrup (HFCS): Supply and use,2018,"Food availability-Total-Total-Million pounds, dry weight",13403.51937
High-fructose corn syrup (HFCS): Supply and use,2019,"Food availability-Total-Total-Million pounds, dry weight",13156.90369
High-fructose corn syrup (HFCS): Supply and use,2020,"Food availability-Total-Total-Million pounds, dry weight",13274.76702
High-fructose corn syrup (HFCS): Supply and use,2021,"Food availability-Total-Total-Million pounds, dry weight",13131.42179
High-fructose corn syrup (HFCS): Supply and use,2022,"Food availability-Total-Total-Million pounds, dry weight",13108.79228
High-fructose corn syrup (HFCS): Supply and use,2023,"Food availability-Total-Total-Million pounds, dry weight",12655.18207
High-fructose corn syrup (HFCS): Supply and use,1967,"Food availability-Per capita availability-HFCS42-Pounds, dry weight",0.030194452
High-fructose corn syrup (HFCS): Supply and use,1968,"Food availability-Per capita availability-HFCS42-Pounds, dry weight",0.149472363
High-fructose corn syrup (HFCS): Supply and use,1969,"Food availability-Per capita availability-HFCS42-Pounds, dry weight",0.325641291
High-fructose corn syrup (HFCS): Supply and use,1970,"Food availability-Per capita availability-HFCS42-Pounds, dry weight",0.547984786
High-fructose corn syrup (HFCS): Supply and use,1971,"Food availability-Per capita availability-HFCS42-Pounds, dry weight",0.824711835
High-fructose corn syrup (HFCS): Supply and use,1972,"Food availability-Per capita availability-HFCS42-Pounds, dry weight",1.154476843
High-fructose corn syrup (HFCS): Supply and use,1973,"Food availability-Per capita availability-HFCS42-Pounds, dry weight",2.062141354
High-fructose corn syrup (HFCS): Supply and use,1974,"Food availability-Per capita availability-HFCS42-Pounds, dry weight",2.762557767
High-fructose corn syrup (HFCS): Supply and use,1975,"Food availability-Per capita availability-HFCS42-Pounds, dry weight",4.879174712
High-fructose corn syrup (HFCS): Supply and use,1976,"Food availability-Per capita availability-HFCS42-Pounds, dry weight",7.175064926
High-fructose corn syrup (HFCS): Supply and use,1977,"Food availability-Per capita availability-HFCS42-Pounds, dry weight",9.461515781
High-fructose corn syrup (HFCS): Supply and use,1978,"Food availability-Per capita availability-HFCS42-Pounds, dry weight",9.874923342
High-fructose corn syrup (HFCS): Supply and use,1979,"Food availability-Per capita availability-HFCS42-Pounds, dry weight",12.10509718
High-fructose corn syrup (HFCS): Supply and use,1980,"Food availability-Per capita availability-HFCS42-Pounds, dry weight",13.50411006
High-fructose corn syrup (HFCS): Supply and use,1981,"Food availability-Per capita availability-HFCS42-Pounds, dry weight",13.83922292
High-fructose corn syrup (HFCS): Supply and use,1982,"Food availability-Per capita availability-HFCS42-Pounds, dry weight",13.81770555
High-fructose corn syrup (HFCS): Supply and use,1983,"Food availability-Per capita availability-HFCS42-Pounds, dry weight",14.1975101
High-fructose corn syrup (HFCS): Supply and use,1984,"Food availability-Per capita availability-HFCS42-Pounds, dry weight",14.63963308
High-fructose corn syrup (HFCS): Supply and use,1985,"Food availability-Per capita availability-HFCS42-Pounds, dry weight",15.49361335
High-fructose corn syrup (HFCS): Supply and use,1986,"Food availability-Per capita availability-HFCS42-Pounds, dry weight",15.53943262
High-fructose corn syrup (HFCS): Supply and use,1987,"Food availability-Per capita availability-HFCS42-Pounds, dry weight",16.84417884
High-fructose corn syrup (HFCS): Supply and use,1988,"Food availability-Per capita availability-HFCS42-Pounds, dry weight",19.04379625
High-fructose corn syrup (HFCS): Supply and use,1989,"Food availability-Per capita availability-HFCS42-Pounds, dry weight",19.0059917
High-fructose corn syrup (HFCS): Supply and use,1990,"Food availability-Per capita availability-HFCS42-Pounds, dry weight",20.32520429
High-fructose corn syrup (HFCS): Supply and use,1991,"Food availability-Per capita availability-HFCS42-Pounds, dry weight",21.32054929
High-fructose corn syrup (HFCS): Supply and use,1992,"Food availability-Per capita availability-HFCS42-Pounds, dry weight",21.77146643
High-fructose corn syrup (HFCS): Supply and use,1993,"Food availability-Per capita availability-HFCS42-Pounds, dry weight",22.12567348
High-fructose corn syrup (HFCS): Supply and use,1994,"Food availability-Per capita availability-HFCS42-Pounds, dry weight",
High-fructose corn syrup (HFCS): Supply and use,1995,"Food availability-Per capita availability-HFCS42-Pounds, dry weight",
High-fructose corn syrup (HFCS): Supply and use,1996,"Food availability-Per capita availability-HFCS42-Pounds, dry weight",
High-fructose corn syrup (HFCS): Supply and use,1997,"Food availability-Per capita availability-HFCS42-Pounds, dry weight",
High-fructose corn syrup (HFCS): Supply and use,1998,"Food availability-Per capita availability-HFCS42-Pounds, dry weight",
High-fructose corn syrup (HFCS): Supply and use,1999,"Food availability-Per capita availability-HFCS42-Pounds, dry weight",
High-fructose corn syrup (HFCS): Supply and use,2000,"Food availability-Per capita availability-HFCS42-Pounds, dry weight",
High-fructose corn syrup (HFCS): Supply and use,2001,"Food availability-Per capita availability-HFCS42-Pounds, dry weight",
High-fructose corn syrup (HFCS): Supply and use,2002,"Food availability-Per capita availability-HFCS42-Pounds, dry weight",
High-fructose corn syrup (HFCS): Supply and use,2003,"Food availability-Per capita availability-HFCS42-Pounds, dry weight",
High-fructose corn syrup (HFCS): Supply and use,2004,"Food availability-Per capita availability-HFCS42-Pounds, dry weight",
High-fructose corn syrup (HFCS): Supply and use,2005,"Food availability-Per capita availability-HFCS42-Pounds, dry weight",
High-fructose corn syrup (HFCS): Supply and use,2006,"Food availability-Per capita availability-HFCS42-Pounds, dry weight",
High-fructose corn syrup (HFCS): Supply and use,2007,"Food availability-Per capita availability-HFCS42-Pounds, dry weight",
High-fructose corn syrup (HFCS): Supply and use,2008,"Food availability-Per capita availability-HFCS42-Pounds, dry weight",
High-fructose corn syrup (HFCS): Supply and use,2009,"Food availability-Per capita availability-HFCS42-Pounds, dry weight",
High-fructose corn syrup (HFCS): Supply and use,2010,"Food availability-Per capita availability-HFCS42-Pounds, dry weight",
High-fructose corn syrup (HFCS): Supply and use,2011,"Food availability-Per capita availability-HFCS42-Pounds, dry weight",
High-fructose corn syrup (HFCS): Supply and use,2012,"Food availability-Per capita availability-HFCS42-Pounds, dry weight",
High-fructose corn syrup (HFCS): Supply and use,2013,"Food availability-Per capita availability-HFCS42-Pounds, dry weight",
High-fructose corn syrup (HFCS): Supply and use,2014,"Food availability-Per capita availability-HFCS42-Pounds, dry weight",
High-fructose corn syrup (HFCS): Supply and use,2015,"Food availability-Per capita availability-HFCS42-Pounds, dry weight",
High-fructose corn syrup (HFCS): Supply and use,2016,"Food availability-Per capita availability-HFCS42-Pounds, dry weight",
High-fructose corn syrup (HFCS): Supply and use,2017,"Food availability-Per capita availability-HFCS42-Pounds, dry weight",
High-fructose corn syrup (HFCS): Supply and use,2018,"Food availability-Per capita availability-HFCS42-Pounds, dry weight",
High-fructose corn syrup (HFCS): Supply and use,2019,"Food availability-Per capita availability-HFCS42-Pounds, dry weight",
High-fructose corn syrup (HFCS): Supply and use,2020,"Food availability-Per capita availability-HFCS42-Pounds, dry weight",
High-fructose corn syrup (HFCS): Supply and use,2021,"Food availability-Per capita availability-HFCS42-Pounds, dry weight",
High-fructose corn syrup (HFCS): Supply and use,2022,"Food availability-Per capita availability-HFCS42-Pounds, dry weight",
High-fructose corn syrup (HFCS): Supply and use,2023,"Food availability-Per capita availability-HFCS42-Pounds, dry weight",
High-fructose corn syrup (HFCS): Supply and use,1967,"Food availability-Per capita availability-HFCS55-Pounds, dry weight",
High-fructose corn syrup (HFCS): Supply and use,1968,"Food availability-Per capita availability-HFCS55-Pounds, dry weight",
High-fructose corn syrup (HFCS): Supply and use,1969,"Food availability-Per capita availability-HFCS55-Pounds, dry weight",
High-fructose corn syrup (HFCS): Supply and use,1970,"Food availability-Per capita availability-HFCS55-Pounds, dry weight",
High-fructose corn syrup (HFCS): Supply and use,1971,"Food availability-Per capita availability-HFCS55-Pounds, dry weight",
High-fructose corn syrup (HFCS): Supply and use,1972,"Food availability-Per capita availability-HFCS55-Pounds, dry weight",
High-fructose corn syrup (HFCS): Supply and use,1973,"Food availability-Per capita availability-HFCS55-Pounds, dry weight",
High-fructose corn syrup (HFCS): Supply and use,1974,"Food availability-Per capita availability-HFCS55-Pounds, dry weight",
High-fructose corn syrup (HFCS): Supply and use,1975,"Food availability-Per capita availability-HFCS55-Pounds, dry weight",
High-fructose corn syrup (HFCS): Supply and use,1976,"Food availability-Per capita availability-HFCS55-Pounds, dry weight",
High-fructose corn syrup (HFCS): Supply and use,1977,"Food availability-Per capita availability-HFCS55-Pounds, dry weight",0.136215657
High-fructose corn syrup (HFCS): Supply and use,1978,"Food availability-Per capita availability-HFCS55-Pounds, dry weight",0.892511739
High-fructose corn syrup (HFCS): Supply and use,1979,"Food availability-Per capita availability-HFCS55-Pounds, dry weight",2.645100782
High-fructose corn syrup (HFCS): Supply and use,1980,"Food availability-Per capita availability-HFCS55-Pounds, dry weight",5.451602491
High-fructose corn syrup (HFCS): Supply and use,1981,"Food availability-Per capita availability-HFCS55-Pounds, dry weight",8.994849528
High-fructose corn syrup (HFCS): Supply and use,1982,"Food availability-Per capita availability-HFCS55-Pounds, dry weight",12.7990126
High-fructose corn syrup (HFCS): Supply and use,1983,"Food availability-Per capita availability-HFCS55-Pounds, dry weight",17.00396488
High-fructose corn syrup (HFCS): Supply and use,1984,"Food availability-Per capita availability-HFCS55-Pounds, dry weight",22.58663496
High-fructose corn syrup (HFCS): Supply and use,1985,"Food availability-Per capita availability-HFCS55-Pounds, dry weight",29.67744668
High-fructose corn syrup (HFCS): Supply and use,1986,"Food availability-Per capita availability-HFCS55-Pounds, dry weight",30.15438955
High-fructose corn syrup (HFCS): Supply and use,1987,"Food availability-Per capita availability-HFCS55-Pounds, dry weight",30.86494456
High-fructose corn syrup (HFCS): Supply and use,1988,"Food availability-Per capita availability-HFCS55-Pounds, dry weight",29.91848046
High-fructose corn syrup (HFCS): Supply and use,1989,"Food availability-Per capita availability-HFCS55-Pounds, dry weight",29.19017393
High-fructose corn syrup (HFCS): Supply and use,1990,"Food availability-Per capita availability-HFCS55-Pounds, dry weight",29.26821038
High-fructose corn syrup (HFCS): Supply and use,1991,"Food availability-Per capita availability-HFCS55-Pounds, dry weight",28.98491083
High-fructose corn syrup (HFCS): Supply and use,1992,"Food availability-Per capita availability-HFCS55-Pounds, dry weight",29.44288572
High-fructose corn syrup (HFCS): Supply and use,1993,"Food availability-Per capita availability-HFCS55-Pounds, dry weight",31.55170693
High-fructose corn syrup (HFCS): Supply and use,1994,"Food availability-Per capita availability-HFCS55-Pounds, dry weight",
High-fructose corn syrup (HFCS): Supply and use,1995,"Food availability-Per capita availability-HFCS55-Pounds, dry weight",
High-fructose corn syrup (HFCS): Supply and use,1996,"Food availability-Per capita availability-HFCS55-Pounds, dry weight",
High-fructose corn syrup (HFCS): Supply and use,1997,"Food availability-Per capita availability-HFCS55-Pounds, dry weight",
High-fructose corn syrup (HFCS): Supply and use,1998,"Food availability-Per capita availability-HFCS55-Pounds, dry weight",
High-fructose corn syrup (HFCS): Supply and use,1999,"Food availability-Per capita availability-HFCS55-Pounds, dry weight",
High-fructose corn syrup (HFCS): Supply and use,2000,"Food availability-Per capita availability-HFCS55-Pounds, dry weight",
High-fructose corn syrup (HFCS): Supply and use,2001,"Food availability-Per capita availability-HFCS55-Pounds, dry weight",
High-fructose corn syrup (HFCS): Supply and use,2002,"Food availability-Per capita availability-HFCS55-Pounds, dry weight",
High-fructose corn syrup (HFCS): Supply and use,2003,"Food availability-Per capita availability-HFCS55-Pounds, dry weight",
High-fructose corn syrup (HFCS): Supply and use,2004,"Food availability-Per capita availability-HFCS55-Pounds, dry weight",
High-fructose corn syrup (HFCS): Supply and use,2005,"Food availability-Per capita availability-HFCS55-Pounds, dry weight",
High-fructose corn syrup (HFCS): Supply and use,2006,"Food availability-Per capita availability-HFCS55-Pounds, dry weight",
High-fructose corn syrup (HFCS): Supply and use,2007,"Food availability-Per capita availability-HFCS55-Pounds, dry weight",
High-fructose corn syrup (HFCS): Supply and use,2008,"Food availability-Per capita availability-HFCS55-Pounds, dry weight",
High-fructose corn syrup (HFCS): Supply and use,2009,"Food availability-Per capita availability-HFCS55-Pounds, dry weight",
High-fructose corn syrup (HFCS): Supply and use,2010,"Food availability-Per capita availability-HFCS55-Pounds, dry weight",
High-fructose corn syrup (HFCS): Supply and use,2011,"Food availability-Per capita availability-HFCS55-Pounds, dry weight",
High-fructose corn syrup (HFCS): Supply and use,2012,"Food availability-Per capita availability-HFCS55-Pounds, dry weight",
High-fructose corn syrup (HFCS): Supply and use,2013,"Food availability-Per capita availability-HFCS55-Pounds, dry weight",
High-fructose corn syrup (HFCS): Supply and use,2014,"Food availability-Per capita availability-HFCS55-Pounds, dry weight",
High-fructose corn syrup (HFCS): Supply and use,2015,"Food availability-Per capita availability-HFCS55-Pounds, dry weight",
High-fructose corn syrup (HFCS): Supply and use,2016,"Food availability-Per capita availability-HFCS55-Pounds, dry weight",
High-fructose corn syrup (HFCS): Supply and use,2017,"Food availability-Per capita availability-HFCS55-Pounds, dry weight",
High-fructose corn syrup (HFCS): Supply and use,2018,"Food availability-Per capita availability-HFCS55-Pounds, dry weight",
High-fructose corn syrup (HFCS): Supply and use,2019,"Food availability-Per capita availability-HFCS55-Pounds, dry weight",
High-fructose corn syrup (HFCS): Supply and use,2020,"Food availability-Per capita availability-HFCS55-Pounds, dry weight",
High-fructose corn syrup (HFCS): Supply and use,2021,"Food availability-Per capita availability-HFCS55-Pounds, dry weight",
High-fructose corn syrup (HFCS): Supply and use,2022,"Food availability-Per capita availability-HFCS55-Pounds, dry weight",
High-fructose corn syrup (HFCS): Supply and use,2023,"Food availability-Per capita availability-HFCS55-Pounds, dry weight",
High-fructose corn syrup (HFCS): Supply and use,1967,"Food availability-Per capita availability-Total-Pounds, dry weight",0.030194452
High-fructose corn syrup (HFCS): Supply and use,1968,"Food availability-Per capita availability-Total-Pounds, dry weight",0.149472363
High-fructose corn syrup (HFCS): Supply and use,1969,"Food availability-Per capita availability-Total-Pounds, dry weight",0.325641291
High-fructose corn syrup (HFCS): Supply and use,1970,"Food availability-Per capita availability-Total-Pounds, dry weight",0.547984786
High-fructose corn syrup (HFCS): Supply and use,1971,"Food availability-Per capita availability-Total-Pounds, dry weight",0.824711835
High-fructose corn syrup (HFCS): Supply and use,1972,"Food availability-Per capita availability-Total-Pounds, dry weight",1.154476843
High-fructose corn syrup (HFCS): Supply and use,1973,"Food availability-Per capita availability-Total-Pounds, dry weight",2.062141354
High-fructose corn syrup (HFCS): Supply and use,1974,"Food availability-Per capita availability-Total-Pounds, dry weight",2.762557767
High-fructose corn syrup (HFCS): Supply and use,1975,"Food availability-Per capita availability-Total-Pounds, dry weight",4.879174712
High-fructose corn syrup (HFCS): Supply and use,1976,"Food availability-Per capita availability-Total-Pounds, dry weight",7.175064926
High-fructose corn syrup (HFCS): Supply and use,1977,"Food availability-Per capita availability-Total-Pounds, dry weight",9.597731437
High-fructose corn syrup (HFCS): Supply and use,1978,"Food availability-Per capita availability-Total-Pounds, dry weight",10.76743508
High-fructose corn syrup (HFCS): Supply and use,1979,"Food availability-Per capita availability-Total-Pounds, dry weight",14.75019796
High-fructose corn syrup (HFCS): Supply and use,1980,"Food availability-Per capita availability-Total-Pounds, dry weight",18.95571255
High-fructose corn syrup (HFCS): Supply and use,1981,"Food availability-Per capita availability-Total-Pounds, dry weight",22.83407245
High-fructose corn syrup (HFCS): Supply and use,1982,"Food availability-Per capita availability-Total-Pounds, dry weight",26.61671814
High-fructose corn syrup (HFCS): Supply and use,1983,"Food availability-Per capita availability-Total-Pounds, dry weight",31.20147499
High-fructose corn syrup (HFCS): Supply and use,1984,"Food availability-Per capita availability-Total-Pounds, dry weight",37.22626805
High-fructose corn syrup (HFCS): Supply and use,1985,"Food availability-Per capita availability-Total-Pounds, dry weight",45.17106003
High-fructose corn syrup (HFCS): Supply and use,1986,"Food availability-Per capita availability-Total-Pounds, dry weight",45.69382217
High-fructose corn syrup (HFCS): Supply and use,1987,"Food availability-Per capita availability-Total-Pounds, dry weight",47.70912341
High-fructose corn syrup (HFCS): Supply and use,1988,"Food availability-Per capita availability-Total-Pounds, dry weight",48.9622767
High-fructose corn syrup (HFCS): Supply and use,1989,"Food availability-Per capita availability-Total-Pounds, dry weight",48.19616563
High-fructose corn syrup (HFCS): Supply and use,1990,"Food availability-Per capita availability-Total-Pounds, dry weight",49.59341468
High-fructose corn syrup (HFCS): Supply and use,1991,"Food availability-Per capita availability-Total-Pounds, dry weight",50.30546011
High-fructose corn syrup (HFCS): Supply and use,1992,"Food availability-Per capita availability-Total-Pounds, dry weight",51.21435215
High-fructose corn syrup (HFCS): Supply and use,1993,"Food availability-Per capita availability-Total-Pounds, dry weight",53.67738041
High-fructose corn syrup (HFCS): Supply and use,1994,"Food availability-Per capita availability-Total-Pounds, dry weight",56.29757993
High-fructose corn syrup (HFCS): Supply and use,1995,"Food availability-Per capita availability-Total-Pounds, dry weight",58.3838342
High-fructose corn syrup (HFCS): Supply and use,1996,"Food availability-Per capita availability-Total-Pounds, dry weight",59.70303314
High-fructose corn syrup (HFCS): Supply and use,1997,"Food availability-Per capita availability-Total-Pounds, dry weight",62.69257685
High-fructose corn syrup (HFCS): Supply and use,1998,"Food availability-Per capita availability-Total-Pounds, dry weight",64.35608917
High-fructose corn syrup (HFCS): Supply and use,1999,"Food availability-Per capita availability-Total-Pounds, dry weight",65.85779552
High-fructose corn syrup (HFCS): Supply and use,2000,"Food availability-Per capita availability-Total-Pounds, dry weight",64.38433755
High-fructose corn syrup (HFCS): Supply and use,2001,"Food availability-Per capita availability-Total-Pounds, dry weight",63.77749686
High-fructose corn syrup (HFCS): Supply and use,2002,"Food availability-Per capita availability-Total-Pounds, dry weight",64.18248762
High-fructose corn syrup (HFCS): Supply and use,2003,"Food availability-Per capita availability-Total-Pounds, dry weight",62.43222728
High-fructose corn syrup (HFCS): Supply and use,2004,"Food availability-Per capita availability-Total-Pounds, dry weight",61.45435099
High-fructose corn syrup (HFCS): Supply and use,2005,"Food availability-Per capita availability-Total-Pounds, dry weight",60.82820891
High-fructose corn syrup (HFCS): Supply and use,2006,"Food availability-Per capita availability-Total-Pounds, dry weight",60.09677148
High-fructose corn syrup (HFCS): Supply and use,2007,"Food availability-Per capita availability-Total-Pounds, dry weight",57.72869872
High-fructose corn syrup (HFCS): Supply and use,2008,"Food availability-Per capita availability-Total-Pounds, dry weight",54.46759593
High-fructose corn syrup (HFCS): Supply and use,2009,"Food availability-Per capita availability-Total-Pounds, dry weight",51.76463265
High-fructose corn syrup (HFCS): Supply and use,2010,"Food availability-Per capita availability-Total-Pounds, dry weight",50.56207157
High-fructose corn syrup (HFCS): Supply and use,2011,"Food availability-Per capita availability-Total-Pounds, dry weight",48.58340245
High-fructose corn syrup (HFCS): Supply and use,2012,"Food availability-Per capita availability-Total-Pounds, dry weight",47.70741403
High-fructose corn syrup (HFCS): Supply and use,2013,"Food availability-Per capita availability-Total-Pounds, dry weight",45.80011213
High-fructose corn syrup (HFCS): Supply and use,2014,"Food availability-Per capita availability-Total-Pounds, dry weight",46.02881309
High-fructose corn syrup (HFCS): Supply and use,2015,"Food availability-Per capita availability-Total-Pounds, dry weight",44.77486793
High-fructose corn syrup (HFCS): Supply and use,2016,"Food availability-Per capita availability-Total-Pounds, dry weight",43.54430753
High-fructose corn syrup (HFCS): Supply and use,2017,"Food availability-Per capita availability-Total-Pounds, dry weight",42.33128764
High-fructose corn syrup (HFCS): Supply and use,2018,"Food availability-Per capita availability-Total-Pounds, dry weight",40.99888768
High-fructose corn syrup (HFCS): Supply and use,2019,"Food availability-Per capita availability-Total-Pounds, dry weight",40.05438379
High-fructose corn syrup (HFCS): Supply and use,2020,"Food availability-Per capita availability-Total-Pounds, dry weight",40.21267752
High-fructose corn syrup (HFCS): Supply and use,2021,"Food availability-Per capita availability-Total-Pounds, dry weight",39.51690779
High-fructose corn syrup (HFCS): Supply and use,2022,"Food availability-Per capita availability-Total-Pounds, dry weight",39.3042363
High-fructose corn syrup (HFCS): Supply and use,2023,"Food availability-Per capita availability-Total-Pounds, dry weight",37.75852324
Glucose: Supply and use,1964,"U.S. population, July 1-Millions",191.889
Glucose: Supply and use,1965,"U.S. population, July 1-Millions",194.303
Glucose: Supply and use,1966,"U.S. population, July 1-Millions",196.56
Glucose: Supply and use,1967,"U.S. population, July 1-Millions",198.712
Glucose: Supply and use,1968,"U.S. population, July 1-Millions",200.706
Glucose: Supply and use,1969,"U.S. population, July 1-Millions",202.677
Glucose: Supply and use,1970,"U.S. population, July 1-Millions",205.052
Glucose: Supply and use,1971,"U.S. population, July 1-Millions",207.661
Glucose: Supply and use,1972,"U.S. population, July 1-Millions",209.896
Glucose: Supply and use,1973,"U.S. population, July 1-Millions",211.909
Glucose: Supply and use,1974,"U.S. population, July 1-Millions",213.854
Glucose: Supply and use,1975,"U.S. population, July 1-Millions",215.973
Glucose: Supply and use,1976,"U.S. population, July 1-Millions",218.035
Glucose: Supply and use,1977,"U.S. population, July 1-Millions",220.239
Glucose: Supply and use,1978,"U.S. population, July 1-Millions",222.585
Glucose: Supply and use,1979,"U.S. population, July 1-Millions",225.055
Glucose: Supply and use,1980,"U.S. population, July 1-Millions",227.726
Glucose: Supply and use,1981,"U.S. population, July 1-Millions",229.966
Glucose: Supply and use,1982,"U.S. population, July 1-Millions",232.188
Glucose: Supply and use,1983,"U.S. population, July 1-Millions",234.307
Glucose: Supply and use,1984,"U.S. population, July 1-Millions",236.348
Glucose: Supply and use,1985,"U.S. population, July 1-Millions",238.466
Glucose: Supply and use,1986,"U.S. population, July 1-Millions",240.651
Glucose: Supply and use,1987,"U.S. population, July 1-Millions",242.804
Glucose: Supply and use,1988,"U.S. population, July 1-Millions",245.021
Glucose: Supply and use,1989,"U.S. population, July 1-Millions",247.342
Glucose: Supply and use,1990,"U.S. population, July 1-Millions",250.132
Glucose: Supply and use,1991,"U.S. population, July 1-Millions",253.493
Glucose: Supply and use,1992,"U.S. population, July 1-Millions",256.894
Glucose: Supply and use,1993,"U.S. population, July 1-Millions",260.255
Glucose: Supply and use,1994,"U.S. population, July 1-Millions",263.436
Glucose: Supply and use,1995,"U.S. population, July 1-Millions",266.557
Glucose: Supply and use,1996,"U.S. population, July 1-Millions",269.667
Glucose: Supply and use,1997,"U.S. population, July 1-Millions",272.912
Glucose: Supply and use,1998,"U.S. population, July 1-Millions",276.115
Glucose: Supply and use,1999,"U.S. population, July 1-Millions",279.295
Glucose: Supply and use,2000,"U.S. population, July 1-Millions",282.385
Glucose: Supply and use,2001,"U.S. population, July 1-Millions",285.309019
Glucose: Supply and use,2002,"U.S. population, July 1-Millions",288.104818
Glucose: Supply and use,2003,"U.S. population, July 1-Millions",290.819634
Glucose: Supply and use,2004,"U.S. population, July 1-Millions",293.463185
Glucose: Supply and use,2005,"U.S. population, July 1-Millions",296.186216
Glucose: Supply and use,2006,"U.S. population, July 1-Millions",298.995825
Glucose: Supply and use,2007,"U.S. population, July 1-Millions",302.003917
Glucose: Supply and use,2008,"U.S. population, July 1-Millions",304.797761
Glucose: Supply and use,2009,"U.S. population, July 1-Millions",307.439406
Glucose: Supply and use,2010,"U.S. population, July 1-Millions",309.741279
Glucose: Supply and use,2011,"U.S. population, July 1-Millions",311.973914
Glucose: Supply and use,2012,"U.S. population, July 1-Millions",314.167558
Glucose: Supply and use,2013,"U.S. population, July 1-Millions",316.294766
Glucose: Supply and use,2014,"U.S. population, July 1-Millions",318.576955
Glucose: Supply and use,2015,"U.S. population, July 1-Millions",320.870703
Glucose: Supply and use,2016,"U.S. population, July 1-Millions",323.161011
Glucose: Supply and use,2017,"U.S. population, July 1-Millions",325.20603
Glucose: Supply and use,2018,"U.S. population, July 1-Millions",326.923976
Glucose: Supply and use,2019,"U.S. population, July 1-Millions",328.475998
Glucose: Supply and use,2020,"U.S. population, July 1-Millions",330.11398
Glucose: Supply and use,2021,"U.S. population, July 1-Millions",332.298819
Glucose: Supply and use,2022,"U.S. population, July 1-Millions",333.521104
Glucose: Supply and use,2023,"U.S. population, July 1-Millions",335.160938
Glucose: Supply and use,1964,"Supply-Production-1,000 short tons, dry weight",1211.415
Glucose: Supply and use,1965,"Supply-Production-1,000 short tons, dry weight",1226.186
Glucose: Supply and use,1966,"Supply-Production-1,000 short tons, dry weight",1268.148
Glucose: Supply and use,1967,"Supply-Production-1,000 short tons, dry weight",1306.474
Glucose: Supply and use,1968,"Supply-Production-1,000 short tons, dry weight",1390.573
Glucose: Supply and use,1969,"Supply-Production-1,000 short tons, dry weight",1418.512
Glucose: Supply and use,1970,"Supply-Production-1,000 short tons, dry weight",1476.987
Glucose: Supply and use,1971,"Supply-Production-1,000 short tons, dry weight",1517.934
Glucose: Supply and use,1972,"Supply-Production-1,000 short tons, dry weight",1649.719
Glucose: Supply and use,1973,"Supply-Production-1,000 short tons, dry weight",1851.197
Glucose: Supply and use,1974,"Supply-Production-1,000 short tons, dry weight",2063.236
Glucose: Supply and use,1975,"Supply-Production-1,000 short tons, dry weight",2080.789
Glucose: Supply and use,1976,"Supply-Production-1,000 short tons, dry weight",1969.58
Glucose: Supply and use,1977,"Supply-Production-1,000 short tons, dry weight",2054.391
Glucose: Supply and use,1978,"Supply-Production-1,000 short tons, dry weight",2084.23
Glucose: Supply and use,1979,"Supply-Production-1,000 short tons, dry weight",2087.933
Glucose: Supply and use,1980,"Supply-Production-1,000 short tons, dry weight",1906.069
Glucose: Supply and use,1981,"Supply-Production-1,000 short tons, dry weight",1949.119
Glucose: Supply and use,1982,"Supply-Production-1,000 short tons, dry weight",1980.797
Glucose: Supply and use,1983,"Supply-Production-1,000 short tons, dry weight",2028.05
Glucose: Supply and use,1984,"Supply-Production-1,000 short tons, dry weight",2089.407
Glucose: Supply and use,1985,"Supply-Production-1,000 short tons, dry weight",2142.731
Glucose: Supply and use,1986,"Supply-Production-1,000 short tons, dry weight",2177.061
Glucose: Supply and use,1987,"Supply-Production-1,000 short tons, dry weight",2236.088
Glucose: Supply and use,1988,"Supply-Production-1,000 short tons, dry weight",2326.935
Glucose: Supply and use,1989,"Supply-Production-1,000 short tons, dry weight",2121.349646
Glucose: Supply and use,1990,"Supply-Production-1,000 short tons, dry weight",2374.147252
Glucose: Supply and use,1991,"Supply-Production-1,000 short tons, dry weight",2486.973919
Glucose: Supply and use,1992,"Supply-Production-1,000 short tons, dry weight",2641.906615
Glucose: Supply and use,1993,"Supply-Production-1,000 short tons, dry weight",2720.53236
Glucose: Supply and use,1994,"Supply-Production-1,000 short tons, dry weight",2821.750899
Glucose: Supply and use,1995,"Supply-Production-1,000 short tons, dry weight",2931.797419
Glucose: Supply and use,1996,"Supply-Production-1,000 short tons, dry weight",2999.920003
Glucose: Supply and use,1997,"Supply-Production-1,000 short tons, dry weight",3225.373783
Glucose: Supply and use,1998,"Supply-Production-1,000 short tons, dry weight",3087.562736
Glucose: Supply and use,1999,"Supply-Production-1,000 short tons, dry weight",3000.409456
Glucose: Supply and use,2000,"Supply-Production-1,000 short tons, dry weight",3038.522123
Glucose: Supply and use,2001,"Supply-Production-1,000 short tons, dry weight",3036.541109
Glucose: Supply and use,2002,"Supply-Production-1,000 short tons, dry weight",3020.995951
Glucose: Supply and use,2003,"Supply-Production-1,000 short tons, dry weight",3100.742822
Glucose: Supply and use,2004,"Supply-Production-1,000 short tons, dry weight",3156.188907
Glucose: Supply and use,2005,"Supply-Production-1,000 short tons, dry weight",3125.761051
Glucose: Supply and use,2006,"Supply-Production-1,000 short tons, dry weight",3451.492577
Glucose: Supply and use,2007,"Supply-Production-1,000 short tons, dry weight",3547.439692
Glucose: Supply and use,2008,"Supply-Production-1,000 short tons, dry weight",3496.778454
Glucose: Supply and use,2009,"Supply-Production-1,000 short tons, dry weight",3362.62925
Glucose: Supply and use,2010,"Supply-Production-1,000 short tons, dry weight",3624.489227
Glucose: Supply and use,2011,"Supply-Production-1,000 short tons, dry weight",4076.892172
Glucose: Supply and use,2012,"Supply-Production-1,000 short tons, dry weight",3964.841707
Glucose: Supply and use,2013,"Supply-Production-1,000 short tons, dry weight",4214.388983
Glucose: Supply and use,2014,"Supply-Production-1,000 short tons, dry weight",4392.114112
Glucose: Supply and use,2015,"Supply-Production-1,000 short tons, dry weight",4211.880751
Glucose: Supply and use,2016,"Supply-Production-1,000 short tons, dry weight",5327.152247
Glucose: Supply and use,2017,"Supply-Production-1,000 short tons, dry weight",5559.321465
Glucose: Supply and use,2018,"Supply-Production-1,000 short tons, dry weight",5437.079096
Glucose: Supply and use,2019,"Supply-Production-1,000 short tons, dry weight",5199.521693
Glucose: Supply and use,2020,"Supply-Production-1,000 short tons, dry weight",5087.885362
Glucose: Supply and use,2021,"Supply-Production-1,000 short tons, dry weight",5390.865427
Glucose: Supply and use,2022,"Supply-Production-1,000 short tons, dry weight",5346.174393
Glucose: Supply and use,2023,"Supply-Production-1,000 short tons, dry weight",4993.371541
Glucose: Supply and use,1964,"Supply-Imports-1,000 short tons, dry weight",0.116
Glucose: Supply and use,1965,"Supply-Imports-1,000 short tons, dry weight",0.121
Glucose: Supply and use,1966,"Supply-Imports-1,000 short tons, dry weight",0.148
Glucose: Supply and use,1967,"Supply-Imports-1,000 short tons, dry weight",0.318
Glucose: Supply and use,1968,"Supply-Imports-1,000 short tons, dry weight",1.412
Glucose: Supply and use,1969,"Supply-Imports-1,000 short tons, dry weight",0.167
Glucose: Supply and use,1970,"Supply-Imports-1,000 short tons, dry weight",0.105
Glucose: Supply and use,1971,"Supply-Imports-1,000 short tons, dry weight",0.136
Glucose: Supply and use,1972,"Supply-Imports-1,000 short tons, dry weight",0.001
Glucose: Supply and use,1973,"Supply-Imports-1,000 short tons, dry weight",0.281
Glucose: Supply and use,1974,"Supply-Imports-1,000 short tons, dry weight",0.131
Glucose: Supply and use,1975,"Supply-Imports-1,000 short tons, dry weight",1.003
Glucose: Supply and use,1976,"Supply-Imports-1,000 short tons, dry weight",1.636
Glucose: Supply and use,1977,"Supply-Imports-1,000 short tons, dry weight",0.107
Glucose: Supply and use,1978,"Supply-Imports-1,000 short tons, dry weight",0.111
Glucose: Supply and use,1979,"Supply-Imports-1,000 short tons, dry weight",0.051
Glucose: Supply and use,1980,"Supply-Imports-1,000 short tons, dry weight",0.001
Glucose: Supply and use,1981,"Supply-Imports-1,000 short tons, dry weight",0.019
Glucose: Supply and use,1982,"Supply-Imports-1,000 short tons, dry weight",0.039
Glucose: Supply and use,1983,"Supply-Imports-1,000 short tons, dry weight",1.45
Glucose: Supply and use,1984,"Supply-Imports-1,000 short tons, dry weight",0.707
Glucose: Supply and use,1985,"Supply-Imports-1,000 short tons, dry weight",0.445
Glucose: Supply and use,1986,"Supply-Imports-1,000 short tons, dry weight",2.709
Glucose: Supply and use,1987,"Supply-Imports-1,000 short tons, dry weight",0.176
Glucose: Supply and use,1988,"Supply-Imports-1,000 short tons, dry weight",0.066
Glucose: Supply and use,1989,"Supply-Imports-1,000 short tons, dry weight",5.739002171
Glucose: Supply and use,1990,"Supply-Imports-1,000 short tons, dry weight",7.291493185
Glucose: Supply and use,1991,"Supply-Imports-1,000 short tons, dry weight",14.59457737
Glucose: Supply and use,1992,"Supply-Imports-1,000 short tons, dry weight",17.15258021
Glucose: Supply and use,1993,"Supply-Imports-1,000 short tons, dry weight",15.31955251
Glucose: Supply and use,1994,"Supply-Imports-1,000 short tons, dry weight",13.34299116
Glucose: Supply and use,1995,"Supply-Imports-1,000 short tons, dry weight",13.20891619
Glucose: Supply and use,1996,"Supply-Imports-1,000 short tons, dry weight",18.70487207
Glucose: Supply and use,1997,"Supply-Imports-1,000 short tons, dry weight",22.27703197
Glucose: Supply and use,1998,"Supply-Imports-1,000 short tons, dry weight",22.47196433
Glucose: Supply and use,1999,"Supply-Imports-1,000 short tons, dry weight",18.48123351
Glucose: Supply and use,2000,"Supply-Imports-1,000 short tons, dry weight",20.23249134
Glucose: Supply and use,2001,"Supply-Imports-1,000 short tons, dry weight",18.24013896
Glucose: Supply and use,2002,"Supply-Imports-1,000 short tons, dry weight",22.89323495
Glucose: Supply and use,2003,"Supply-Imports-1,000 short tons, dry weight",15.50200784
Glucose: Supply and use,2004,"Supply-Imports-1,000 short tons, dry weight",26.94369107
Glucose: Supply and use,2005,"Supply-Imports-1,000 short tons, dry weight",27.21195165
Glucose: Supply and use,2006,"Supply-Imports-1,000 short tons, dry weight",37.71523665
Glucose: Supply and use,2007,"Supply-Imports-1,000 short tons, dry weight",51.42026263
Glucose: Supply and use,2008,"Supply-Imports-1,000 short tons, dry weight",56.90961709
Glucose: Supply and use,2009,"Supply-Imports-1,000 short tons, dry weight",48.98843748
Glucose: Supply and use,2010,"Supply-Imports-1,000 short tons, dry weight",52.81648627
Glucose: Supply and use,2011,"Supply-Imports-1,000 short tons, dry weight",58.16063503
Glucose: Supply and use,2012,"Supply-Imports-1,000 short tons, dry weight",48.23004273
Glucose: Supply and use,2013,"Supply-Imports-1,000 short tons, dry weight",51.62477051
Glucose: Supply and use,2014,"Supply-Imports-1,000 short tons, dry weight",70.62426107
Glucose: Supply and use,2015,"Supply-Imports-1,000 short tons, dry weight",74.29202835
Glucose: Supply and use,2016,"Supply-Imports-1,000 short tons, dry weight",113.2110559
Glucose: Supply and use,2017,"Supply-Imports-1,000 short tons, dry weight",84.66623326
Glucose: Supply and use,2018,"Supply-Imports-1,000 short tons, dry weight",114.2839947
Glucose: Supply and use,2019,"Supply-Imports-1,000 short tons, dry weight",140.1814404
Glucose: Supply and use,2020,"Supply-Imports-1,000 short tons, dry weight",125.5973378
Glucose: Supply and use,2021,"Supply-Imports-1,000 short tons, dry weight",153.8494601
Glucose: Supply and use,2022,"Supply-Imports-1,000 short tons, dry weight",166.3383429
Glucose: Supply and use,2023,"Supply-Imports-1,000 short tons, dry weight",144.6253133
Glucose: Supply and use,1964,"Supply-Total supply-1,000 short tons, dry weight",1211.531
Glucose: Supply and use,1965,"Supply-Total supply-1,000 short tons, dry weight",1226.307
Glucose: Supply and use,1966,"Supply-Total supply-1,000 short tons, dry weight",1268.296
Glucose: Supply and use,1967,"Supply-Total supply-1,000 short tons, dry weight",1306.792
Glucose: Supply and use,1968,"Supply-Total supply-1,000 short tons, dry weight",1391.985
Glucose: Supply and use,1969,"Supply-Total supply-1,000 short tons, dry weight",1418.679
Glucose: Supply and use,1970,"Supply-Total supply-1,000 short tons, dry weight",1477.092
Glucose: Supply and use,1971,"Supply-Total supply-1,000 short tons, dry weight",1518.07
Glucose: Supply and use,1972,"Supply-Total supply-1,000 short tons, dry weight",1649.72
Glucose: Supply and use,1973,"Supply-Total supply-1,000 short tons, dry weight",1851.478
Glucose: Supply and use,1974,"Supply-Total supply-1,000 short tons, dry weight",2063.367
Glucose: Supply and use,1975,"Supply-Total supply-1,000 short tons, dry weight",2081.792
Glucose: Supply and use,1976,"Supply-Total supply-1,000 short tons, dry weight",1971.216
Glucose: Supply and use,1977,"Supply-Total supply-1,000 short tons, dry weight",2054.498
Glucose: Supply and use,1978,"Supply-Total supply-1,000 short tons, dry weight",2084.341
Glucose: Supply and use,1979,"Supply-Total supply-1,000 short tons, dry weight",2087.984
Glucose: Supply and use,1980,"Supply-Total supply-1,000 short tons, dry weight",1906.07
Glucose: Supply and use,1981,"Supply-Total supply-1,000 short tons, dry weight",1949.138
Glucose: Supply and use,1982,"Supply-Total supply-1,000 short tons, dry weight",1980.836
Glucose: Supply and use,1983,"Supply-Total supply-1,000 short tons, dry weight",2029.5
Glucose: Supply and use,1984,"Supply-Total supply-1,000 short tons, dry weight",2090.114
Glucose: Supply and use,1985,"Supply-Total supply-1,000 short tons, dry weight",2143.176
Glucose: Supply and use,1986,"Supply-Total supply-1,000 short tons, dry weight",2179.77
Glucose: Supply and use,1987,"Supply-Total supply-1,000 short tons, dry weight",2236.264
Glucose: Supply and use,1988,"Supply-Total supply-1,000 short tons, dry weight",2327.001
Glucose: Supply and use,1989,"Supply-Total supply-1,000 short tons, dry weight",2127.088648
Glucose: Supply and use,1990,"Supply-Total supply-1,000 short tons, dry weight",2381.438746
Glucose: Supply and use,1991,"Supply-Total supply-1,000 short tons, dry weight",2501.568496
Glucose: Supply and use,1992,"Supply-Total supply-1,000 short tons, dry weight",2659.059195
Glucose: Supply and use,1993,"Supply-Total supply-1,000 short tons, dry weight",2735.851913
Glucose: Supply and use,1994,"Supply-Total supply-1,000 short tons, dry weight",2835.09389
Glucose: Supply and use,1995,"Supply-Total supply-1,000 short tons, dry weight",2945.006335
Glucose: Supply and use,1996,"Supply-Total supply-1,000 short tons, dry weight",3018.624875
Glucose: Supply and use,1997,"Supply-Total supply-1,000 short tons, dry weight",3247.650815
Glucose: Supply and use,1998,"Supply-Total supply-1,000 short tons, dry weight",3110.0347
Glucose: Supply and use,1999,"Supply-Total supply-1,000 short tons, dry weight",3018.89069
Glucose: Supply and use,2000,"Supply-Total supply-1,000 short tons, dry weight",3058.754614
Glucose: Supply and use,2001,"Supply-Total supply-1,000 short tons, dry weight",3054.781248
Glucose: Supply and use,2002,"Supply-Total supply-1,000 short tons, dry weight",3043.889185
Glucose: Supply and use,2003,"Supply-Total supply-1,000 short tons, dry weight",3116.244829
Glucose: Supply and use,2004,"Supply-Total supply-1,000 short tons, dry weight",3183.132598
Glucose: Supply and use,2005,"Supply-Total supply-1,000 short tons, dry weight",3152.973003
Glucose: Supply and use,2006,"Supply-Total supply-1,000 short tons, dry weight",3489.207814
Glucose: Supply and use,2007,"Supply-Total supply-1,000 short tons, dry weight",3598.859955
Glucose: Supply and use,2008,"Supply-Total supply-1,000 short tons, dry weight",3553.688072
Glucose: Supply and use,2009,"Supply-Total supply-1,000 short tons, dry weight",3411.617688
Glucose: Supply and use,2010,"Supply-Total supply-1,000 short tons, dry weight",3677.305713
Glucose: Supply and use,2011,"Supply-Total supply-1,000 short tons, dry weight",4135.052808
Glucose: Supply and use,2012,"Supply-Total supply-1,000 short tons, dry weight",4013.07175
Glucose: Supply and use,2013,"Supply-Total supply-1,000 short tons, dry weight",4266.013754
Glucose: Supply and use,2014,"Supply-Total supply-1,000 short tons, dry weight",4462.738373
Glucose: Supply and use,2015,"Supply-Total supply-1,000 short tons, dry weight",4286.172779
Glucose: Supply and use,2016,"Supply-Total supply-1,000 short tons, dry weight",5440.363303
Glucose: Supply and use,2017,"Supply-Total supply-1,000 short tons, dry weight",5643.987698
Glucose: Supply and use,2018,"Supply-Total supply-1,000 short tons, dry weight",5551.363091
Glucose: Supply and use,2019,"Supply-Total supply-1,000 short tons, dry weight",5339.703134
Glucose: Supply and use,2020,"Supply-Total supply-1,000 short tons, dry weight",5213.482699
Glucose: Supply and use,2021,"Supply-Total supply-1,000 short tons, dry weight",5544.714887
Glucose: Supply and use,2022,"Supply-Total supply-1,000 short tons, dry weight",5512.512736
Glucose: Supply and use,2023,"Supply-Total supply-1,000 short tons, dry weight",5137.996854
Glucose: Supply and use,1964,"Use-Net change in stocks-1,000 short tons, dry weight",-0.000185007
Glucose: Supply and use,1965,"Use-Net change in stocks-1,000 short tons, dry weight",-11.22524929
Glucose: Supply and use,1966,"Use-Net change in stocks-1,000 short tons, dry weight",-1.2713
Glucose: Supply and use,1967,"Use-Net change in stocks-1,000 short tons, dry weight",-11.19353357
Glucose: Supply and use,1968,"Use-Net change in stocks-1,000 short tons, dry weight",10.66193552
Glucose: Supply and use,1969,"Use-Net change in stocks-1,000 short tons, dry weight",-6.052948318
Glucose: Supply and use,1970,"Use-Net change in stocks-1,000 short tons, dry weight",1.693629407
Glucose: Supply and use,1971,"Use-Net change in stocks-1,000 short tons, dry weight",-38.96250595
Glucose: Supply and use,1972,"Use-Net change in stocks-1,000 short tons, dry weight",-32.346
Glucose: Supply and use,1973,"Use-Net change in stocks-1,000 short tons, dry weight",-0.947
Glucose: Supply and use,1974,"Use-Net change in stocks-1,000 short tons, dry weight",81.01
Glucose: Supply and use,1975,"Use-Net change in stocks-1,000 short tons, dry weight",56.893
Glucose: Supply and use,1976,"Use-Net change in stocks-1,000 short tons, dry weight",-55.796
Glucose: Supply and use,1977,"Use-Net change in stocks-1,000 short tons, dry weight",26.112
Glucose: Supply and use,1978,"Use-Net change in stocks-1,000 short tons, dry weight",11.499
Glucose: Supply and use,1979,"Use-Net change in stocks-1,000 short tons, dry weight",56.489
Glucose: Supply and use,1980,"Use-Net change in stocks-1,000 short tons, dry weight",-66.26
Glucose: Supply and use,1981,"Use-Net change in stocks-1,000 short tons, dry weight",-38.302
Glucose: Supply and use,1982,"Use-Net change in stocks-1,000 short tons, dry weight",2.404
Glucose: Supply and use,1983,"Use-Net change in stocks-1,000 short tons, dry weight",-7.998
Glucose: Supply and use,1984,"Use-Net change in stocks-1,000 short tons, dry weight",18.094
Glucose: Supply and use,1985,"Use-Net change in stocks-1,000 short tons, dry weight",-2.388
Glucose: Supply and use,1986,"Use-Net change in stocks-1,000 short tons, dry weight",0.6
Glucose: Supply and use,1987,"Use-Net change in stocks-1,000 short tons, dry weight",-6.461
Glucose: Supply and use,1988,"Use-Net change in stocks-1,000 short tons, dry weight",-17.049
Glucose: Supply and use,1989,"Use-Net change in stocks-1,000 short tons, dry weight",-57.30842183
Glucose: Supply and use,1990,"Use-Net change in stocks-1,000 short tons, dry weight",40.2368487
Glucose: Supply and use,1991,"Use-Net change in stocks-1,000 short tons, dry weight",34.34453032
Glucose: Supply and use,1992,"Use-Net change in stocks-1,000 short tons, dry weight",61.49583017
Glucose: Supply and use,1993,"Use-Net change in stocks-1,000 short tons, dry weight",30.87829669
Glucose: Supply and use,1994,"Use-Net change in stocks-1,000 short tons, dry weight",30.37063177
Glucose: Supply and use,1995,"Use-Net change in stocks-1,000 short tons, dry weight",36.64001602
Glucose: Supply and use,1996,"Use-Net change in stocks-1,000 short tons, dry weight",17.86532248
Glucose: Supply and use,1997,"Use-Net change in stocks-1,000 short tons, dry weight",63.06904479
Glucose: Supply and use,1998,"Use-Net change in stocks-1,000 short tons, dry weight",-20.36016613
Glucose: Supply and use,1999,"Use-Net change in stocks-1,000 short tons, dry weight",-27.70358295
Glucose: Supply and use,2000,"Use-Net change in stocks-1,000 short tons, dry weight",0.534531884
Glucose: Supply and use,2001,"Use-Net change in stocks-1,000 short tons, dry weight",-4.807364982
Glucose: Supply and use,2002,"Use-Net change in stocks-1,000 short tons, dry weight",-8.797630458
Glucose: Supply and use,2003,"Use-Net change in stocks-1,000 short tons, dry weight",13.81492794
Glucose: Supply and use,2004,"Use-Net change in stocks-1,000 short tons, dry weight",23.04132012
Glucose: Supply and use,2005,"Use-Net change in stocks-1,000 short tons, dry weight",-14.68144529
Glucose: Supply and use,2006,"Use-Net change in stocks-1,000 short tons, dry weight",60.71270517
Glucose: Supply and use,2007,"Use-Net change in stocks-1,000 short tons, dry weight",28.58400569
Glucose: Supply and use,2008,"Use-Net change in stocks-1,000 short tons, dry weight",6.78337495
Glucose: Supply and use,2009,"Use-Net change in stocks-1,000 short tons, dry weight",-33.04814624
Glucose: Supply and use,2010,"Use-Net change in stocks-1,000 short tons, dry weight",31.42030849
Glucose: Supply and use,2011,"Use-Net change in stocks-1,000 short tons, dry weight",86.2866813
Glucose: Supply and use,2012,"Use-Net change in stocks-1,000 short tons, dry weight",21.22246191
Glucose: Supply and use,2013,"Use-Net change in stocks-1,000 short tons, dry weight",68.07069793
Glucose: Supply and use,2014,"Use-Net change in stocks-1,000 short tons, dry weight",68.26810816
Glucose: Supply and use,2015,"Use-Net change in stocks-1,000 short tons, dry weight",-11.30173253
Glucose: Supply and use,2016,"Use-Net change in stocks-1,000 short tons, dry weight",298.8698689
Glucose: Supply and use,2017,"Use-Net change in stocks-1,000 short tons, dry weight",125.8690681
Glucose: Supply and use,2018,"Use-Net change in stocks-1,000 short tons, dry weight",16.13825972
Glucose: Supply and use,2019,"Use-Net change in stocks-1,000 short tons, dry weight",-39.90516332
Glucose: Supply and use,2020,"Use-Net change in stocks-1,000 short tons, dry weight",-34.57794206
Glucose: Supply and use,2021,"Use-Net change in stocks-1,000 short tons, dry weight",63.33069027
Glucose: Supply and use,2022,"Use-Net change in stocks-1,000 short tons, dry weight",-19.18056402
Glucose: Supply and use,2023,"Use-Net change in stocks-1,000 short tons, dry weight",-106.4103298
Glucose: Supply and use,1964,"Use-Total use-1,000 short tons, dry weight",1211.531185
Glucose: Supply and use,1965,"Use-Total use-1,000 short tons, dry weight",1237.532249
Glucose: Supply and use,1966,"Use-Total use-1,000 short tons, dry weight",1269.5673
Glucose: Supply and use,1967,"Use-Total use-1,000 short tons, dry weight",1317.985534
Glucose: Supply and use,1968,"Use-Total use-1,000 short tons, dry weight",1381.323064
Glucose: Supply and use,1969,"Use-Total use-1,000 short tons, dry weight",1424.731948
Glucose: Supply and use,1970,"Use-Total use-1,000 short tons, dry weight",1475.398371
Glucose: Supply and use,1971,"Use-Total use-1,000 short tons, dry weight",1557.032506
Glucose: Supply and use,1972,"Use-Total use-1,000 short tons, dry weight",1682.066
Glucose: Supply and use,1973,"Use-Total use-1,000 short tons, dry weight",1852.425
Glucose: Supply and use,1974,"Use-Total use-1,000 short tons, dry weight",1982.357
Glucose: Supply and use,1975,"Use-Total use-1,000 short tons, dry weight",2024.899
Glucose: Supply and use,1976,"Use-Total use-1,000 short tons, dry weight",2027.012
Glucose: Supply and use,1977,"Use-Total use-1,000 short tons, dry weight",2028.386
Glucose: Supply and use,1978,"Use-Total use-1,000 short tons, dry weight",2072.842
Glucose: Supply and use,1979,"Use-Total use-1,000 short tons, dry weight",2031.495
Glucose: Supply and use,1980,"Use-Total use-1,000 short tons, dry weight",1972.33
Glucose: Supply and use,1981,"Use-Total use-1,000 short tons, dry weight",1987.44
Glucose: Supply and use,1982,"Use-Total use-1,000 short tons, dry weight",1978.432
Glucose: Supply and use,1983,"Use-Total use-1,000 short tons, dry weight",2037.498
Glucose: Supply and use,1984,"Use-Total use-1,000 short tons, dry weight",2072.02
Glucose: Supply and use,1985,"Use-Total use-1,000 short tons, dry weight",2145.564
Glucose: Supply and use,1986,"Use-Total use-1,000 short tons, dry weight",2179.17
Glucose: Supply and use,1987,"Use-Total use-1,000 short tons, dry weight",2242.725
Glucose: Supply and use,1988,"Use-Total use-1,000 short tons, dry weight",2344.05
Glucose: Supply and use,1989,"Use-Total use-1,000 short tons, dry weight",2184.39707
Glucose: Supply and use,1990,"Use-Total use-1,000 short tons, dry weight",2341.201897
Glucose: Supply and use,1991,"Use-Total use-1,000 short tons, dry weight",2467.223966
Glucose: Supply and use,1992,"Use-Total use-1,000 short tons, dry weight",2597.563365
Glucose: Supply and use,1993,"Use-Total use-1,000 short tons, dry weight",2704.973616
Glucose: Supply and use,1994,"Use-Total use-1,000 short tons, dry weight",2804.723258
Glucose: Supply and use,1995,"Use-Total use-1,000 short tons, dry weight",2908.366319
Glucose: Supply and use,1996,"Use-Total use-1,000 short tons, dry weight",3000.759552
Glucose: Supply and use,1997,"Use-Total use-1,000 short tons, dry weight",3184.581771
Glucose: Supply and use,1998,"Use-Total use-1,000 short tons, dry weight",3130.394866
Glucose: Supply and use,1999,"Use-Total use-1,000 short tons, dry weight",3046.594273
Glucose: Supply and use,2000,"Use-Total use-1,000 short tons, dry weight",3058.220082
Glucose: Supply and use,2001,"Use-Total use-1,000 short tons, dry weight",3059.588613
Glucose: Supply and use,2002,"Use-Total use-1,000 short tons, dry weight",3052.686816
Glucose: Supply and use,2003,"Use-Total use-1,000 short tons, dry weight",3102.429902
Glucose: Supply and use,2004,"Use-Total use-1,000 short tons, dry weight",3160.091278
Glucose: Supply and use,2005,"Use-Total use-1,000 short tons, dry weight",3167.654448
Glucose: Supply and use,2006,"Use-Total use-1,000 short tons, dry weight",3428.495108
Glucose: Supply and use,2007,"Use-Total use-1,000 short tons, dry weight",3570.275949
Glucose: Supply and use,2008,"Use-Total use-1,000 short tons, dry weight",3546.904697
Glucose: Supply and use,2009,"Use-Total use-1,000 short tons, dry weight",3444.665834
Glucose: Supply and use,2010,"Use-Total use-1,000 short tons, dry weight",3645.885405
Glucose: Supply and use,2011,"Use-Total use-1,000 short tons, dry weight",4048.766126
Glucose: Supply and use,2012,"Use-Total use-1,000 short tons, dry weight",3991.849288
Glucose: Supply and use,2013,"Use-Total use-1,000 short tons, dry weight",4197.943056
Glucose: Supply and use,2014,"Use-Total use-1,000 short tons, dry weight",4394.470265
Glucose: Supply and use,2015,"Use-Total use-1,000 short tons, dry weight",4297.474512
Glucose: Supply and use,2016,"Use-Total use-1,000 short tons, dry weight",5141.493434
Glucose: Supply and use,2017,"Use-Total use-1,000 short tons, dry weight",5518.11863
Glucose: Supply and use,2018,"Use-Total use-1,000 short tons, dry weight",5535.224831
Glucose: Supply and use,2019,"Use-Total use-1,000 short tons, dry weight",5379.608297
Glucose: Supply and use,2020,"Use-Total use-1,000 short tons, dry weight",5248.060641
Glucose: Supply and use,2021,"Use-Total use-1,000 short tons, dry weight",5481.384197
Glucose: Supply and use,2022,"Use-Total use-1,000 short tons, dry weight",5531.6933
Glucose: Supply and use,2023,"Use-Total use-1,000 short tons, dry weight",5244.407184
Glucose: Supply and use,1964,"Use-Exports-1,000 short tons, dry weight",9.139
Glucose: Supply and use,1965,"Use-Exports-1,000 short tons, dry weight",6.184
Glucose: Supply and use,1966,"Use-Exports-1,000 short tons, dry weight",0.5573
Glucose: Supply and use,1967,"Use-Exports-1,000 short tons, dry weight",6.207
Glucose: Supply and use,1968,"Use-Exports-1,000 short tons, dry weight",7.225
Glucose: Supply and use,1969,"Use-Exports-1,000 short tons, dry weight",10.172
Glucose: Supply and use,1970,"Use-Exports-1,000 short tons, dry weight",6.21
Glucose: Supply and use,1971,"Use-Exports-1,000 short tons, dry weight",6.211
Glucose: Supply and use,1972,"Use-Exports-1,000 short tons, dry weight",5.649
Glucose: Supply and use,1973,"Use-Exports-1,000 short tons, dry weight",6.456
Glucose: Supply and use,1974,"Use-Exports-1,000 short tons, dry weight",8.168
Glucose: Supply and use,1975,"Use-Exports-1,000 short tons, dry weight",5.036
Glucose: Supply and use,1976,"Use-Exports-1,000 short tons, dry weight",7.877
Glucose: Supply and use,1977,"Use-Exports-1,000 short tons, dry weight",4.676
Glucose: Supply and use,1978,"Use-Exports-1,000 short tons, dry weight",4.171
Glucose: Supply and use,1979,"Use-Exports-1,000 short tons, dry weight",4.233
Glucose: Supply and use,1980,"Use-Exports-1,000 short tons, dry weight",7.633
Glucose: Supply and use,1981,"Use-Exports-1,000 short tons, dry weight",3.915
Glucose: Supply and use,1982,"Use-Exports-1,000 short tons, dry weight",2.577
Glucose: Supply and use,1983,"Use-Exports-1,000 short tons, dry weight",4.702
Glucose: Supply and use,1984,"Use-Exports-1,000 short tons, dry weight",2.166
Glucose: Supply and use,1985,"Use-Exports-1,000 short tons, dry weight",2.218
Glucose: Supply and use,1986,"Use-Exports-1,000 short tons, dry weight",2.308
Glucose: Supply and use,1987,"Use-Exports-1,000 short tons, dry weight",3.355
Glucose: Supply and use,1988,"Use-Exports-1,000 short tons, dry weight",14.137
Glucose: Supply and use,1989,"Use-Exports-1,000 short tons, dry weight",18.69133552
Glucose: Supply and use,1990,"Use-Exports-1,000 short tons, dry weight",54.81585343
Glucose: Supply and use,1991,"Use-Exports-1,000 short tons, dry weight",74.32709433
Glucose: Supply and use,1992,"Use-Exports-1,000 short tons, dry weight",29.90500313
Glucose: Supply and use,1993,"Use-Exports-1,000 short tons, dry weight",33.1153973
Glucose: Supply and use,1994,"Use-Exports-1,000 short tons, dry weight",39.27800776
Glucose: Supply and use,1995,"Use-Exports-1,000 short tons, dry weight",43.47306767
Glucose: Supply and use,1996,"Use-Exports-1,000 short tons, dry weight",82.43510809
Glucose: Supply and use,1997,"Use-Exports-1,000 short tons, dry weight",82.30812137
Glucose: Supply and use,1998,"Use-Exports-1,000 short tons, dry weight",88.53399417
Glucose: Supply and use,1999,"Use-Exports-1,000 short tons, dry weight",85.57606779
Glucose: Supply and use,2000,"Use-Exports-1,000 short tons, dry weight",98.7202523
Glucose: Supply and use,2001,"Use-Exports-1,000 short tons, dry weight",114.1912393
Glucose: Supply and use,2002,"Use-Exports-1,000 short tons, dry weight",131.322961
Glucose: Supply and use,2003,"Use-Exports-1,000 short tons, dry weight",138.9889386
Glucose: Supply and use,2004,"Use-Exports-1,000 short tons, dry weight",126.3233592
Glucose: Supply and use,2005,"Use-Exports-1,000 short tons, dry weight",182.371377
Glucose: Supply and use,2006,"Use-Exports-1,000 short tons, dry weight",261.0852469
Glucose: Supply and use,2007,"Use-Exports-1,000 short tons, dry weight",317.1862974
Glucose: Supply and use,2008,"Use-Exports-1,000 short tons, dry weight",269.9936185
Glucose: Supply and use,2009,"Use-Exports-1,000 short tons, dry weight",261.1874947
Glucose: Supply and use,2010,"Use-Exports-1,000 short tons, dry weight",377.1395611
Glucose: Supply and use,2011,"Use-Exports-1,000 short tons, dry weight",520.946796
Glucose: Supply and use,2012,"Use-Exports-1,000 short tons, dry weight",400.5358959
Glucose: Supply and use,2013,"Use-Exports-1,000 short tons, dry weight",402.5608314
Glucose: Supply and use,2014,"Use-Exports-1,000 short tons, dry weight",394.4966528
Glucose: Supply and use,2015,"Use-Exports-1,000 short tons, dry weight",330.8910118
Glucose: Supply and use,2016,"Use-Exports-1,000 short tons, dry weight",278.534662
Glucose: Supply and use,2017,"Use-Exports-1,000 short tons, dry weight",277.232834
Glucose: Supply and use,2018,"Use-Exports-1,000 short tons, dry weight",245.503421
Glucose: Supply and use,2019,"Use-Exports-1,000 short tons, dry weight",210.5172223
Glucose: Supply and use,2020,"Use-Exports-1,000 short tons, dry weight",182.3471195
Glucose: Supply and use,2021,"Use-Exports-1,000 short tons, dry weight",226.1396633
Glucose: Supply and use,2022,"Use-Exports-1,000 short tons, dry weight",333.5834029
Glucose: Supply and use,2023,"Use-Exports-1,000 short tons, dry weight",365.2184071
Glucose: Supply and use,1964,"Use-Shipments to U.S. territories-1,000 short tons, dry weight",
Glucose: Supply and use,1965,"Use-Shipments to U.S. territories-1,000 short tons, dry weight",
Glucose: Supply and use,1966,"Use-Shipments to U.S. territories-1,000 short tons, dry weight",
Glucose: Supply and use,1967,"Use-Shipments to U.S. territories-1,000 short tons, dry weight",
Glucose: Supply and use,1968,"Use-Shipments to U.S. territories-1,000 short tons, dry weight",
Glucose: Supply and use,1969,"Use-Shipments to U.S. territories-1,000 short tons, dry weight",
Glucose: Supply and use,1970,"Use-Shipments to U.S. territories-1,000 short tons, dry weight",
Glucose: Supply and use,1971,"Use-Shipments to U.S. territories-1,000 short tons, dry weight",
Glucose: Supply and use,1972,"Use-Shipments to U.S. territories-1,000 short tons, dry weight",
Glucose: Supply and use,1973,"Use-Shipments to U.S. territories-1,000 short tons, dry weight",
Glucose: Supply and use,1974,"Use-Shipments to U.S. territories-1,000 short tons, dry weight",0.201
Glucose: Supply and use,1975,"Use-Shipments to U.S. territories-1,000 short tons, dry weight",0.402
Glucose: Supply and use,1976,"Use-Shipments to U.S. territories-1,000 short tons, dry weight",0.602
Glucose: Supply and use,1977,"Use-Shipments to U.S. territories-1,000 short tons, dry weight",0.803
Glucose: Supply and use,1978,"Use-Shipments to U.S. territories-1,000 short tons, dry weight",0.923
Glucose: Supply and use,1979,"Use-Shipments to U.S. territories-1,000 short tons, dry weight",1.679
Glucose: Supply and use,1980,"Use-Shipments to U.S. territories-1,000 short tons, dry weight",2.257
Glucose: Supply and use,1981,"Use-Shipments to U.S. territories-1,000 short tons, dry weight",2.05
Glucose: Supply and use,1982,"Use-Shipments to U.S. territories-1,000 short tons, dry weight",3.441
Glucose: Supply and use,1983,"Use-Shipments to U.S. territories-1,000 short tons, dry weight",1.471
Glucose: Supply and use,1984,"Use-Shipments to U.S. territories-1,000 short tons, dry weight",0.237
Glucose: Supply and use,1985,"Use-Shipments to U.S. territories-1,000 short tons, dry weight",0.194
Glucose: Supply and use,1986,"Use-Shipments to U.S. territories-1,000 short tons, dry weight",0.234
Glucose: Supply and use,1987,"Use-Shipments to U.S. territories-1,000 short tons, dry weight",0.434
Glucose: Supply and use,1988,"Use-Shipments to U.S. territories-1,000 short tons, dry weight",0.824
Glucose: Supply and use,1989,"Use-Shipments to U.S. territories-1,000 short tons, dry weight",8.542
Glucose: Supply and use,1990,"Use-Shipments to U.S. territories-1,000 short tons, dry weight",8.511762897
Glucose: Supply and use,1991,"Use-Shipments to U.S. territories-1,000 short tons, dry weight",11.989
Glucose: Supply and use,1992,"Use-Shipments to U.S. territories-1,000 short tons, dry weight",2.263
Glucose: Supply and use,1993,"Use-Shipments to U.S. territories-1,000 short tons, dry weight",13.82796669
Glucose: Supply and use,1994,"Use-Shipments to U.S. territories-1,000 short tons, dry weight",16.30310296
Glucose: Supply and use,1995,"Use-Shipments to U.S. territories-1,000 short tons, dry weight",5.831055679
Glucose: Supply and use,1996,"Use-Shipments to U.S. territories-1,000 short tons, dry weight",5.666281158
Glucose: Supply and use,1997,"Use-Shipments to U.S. territories-1,000 short tons, dry weight",0.408351901
Glucose: Supply and use,1998,"Use-Shipments to U.S. territories-1,000 short tons, dry weight",1.076073086
Glucose: Supply and use,1999,"Use-Shipments to U.S. territories-1,000 short tons, dry weight",3.344154915
Glucose: Supply and use,2000,"Use-Shipments to U.S. territories-1,000 short tons, dry weight",0.222184264
Glucose: Supply and use,2001,"Use-Shipments to U.S. territories-1,000 short tons, dry weight",0.541823202
Glucose: Supply and use,2002,"Use-Shipments to U.S. territories-1,000 short tons, dry weight",2.901195541
Glucose: Supply and use,2003,"Use-Shipments to U.S. territories-1,000 short tons, dry weight",3.533519702
Glucose: Supply and use,2004,"Use-Shipments to U.S. territories-1,000 short tons, dry weight",4.736514887
Glucose: Supply and use,2005,"Use-Shipments to U.S. territories-1,000 short tons, dry weight",0.296003745
Glucose: Supply and use,2006,"Use-Shipments to U.S. territories-1,000 short tons, dry weight",0.284678291
Glucose: Supply and use,2007,"Use-Shipments to U.S. territories-1,000 short tons, dry weight",0.212451189
Glucose: Supply and use,2008,"Use-Shipments to U.S. territories-1,000 short tons, dry weight",3.68375303
Glucose: Supply and use,2009,"Use-Shipments to U.S. territories-1,000 short tons, dry weight",9.395452845
Glucose: Supply and use,2010,"Use-Shipments to U.S. territories-1,000 short tons, dry weight",0.402031952
Glucose: Supply and use,2011,"Use-Shipments to U.S. territories-1,000 short tons, dry weight",0.615474505
Glucose: Supply and use,2012,"Use-Shipments to U.S. territories-1,000 short tons, dry weight",0.44215035
Glucose: Supply and use,2013,"Use-Shipments to U.S. territories-1,000 short tons, dry weight",0.298889324
Glucose: Supply and use,2014,"Use-Shipments to U.S. territories-1,000 short tons, dry weight",0.08595219
Glucose: Supply and use,2015,"Use-Shipments to U.S. territories-1,000 short tons, dry weight",0.601037759
Glucose: Supply and use,2016,"Use-Shipments to U.S. territories-1,000 short tons, dry weight",0.366703083
Glucose: Supply and use,2017,"Use-Shipments to U.S. territories-1,000 short tons, dry weight",0.686522591
Glucose: Supply and use,2018,"Use-Shipments to U.S. territories-1,000 short tons, dry weight",1.107357718
Glucose: Supply and use,2019,"Use-Shipments to U.S. territories-1,000 short tons, dry weight",0.19251237
Glucose: Supply and use,2020,"Use-Shipments to U.S. territories-1,000 short tons, dry weight",0.548785767
Glucose: Supply and use,2021,"Use-Shipments to U.S. territories-1,000 short tons, dry weight",0.087726909
Glucose: Supply and use,2022,"Use-Shipments to U.S. territories-1,000 short tons, dry weight",0.49478207
Glucose: Supply and use,2023,"Use-Shipments to U.S. territories-1,000 short tons, dry weight",0.804651641
Glucose: Supply and use,1964,"Use-Nonfood use-1,000 short tons, dry weight",300.5980463
Glucose: Supply and use,1965,"Use-Nonfood use-1,000 short tons, dry weight",307.8370623
Glucose: Supply and use,1966,"Use-Nonfood use-1,000 short tons, dry weight",317.2525
Glucose: Supply and use,1967,"Use-Nonfood use-1,000 short tons, dry weight",327.9446334
Glucose: Supply and use,1968,"Use-Nonfood use-1,000 short tons, dry weight",343.5245161
Glucose: Supply and use,1969,"Use-Nonfood use-1,000 short tons, dry weight",353.6399871
Glucose: Supply and use,1970,"Use-Nonfood use-1,000 short tons, dry weight",367.2970926
Glucose: Supply and use,1971,"Use-Nonfood use-1,000 short tons, dry weight",387.7053765
Glucose: Supply and use,1972,"Use-Nonfood use-1,000 short tons, dry weight",419.10425
Glucose: Supply and use,1973,"Use-Nonfood use-1,000 short tons, dry weight",461.49225
Glucose: Supply and use,1974,"Use-Nonfood use-1,000 short tons, dry weight",493.497
Glucose: Supply and use,1975,"Use-Nonfood use-1,000 short tons, dry weight",504.86525
Glucose: Supply and use,1976,"Use-Nonfood use-1,000 short tons, dry weight",504.63325
Glucose: Supply and use,1977,"Use-Nonfood use-1,000 short tons, dry weight",505.72675
Glucose: Supply and use,1978,"Use-Nonfood use-1,000 short tons, dry weight",516.937
Glucose: Supply and use,1979,"Use-Nonfood use-1,000 short tons, dry weight",506.39575
Glucose: Supply and use,1980,"Use-Nonfood use-1,000 short tons, dry weight",490.61
Glucose: Supply and use,1981,"Use-Nonfood use-1,000 short tons, dry weight",495.36875
Glucose: Supply and use,1982,"Use-Nonfood use-1,000 short tons, dry weight",493.1035
Glucose: Supply and use,1983,"Use-Nonfood use-1,000 short tons, dry weight",507.83125
Glucose: Supply and use,1984,"Use-Nonfood use-1,000 short tons, dry weight",517.40425
Glucose: Supply and use,1985,"Use-Nonfood use-1,000 short tons, dry weight",535.788
Glucose: Supply and use,1986,"Use-Nonfood use-1,000 short tons, dry weight",544.157
Glucose: Supply and use,1987,"Use-Nonfood use-1,000 short tons, dry weight",559.734
Glucose: Supply and use,1988,"Use-Nonfood use-1,000 short tons, dry weight",582.27225
Glucose: Supply and use,1989,"Use-Nonfood use-1,000 short tons, dry weight",570.2678049
Glucose: Supply and use,1990,"Use-Nonfood use-1,000 short tons, dry weight",577.3819054
Glucose: Supply and use,1991,"Use-Nonfood use-1,000 short tons, dry weight",604.8339311
Glucose: Supply and use,1992,"Use-Nonfood use-1,000 short tons, dry weight",622.1340292
Glucose: Supply and use,1993,"Use-Nonfood use-1,000 short tons, dry weight",610.0817356
Glucose: Supply and use,1994,"Use-Nonfood use-1,000 short tons, dry weight",659.1068298
Glucose: Supply and use,1995,"Use-Nonfood use-1,000 short tons, dry weight",685.6774501
Glucose: Supply and use,1996,"Use-Nonfood use-1,000 short tons, dry weight",699.0379591
Glucose: Supply and use,1997,"Use-Nonfood use-1,000 short tons, dry weight",741.3606206
Glucose: Supply and use,1998,"Use-Nonfood use-1,000 short tons, dry weight",687.4655291
Glucose: Supply and use,1999,"Use-Nonfood use-1,000 short tons, dry weight",680.9651217
Glucose: Supply and use,2000,"Use-Nonfood use-1,000 short tons, dry weight",734.2934344
Glucose: Supply and use,2001,"Use-Nonfood use-1,000 short tons, dry weight",745.7137089
Glucose: Supply and use,2002,"Use-Nonfood use-1,000 short tons, dry weight",701.7195879
Glucose: Supply and use,2003,"Use-Nonfood use-1,000 short tons, dry weight",760.6962129
Glucose: Supply and use,2004,"Use-Nonfood use-1,000 short tons, dry weight",749.7377189
Glucose: Supply and use,2005,"Use-Nonfood use-1,000 short tons, dry weight",738.5691922
Glucose: Supply and use,2006,"Use-Nonfood use-1,000 short tons, dry weight",1127.020146
Glucose: Supply and use,2007,"Use-Nonfood use-1,000 short tons, dry weight",1198.970242
Glucose: Supply and use,2008,"Use-Nonfood use-1,000 short tons, dry weight",1252.705418
Glucose: Supply and use,2009,"Use-Nonfood use-1,000 short tons, dry weight",1195.784094
Glucose: Supply and use,2010,"Use-Nonfood use-1,000 short tons, dry weight",1327.769169
Glucose: Supply and use,2011,"Use-Nonfood use-1,000 short tons, dry weight",1636.50707
Glucose: Supply and use,2012,"Use-Nonfood use-1,000 short tons, dry weight",1640.024362
Glucose: Supply and use,2013,"Use-Nonfood use-1,000 short tons, dry weight",1911.884199
Glucose: Supply and use,2014,"Use-Nonfood use-1,000 short tons, dry weight",2083.153752
Glucose: Supply and use,2015,"Use-Nonfood use-1,000 short tons, dry weight",2019.499679
Glucose: Supply and use,2016,"Use-Nonfood use-1,000 short tons, dry weight",2884.284217
Glucose: Supply and use,2017,"Use-Nonfood use-1,000 short tons, dry weight",3136.535148
Glucose: Supply and use,2018,"Use-Nonfood use-1,000 short tons, dry weight",3165.906142
Glucose: Supply and use,2019,"Use-Nonfood use-1,000 short tons, dry weight",3034.142409
Glucose: Supply and use,2020,"Use-Nonfood use-1,000 short tons, dry weight",2974.260976
Glucose: Supply and use,2021,"Use-Nonfood use-1,000 short tons, dry weight",3131.791075
Glucose: Supply and use,2022,"Use-Nonfood use-1,000 short tons, dry weight",3089.566961
Glucose: Supply and use,2023,"Use-Nonfood use-1,000 short tons, dry weight",2764.631786
Glucose: Supply and use,1964,"Food availability-Total-1,000 short tons, dry weight",901.7941388
Glucose: Supply and use,1965,"Food availability-Total-1,000 short tons, dry weight",923.511187
Glucose: Supply and use,1966,"Food availability-Total-1,000 short tons, dry weight",951.7575
Glucose: Supply and use,1967,"Food availability-Total-1,000 short tons, dry weight",983.8339002
Glucose: Supply and use,1968,"Food availability-Total-1,000 short tons, dry weight",1030.573548
Glucose: Supply and use,1969,"Food availability-Total-1,000 short tons, dry weight",1060.919961
Glucose: Supply and use,1970,"Food availability-Total-1,000 short tons, dry weight",1101.891278
Glucose: Supply and use,1971,"Food availability-Total-1,000 short tons, dry weight",1163.116129
Glucose: Supply and use,1972,"Food availability-Total-1,000 short tons, dry weight",1257.31275
Glucose: Supply and use,1973,"Food availability-Total-1,000 short tons, dry weight",1384.47675
Glucose: Supply and use,1974,"Food availability-Total-1,000 short tons, dry weight",1480.491
Glucose: Supply and use,1975,"Food availability-Total-1,000 short tons, dry weight",1514.59575
Glucose: Supply and use,1976,"Food availability-Total-1,000 short tons, dry weight",1513.89975
Glucose: Supply and use,1977,"Food availability-Total-1,000 short tons, dry weight",1517.18025
Glucose: Supply and use,1978,"Food availability-Total-1,000 short tons, dry weight",1550.811
Glucose: Supply and use,1979,"Food availability-Total-1,000 short tons, dry weight",1519.18725
Glucose: Supply and use,1980,"Food availability-Total-1,000 short tons, dry weight",1471.83
Glucose: Supply and use,1981,"Food availability-Total-1,000 short tons, dry weight",1486.10625
Glucose: Supply and use,1982,"Food availability-Total-1,000 short tons, dry weight",1479.3105
Glucose: Supply and use,1983,"Food availability-Total-1,000 short tons, dry weight",1523.49375
Glucose: Supply and use,1984,"Food availability-Total-1,000 short tons, dry weight",1552.21275
Glucose: Supply and use,1985,"Food availability-Total-1,000 short tons, dry weight",1607.364
Glucose: Supply and use,1986,"Food availability-Total-1,000 short tons, dry weight",1632.471
Glucose: Supply and use,1987,"Food availability-Total-1,000 short tons, dry weight",1679.202
Glucose: Supply and use,1988,"Food availability-Total-1,000 short tons, dry weight",1746.81675
Glucose: Supply and use,1989,"Food availability-Total-1,000 short tons, dry weight",1586.89593
Glucose: Supply and use,1990,"Food availability-Total-1,000 short tons, dry weight",1700.492375
Glucose: Supply and use,1991,"Food availability-Total-1,000 short tons, dry weight",1776.07394
Glucose: Supply and use,1992,"Food availability-Total-1,000 short tons, dry weight",1943.261333
Glucose: Supply and use,1993,"Food availability-Total-1,000 short tons, dry weight",2047.948517
Glucose: Supply and use,1994,"Food availability-Total-1,000 short tons, dry weight",2090.035318
Glucose: Supply and use,1995,"Food availability-Total-1,000 short tons, dry weight",2173.384745
Glucose: Supply and use,1996,"Food availability-Total-1,000 short tons, dry weight",2213.620204
Glucose: Supply and use,1997,"Food availability-Total-1,000 short tons, dry weight",2360.504677
Glucose: Supply and use,1998,"Food availability-Total-1,000 short tons, dry weight",2353.31927
Glucose: Supply and use,1999,"Food availability-Total-1,000 short tons, dry weight",2276.708928
Glucose: Supply and use,2000,"Food availability-Total-1,000 short tons, dry weight",2224.984211
Glucose: Supply and use,2001,"Food availability-Total-1,000 short tons, dry weight",2199.141842
Glucose: Supply and use,2002,"Food availability-Total-1,000 short tons, dry weight",2216.743071
Glucose: Supply and use,2003,"Food availability-Total-1,000 short tons, dry weight",2199.21123
Glucose: Supply and use,2004,"Food availability-Total-1,000 short tons, dry weight",2279.293685
Glucose: Supply and use,2005,"Food availability-Total-1,000 short tons, dry weight",2246.417876
Glucose: Supply and use,2006,"Food availability-Total-1,000 short tons, dry weight",2040.105037
Glucose: Supply and use,2007,"Food availability-Total-1,000 short tons, dry weight",2053.906959
Glucose: Supply and use,2008,"Food availability-Total-1,000 short tons, dry weight",2020.521907
Glucose: Supply and use,2009,"Food availability-Total-1,000 short tons, dry weight",1978.298792
Glucose: Supply and use,2010,"Food availability-Total-1,000 short tons, dry weight",1940.574643
Glucose: Supply and use,2011,"Food availability-Total-1,000 short tons, dry weight",1890.696786
Glucose: Supply and use,2012,"Food availability-Total-1,000 short tons, dry weight",1950.84688
Glucose: Supply and use,2013,"Food availability-Total-1,000 short tons, dry weight",1883.199136
Glucose: Supply and use,2014,"Food availability-Total-1,000 short tons, dry weight",1916.733908
Glucose: Supply and use,2015,"Food availability-Total-1,000 short tons, dry weight",1946.482783
Glucose: Supply and use,2016,"Food availability-Total-1,000 short tons, dry weight",1978.307852
Glucose: Supply and use,2017,"Food availability-Total-1,000 short tons, dry weight",2103.664125
Glucose: Supply and use,2018,"Food availability-Total-1,000 short tons, dry weight",2122.70791
Glucose: Supply and use,2019,"Food availability-Total-1,000 short tons, dry weight",2134.756154
Glucose: Supply and use,2020,"Food availability-Total-1,000 short tons, dry weight",2090.903761
Glucose: Supply and use,2021,"Food availability-Total-1,000 short tons, dry weight",2123.365732
Glucose: Supply and use,2022,"Food availability-Total-1,000 short tons, dry weight",2108.048154
Glucose: Supply and use,2023,"Food availability-Total-1,000 short tons, dry weight",2113.752339
Glucose: Supply and use,1964,"Food availability-Total-Million pounds, dry weight",1803.588278
Glucose: Supply and use,1965,"Food availability-Total-Million pounds, dry weight",1847.022374
Glucose: Supply and use,1966,"Food availability-Total-Million pounds, dry weight",1903.515
Glucose: Supply and use,1967,"Food availability-Total-Million pounds, dry weight",1967.6678
Glucose: Supply and use,1968,"Food availability-Total-Million pounds, dry weight",2061.147097
Glucose: Supply and use,1969,"Food availability-Total-Million pounds, dry weight",2121.839922
Glucose: Supply and use,1970,"Food availability-Total-Million pounds, dry weight",2203.782556
Glucose: Supply and use,1971,"Food availability-Total-Million pounds, dry weight",2326.232259
Glucose: Supply and use,1972,"Food availability-Total-Million pounds, dry weight",2514.6255
Glucose: Supply and use,1973,"Food availability-Total-Million pounds, dry weight",2768.9535
Glucose: Supply and use,1974,"Food availability-Total-Million pounds, dry weight",2960.982
Glucose: Supply and use,1975,"Food availability-Total-Million pounds, dry weight",3029.1915
Glucose: Supply and use,1976,"Food availability-Total-Million pounds, dry weight",3027.7995
Glucose: Supply and use,1977,"Food availability-Total-Million pounds, dry weight",3034.3605
Glucose: Supply and use,1978,"Food availability-Total-Million pounds, dry weight",3101.622
Glucose: Supply and use,1979,"Food availability-Total-Million pounds, dry weight",3038.3745
Glucose: Supply and use,1980,"Food availability-Total-Million pounds, dry weight",2943.66
Glucose: Supply and use,1981,"Food availability-Total-Million pounds, dry weight",2972.2125
Glucose: Supply and use,1982,"Food availability-Total-Million pounds, dry weight",2958.621
Glucose: Supply and use,1983,"Food availability-Total-Million pounds, dry weight",3046.9875
Glucose: Supply and use,1984,"Food availability-Total-Million pounds, dry weight",3104.4255
Glucose: Supply and use,1985,"Food availability-Total-Million pounds, dry weight",3214.728
Glucose: Supply and use,1986,"Food availability-Total-Million pounds, dry weight",3264.942
Glucose: Supply and use,1987,"Food availability-Total-Million pounds, dry weight",3358.404
Glucose: Supply and use,1988,"Food availability-Total-Million pounds, dry weight",3493.6335
Glucose: Supply and use,1989,"Food availability-Total-Million pounds, dry weight",3173.791859
Glucose: Supply and use,1990,"Food availability-Total-Million pounds, dry weight",3400.98475
Glucose: Supply and use,1991,"Food availability-Total-Million pounds, dry weight",3552.147881
Glucose: Supply and use,1992,"Food availability-Total-Million pounds, dry weight",3886.522666
Glucose: Supply and use,1993,"Food availability-Total-Million pounds, dry weight",4095.897033
Glucose: Supply and use,1994,"Food availability-Total-Million pounds, dry weight",4180.070635
Glucose: Supply and use,1995,"Food availability-Total-Million pounds, dry weight",4346.769491
Glucose: Supply and use,1996,"Food availability-Total-Million pounds, dry weight",4427.240408
Glucose: Supply and use,1997,"Food availability-Total-Million pounds, dry weight",4721.009353
Glucose: Supply and use,1998,"Food availability-Total-Million pounds, dry weight",4706.63854
Glucose: Supply and use,1999,"Food availability-Total-Million pounds, dry weight",4553.417857
Glucose: Supply and use,2000,"Food availability-Total-Million pounds, dry weight",4449.968423
Glucose: Supply and use,2001,"Food availability-Total-Million pounds, dry weight",4398.283684
Glucose: Supply and use,2002,"Food availability-Total-Million pounds, dry weight",4433.486143
Glucose: Supply and use,2003,"Food availability-Total-Million pounds, dry weight",4398.422461
Glucose: Supply and use,2004,"Food availability-Total-Million pounds, dry weight",4558.587369
Glucose: Supply and use,2005,"Food availability-Total-Million pounds, dry weight",4492.835751
Glucose: Supply and use,2006,"Food availability-Total-Million pounds, dry weight",4080.210073
Glucose: Supply and use,2007,"Food availability-Total-Million pounds, dry weight",4107.813917
Glucose: Supply and use,2008,"Food availability-Total-Million pounds, dry weight",4041.043814
Glucose: Supply and use,2009,"Food availability-Total-Million pounds, dry weight",3956.597585
Glucose: Supply and use,2010,"Food availability-Total-Million pounds, dry weight",3881.149285
Glucose: Supply and use,2011,"Food availability-Total-Million pounds, dry weight",3781.393572
Glucose: Supply and use,2012,"Food availability-Total-Million pounds, dry weight",3901.69376
Glucose: Supply and use,2013,"Food availability-Total-Million pounds, dry weight",3766.398272
Glucose: Supply and use,2014,"Food availability-Total-Million pounds, dry weight",3833.467815
Glucose: Supply and use,2015,"Food availability-Total-Million pounds, dry weight",3892.965566
Glucose: Supply and use,2016,"Food availability-Total-Million pounds, dry weight",3956.615704
Glucose: Supply and use,2017,"Food availability-Total-Million pounds, dry weight",4207.328251
Glucose: Supply and use,2018,"Food availability-Total-Million pounds, dry weight",4245.41582
Glucose: Supply and use,2019,"Food availability-Total-Million pounds, dry weight",4269.512307
Glucose: Supply and use,2020,"Food availability-Total-Million pounds, dry weight",4181.807521
Glucose: Supply and use,2021,"Food availability-Total-Million pounds, dry weight",4246.731464
Glucose: Supply and use,2022,"Food availability-Total-Million pounds, dry weight",4216.096309
Glucose: Supply and use,2023,"Food availability-Total-Million pounds, dry weight",4227.504679
Glucose: Supply and use,1964,"Food availability-Per capita availability-Pounds, dry weight",9.399122813
Glucose: Supply and use,1965,"Food availability-Per capita availability-Pounds, dry weight",9.505887063
Glucose: Supply and use,1966,"Food availability-Per capita availability-Pounds, dry weight",9.684142247
Glucose: Supply and use,1967,"Food availability-Per capita availability-Pounds, dry weight",9.902108581
Glucose: Supply and use,1968,"Food availability-Per capita availability-Pounds, dry weight",10.2694842
Glucose: Supply and use,1969,"Food availability-Per capita availability-Pounds, dry weight",10.4690711
Glucose: Supply and use,1970,"Food availability-Per capita availability-Pounds, dry weight",10.74743263
Glucose: Supply and use,1971,"Food availability-Per capita availability-Pounds, dry weight",11.20206615
Glucose: Supply and use,1972,"Food availability-Per capita availability-Pounds, dry weight",11.98034026
Glucose: Supply and use,1973,"Food availability-Per capita availability-Pounds, dry weight",13.06671024
Glucose: Supply and use,1974,"Food availability-Per capita availability-Pounds, dry weight",13.84581069
Glucose: Supply and use,1975,"Food availability-Per capita availability-Pounds, dry weight",14.02578795
Glucose: Supply and use,1976,"Food availability-Per capita availability-Pounds, dry weight",13.88675901
Glucose: Supply and use,1977,"Food availability-Per capita availability-Pounds, dry weight",13.77758027
Glucose: Supply and use,1978,"Food availability-Per capita availability-Pounds, dry weight",13.93455085
Glucose: Supply and use,1979,"Food availability-Per capita availability-Pounds, dry weight",13.50058652
Glucose: Supply and use,1980,"Food availability-Per capita availability-Pounds, dry weight",12.92632374
Glucose: Supply and use,1981,"Food availability-Per capita availability-Pounds, dry weight",12.92457363
Glucose: Supply and use,1982,"Food availability-Per capita availability-Pounds, dry weight",12.74235103
Glucose: Supply and use,1983,"Food availability-Per capita availability-Pounds, dry weight",13.00425297
Glucose: Supply and use,1984,"Food availability-Per capita availability-Pounds, dry weight",13.13497681
Glucose: Supply and use,1985,"Food availability-Per capita availability-Pounds, dry weight",13.4808652
Glucose: Supply and use,1986,"Food availability-Per capita availability-Pounds, dry weight",13.56712418
Glucose: Supply and use,1987,"Food availability-Per capita availability-Pounds, dry weight",13.83174907
Glucose: Supply and use,1988,"Food availability-Per capita availability-Pounds, dry weight",14.25850641
Glucose: Supply and use,1989,"Food availability-Per capita availability-Pounds, dry weight",12.83159293
Glucose: Supply and use,1990,"Food availability-Per capita availability-Pounds, dry weight",13.59675991
Glucose: Supply and use,1991,"Food availability-Per capita availability-Pounds, dry weight",14.01280462
Glucose: Supply and use,1992,"Food availability-Per capita availability-Pounds, dry weight",15.12889622
Glucose: Supply and use,1993,"Food availability-Per capita availability-Pounds, dry weight",15.73801477
Glucose: Supply and use,1994,"Food availability-Per capita availability-Pounds, dry weight",15.86749964
Glucose: Supply and use,1995,"Food availability-Per capita availability-Pounds, dry weight",16.30709188
Glucose: Supply and use,1996,"Food availability-Per capita availability-Pounds, dry weight",16.41743486
Glucose: Supply and use,1997,"Food availability-Per capita availability-Pounds, dry weight",17.29865068
Glucose: Supply and use,1998,"Food availability-Per capita availability-Pounds, dry weight",17.04593571
Glucose: Supply and use,1999,"Food availability-Per capita availability-Pounds, dry weight",16.3032559
Glucose: Supply and use,2000,"Food availability-Per capita availability-Pounds, dry weight",15.75851558
Glucose: Supply and use,2001,"Food availability-Per capita availability-Pounds, dry weight",15.41585926
Glucose: Supply and use,2002,"Food availability-Per capita availability-Pounds, dry weight",15.38844846
Glucose: Supply and use,2003,"Food availability-Per capita availability-Pounds, dry weight",15.12422803
Glucose: Supply and use,2004,"Food availability-Per capita availability-Pounds, dry weight",15.53376233
Glucose: Supply and use,2005,"Food availability-Per capita availability-Pounds, dry weight",15.16895625
Glucose: Supply and use,2006,"Food availability-Per capita availability-Pounds, dry weight",13.64637808
Glucose: Supply and use,2007,"Food availability-Per capita availability-Pounds, dry weight",13.60185642
Glucose: Supply and use,2008,"Food availability-Per capita availability-Pounds, dry weight",13.25811516
Glucose: Supply and use,2009,"Food availability-Per capita availability-Pounds, dry weight",12.86952
Glucose: Supply and use,2010,"Food availability-Per capita availability-Pounds, dry weight",12.53029399
Glucose: Supply and use,2011,"Food availability-Per capita availability-Pounds, dry weight",12.12086461
Glucose: Supply and use,2012,"Food availability-Per capita availability-Pounds, dry weight",12.41914915
Glucose: Supply and use,2013,"Food availability-Per capita availability-Pounds, dry weight",11.90787416
Glucose: Supply and use,2014,"Food availability-Per capita availability-Pounds, dry weight",12.0330983
Glucose: Supply and use,2015,"Food availability-Per capita availability-Pounds, dry weight",12.13250549
Glucose: Supply and use,2016,"Food availability-Per capita availability-Pounds, dry weight",12.24348102
Glucose: Supply and use,2017,"Food availability-Per capita availability-Pounds, dry weight",12.93742386
Glucose: Supply and use,2018,"Food availability-Per capita availability-Pounds, dry weight",12.98594209
Glucose: Supply and use,2019,"Food availability-Per capita availability-Pounds, dry weight",12.99794303
Glucose: Supply and use,2020,"Food availability-Per capita availability-Pounds, dry weight",12.66776863
Glucose: Supply and use,2021,"Food availability-Per capita availability-Pounds, dry weight",12.77985723
Glucose: Supply and use,2022,"Food availability-Per capita availability-Pounds, dry weight",12.641168
Glucose: Supply and use,2023,"Food availability-Per capita availability-Pounds, dry weight",12.61335734
Dextrose: Supply and use,1964,"U.S. population, July 1-Millions",191.889
Dextrose: Supply and use,1965,"U.S. population, July 1-Millions",194.303
Dextrose: Supply and use,1966,"U.S. population, July 1-Millions",196.56
Dextrose: Supply and use,1967,"U.S. population, July 1-Millions",198.712
Dextrose: Supply and use,1968,"U.S. population, July 1-Millions",200.706
Dextrose: Supply and use,1969,"U.S. population, July 1-Millions",202.677
Dextrose: Supply and use,1970,"U.S. population, July 1-Millions",205.052
Dextrose: Supply and use,1971,"U.S. population, July 1-Millions",207.661
Dextrose: Supply and use,1972,"U.S. population, July 1-Millions",209.896
Dextrose: Supply and use,1973,"U.S. population, July 1-Millions",211.909
Dextrose: Supply and use,1974,"U.S. population, July 1-Millions",213.854
Dextrose: Supply and use,1975,"U.S. population, July 1-Millions",215.973
Dextrose: Supply and use,1976,"U.S. population, July 1-Millions",218.035
Dextrose: Supply and use,1977,"U.S. population, July 1-Millions",220.239
Dextrose: Supply and use,1978,"U.S. population, July 1-Millions",222.585
Dextrose: Supply and use,1979,"U.S. population, July 1-Millions",225.055
Dextrose: Supply and use,1980,"U.S. population, July 1-Millions",227.726
Dextrose: Supply and use,1981,"U.S. population, July 1-Millions",229.966
Dextrose: Supply and use,1982,"U.S. population, July 1-Millions",232.188
Dextrose: Supply and use,1983,"U.S. population, July 1-Millions",234.307
Dextrose: Supply and use,1984,"U.S. population, July 1-Millions",236.348
Dextrose: Supply and use,1985,"U.S. population, July 1-Millions",238.466
Dextrose: Supply and use,1986,"U.S. population, July 1-Millions",240.651
Dextrose: Supply and use,1987,"U.S. population, July 1-Millions",242.804
Dextrose: Supply and use,1988,"U.S. population, July 1-Millions",245.021
Dextrose: Supply and use,1989,"U.S. population, July 1-Millions",247.342
Dextrose: Supply and use,1990,"U.S. population, July 1-Millions",250.132
Dextrose: Supply and use,1991,"U.S. population, July 1-Millions",253.493
Dextrose: Supply and use,1992,"U.S. population, July 1-Millions",256.894
Dextrose: Supply and use,1993,"U.S. population, July 1-Millions",260.255
Dextrose: Supply and use,1994,"U.S. population, July 1-Millions",263.436
Dextrose: Supply and use,1995,"U.S. population, July 1-Millions",266.557
Dextrose: Supply and use,1996,"U.S. population, July 1-Millions",269.667
Dextrose: Supply and use,1997,"U.S. population, July 1-Millions",272.912
Dextrose: Supply and use,1998,"U.S. population, July 1-Millions",276.115
Dextrose: Supply and use,1999,"U.S. population, July 1-Millions",279.295
Dextrose: Supply and use,2000,"U.S. population, July 1-Millions",282.385
Dextrose: Supply and use,2001,"U.S. population, July 1-Millions",285.309019
Dextrose: Supply and use,2002,"U.S. population, July 1-Millions",288.104818
Dextrose: Supply and use,2003,"U.S. population, July 1-Millions",290.819634
Dextrose: Supply and use,2004,"U.S. population, July 1-Millions",293.463185
Dextrose: Supply and use,2005,"U.S. population, July 1-Millions",296.186216
Dextrose: Supply and use,2006,"U.S. population, July 1-Millions",298.995825
Dextrose: Supply and use,2007,"U.S. population, July 1-Millions",302.003917
Dextrose: Supply and use,2008,"U.S. population, July 1-Millions",304.797761
Dextrose: Supply and use,2009,"U.S. population, July 1-Millions",307.439406
Dextrose: Supply and use,2010,"U.S. population, July 1-Millions",309.741279
Dextrose: Supply and use,2011,"U.S. population, July 1-Millions",311.973914
Dextrose: Supply and use,2012,"U.S. population, July 1-Millions",314.167558
Dextrose: Supply and use,2013,"U.S. population, July 1-Millions",316.294766
Dextrose: Supply and use,2014,"U.S. population, July 1-Millions",318.576955
Dextrose: Supply and use,2015,"U.S. population, July 1-Millions",320.870703
Dextrose: Supply and use,2016,"U.S. population, July 1-Millions",323.161011
Dextrose: Supply and use,2017,"U.S. population, July 1-Millions",325.20603
Dextrose: Supply and use,2018,"U.S. population, July 1-Millions",326.923976
Dextrose: Supply and use,2019,"U.S. population, July 1-Millions",328.475998
Dextrose: Supply and use,2020,"U.S. population, July 1-Millions",330.11398
Dextrose: Supply and use,2021,"U.S. population, July 1-Millions",332.298819
Dextrose: Supply and use,2022,"U.S. population, July 1-Millions",333.521104
Dextrose: Supply and use,2023,"U.S. population, July 1-Millions",335.160938
Dextrose: Supply and use,1964,"Supply-Production-1,000 short tons, dry weight",482.547
Dextrose: Supply and use,1965,"Supply-Production-1,000 short tons, dry weight",483.507
Dextrose: Supply and use,1966,"Supply-Production-1,000 short tons, dry weight",497.049
Dextrose: Supply and use,1967,"Supply-Production-1,000 short tons, dry weight",509.05
Dextrose: Supply and use,1968,"Supply-Production-1,000 short tons, dry weight",541.632
Dextrose: Supply and use,1969,"Supply-Production-1,000 short tons, dry weight",557.097
Dextrose: Supply and use,1970,"Supply-Production-1,000 short tons, dry weight",564.334
Dextrose: Supply and use,1971,"Supply-Production-1,000 short tons, dry weight",593.18
Dextrose: Supply and use,1972,"Supply-Production-1,000 short tons, dry weight",567.002
Dextrose: Supply and use,1973,"Supply-Production-1,000 short tons, dry weight",628.481
Dextrose: Supply and use,1974,"Supply-Production-1,000 short tons, dry weight",638.059
Dextrose: Supply and use,1975,"Supply-Production-1,000 short tons, dry weight",589.675
Dextrose: Supply and use,1976,"Supply-Production-1,000 short tons, dry weight",583.751
Dextrose: Supply and use,1977,"Supply-Production-1,000 short tons, dry weight",560.959
Dextrose: Supply and use,1978,"Supply-Production-1,000 short tons, dry weight",554.443
Dextrose: Supply and use,1979,"Supply-Production-1,000 short tons, dry weight",538.864
Dextrose: Supply and use,1980,"Supply-Production-1,000 short tons, dry weight",547.743
Dextrose: Supply and use,1981,"Supply-Production-1,000 short tons, dry weight",522.607
Dextrose: Supply and use,1982,"Supply-Production-1,000 short tons, dry weight",493.099
Dextrose: Supply and use,1983,"Supply-Production-1,000 short tons, dry weight",494.025
Dextrose: Supply and use,1984,"Supply-Production-1,000 short tons, dry weight",511.367
Dextrose: Supply and use,1985,"Supply-Production-1,000 short tons, dry weight",498.007
Dextrose: Supply and use,1986,"Supply-Production-1,000 short tons, dry weight",527.281
Dextrose: Supply and use,1987,"Supply-Production-1,000 short tons, dry weight",552.872
Dextrose: Supply and use,1988,"Supply-Production-1,000 short tons, dry weight",594.473
Dextrose: Supply and use,1989,"Supply-Production-1,000 short tons, dry weight",609.38836
Dextrose: Supply and use,1990,"Supply-Production-1,000 short tons, dry weight",644.612
Dextrose: Supply and use,1991,"Supply-Production-1,000 short tons, dry weight",658.2117
Dextrose: Supply and use,1992,"Supply-Production-1,000 short tons, dry weight",641.8014502
Dextrose: Supply and use,1993,"Supply-Production-1,000 short tons, dry weight",669.1555439
Dextrose: Supply and use,1994,"Supply-Production-1,000 short tons, dry weight",701.408278
Dextrose: Supply and use,1995,"Supply-Production-1,000 short tons, dry weight",744.9505304
Dextrose: Supply and use,1996,"Supply-Production-1,000 short tons, dry weight",778.1271355
Dextrose: Supply and use,1997,"Supply-Production-1,000 short tons, dry weight",745.44457
Dextrose: Supply and use,1998,"Supply-Production-1,000 short tons, dry weight",731.0548778
Dextrose: Supply and use,1999,"Supply-Production-1,000 short tons, dry weight",707.0301915
Dextrose: Supply and use,2000,"Supply-Production-1,000 short tons, dry weight",707.3568756
Dextrose: Supply and use,2001,"Supply-Production-1,000 short tons, dry weight",692.8369749
Dextrose: Supply and use,2002,"Supply-Production-1,000 short tons, dry weight",696.2548399
Dextrose: Supply and use,2003,"Supply-Production-1,000 short tons, dry weight",752.4917275
Dextrose: Supply and use,2004,"Supply-Production-1,000 short tons, dry weight",743.8027324
Dextrose: Supply and use,2005,"Supply-Production-1,000 short tons, dry weight",725.6575889
Dextrose: Supply and use,2006,"Supply-Production-1,000 short tons, dry weight",718.5682727
Dextrose: Supply and use,2007,"Supply-Production-1,000 short tons, dry weight",732.3154617
Dextrose: Supply and use,2008,"Supply-Production-1,000 short tons, dry weight",692.2532409
Dextrose: Supply and use,2009,"Supply-Production-1,000 short tons, dry weight",619.651735
Dextrose: Supply and use,2010,"Supply-Production-1,000 short tons, dry weight",691.3885572
Dextrose: Supply and use,2011,"Supply-Production-1,000 short tons, dry weight",683.8335039
Dextrose: Supply and use,2012,"Supply-Production-1,000 short tons, dry weight",694.5186653
Dextrose: Supply and use,2013,"Supply-Production-1,000 short tons, dry weight",686.8541431
Dextrose: Supply and use,2014,"Supply-Production-1,000 short tons, dry weight",706.2302609
Dextrose: Supply and use,2015,"Supply-Production-1,000 short tons, dry weight",670.6964907
Dextrose: Supply and use,2016,"Supply-Production-1,000 short tons, dry weight",667.0848933
Dextrose: Supply and use,2017,"Supply-Production-1,000 short tons, dry weight",691.7010782
Dextrose: Supply and use,2018,"Supply-Production-1,000 short tons, dry weight",704.5636146
Dextrose: Supply and use,2019,"Supply-Production-1,000 short tons, dry weight",696.096183
Dextrose: Supply and use,2020,"Supply-Production-1,000 short tons, dry weight",682.8906511
Dextrose: Supply and use,2021,"Supply-Production-1,000 short tons, dry weight",674.4289302
Dextrose: Supply and use,2022,"Supply-Production-1,000 short tons, dry weight",627.0205054
Dextrose: Supply and use,2023,"Supply-Production-1,000 short tons, dry weight",532.2907204
Dextrose: Supply and use,1964,"Supply-Imports-1,000 short tons, dry weight",0.009
Dextrose: Supply and use,1965,"Supply-Imports-1,000 short tons, dry weight",0.028
Dextrose: Supply and use,1966,"Supply-Imports-1,000 short tons, dry weight",0.032
Dextrose: Supply and use,1967,"Supply-Imports-1,000 short tons, dry weight",0.771
Dextrose: Supply and use,1968,"Supply-Imports-1,000 short tons, dry weight",0.8
Dextrose: Supply and use,1969,"Supply-Imports-1,000 short tons, dry weight",0.61
Dextrose: Supply and use,1970,"Supply-Imports-1,000 short tons, dry weight",0.273
Dextrose: Supply and use,1971,"Supply-Imports-1,000 short tons, dry weight",0.098
Dextrose: Supply and use,1972,"Supply-Imports-1,000 short tons, dry weight",0.206
Dextrose: Supply and use,1973,"Supply-Imports-1,000 short tons, dry weight",0.318
Dextrose: Supply and use,1974,"Supply-Imports-1,000 short tons, dry weight",1.128
Dextrose: Supply and use,1975,"Supply-Imports-1,000 short tons, dry weight",1.925
Dextrose: Supply and use,1976,"Supply-Imports-1,000 short tons, dry weight",0.108
Dextrose: Supply and use,1977,"Supply-Imports-1,000 short tons, dry weight",0.182
Dextrose: Supply and use,1978,"Supply-Imports-1,000 short tons, dry weight",0.323
Dextrose: Supply and use,1979,"Supply-Imports-1,000 short tons, dry weight",0.107
Dextrose: Supply and use,1980,"Supply-Imports-1,000 short tons, dry weight",0.079
Dextrose: Supply and use,1981,"Supply-Imports-1,000 short tons, dry weight",0.429
Dextrose: Supply and use,1982,"Supply-Imports-1,000 short tons, dry weight",0.287
Dextrose: Supply and use,1983,"Supply-Imports-1,000 short tons, dry weight",3.219
Dextrose: Supply and use,1984,"Supply-Imports-1,000 short tons, dry weight",10.34
Dextrose: Supply and use,1985,"Supply-Imports-1,000 short tons, dry weight",11.552
Dextrose: Supply and use,1986,"Supply-Imports-1,000 short tons, dry weight",7.45
Dextrose: Supply and use,1987,"Supply-Imports-1,000 short tons, dry weight",4.8
Dextrose: Supply and use,1988,"Supply-Imports-1,000 short tons, dry weight",4.516
Dextrose: Supply and use,1989,"Supply-Imports-1,000 short tons, dry weight",5.47
Dextrose: Supply and use,1990,"Supply-Imports-1,000 short tons, dry weight",5.765
Dextrose: Supply and use,1991,"Supply-Imports-1,000 short tons, dry weight",5.76
Dextrose: Supply and use,1992,"Supply-Imports-1,000 short tons, dry weight",0
Dextrose: Supply and use,1993,"Supply-Imports-1,000 short tons, dry weight",3.98329046
Dextrose: Supply and use,1994,"Supply-Imports-1,000 short tons, dry weight",5.390549824
Dextrose: Supply and use,1995,"Supply-Imports-1,000 short tons, dry weight",5.339531676
Dextrose: Supply and use,1996,"Supply-Imports-1,000 short tons, dry weight",3.928892264
Dextrose: Supply and use,1997,"Supply-Imports-1,000 short tons, dry weight",7.311915294
Dextrose: Supply and use,1998,"Supply-Imports-1,000 short tons, dry weight",7.480191618
Dextrose: Supply and use,1999,"Supply-Imports-1,000 short tons, dry weight",7.316007252
Dextrose: Supply and use,2000,"Supply-Imports-1,000 short tons, dry weight",9.275303703
Dextrose: Supply and use,2001,"Supply-Imports-1,000 short tons, dry weight",10.18138187
Dextrose: Supply and use,2002,"Supply-Imports-1,000 short tons, dry weight",11.29537207
Dextrose: Supply and use,2003,"Supply-Imports-1,000 short tons, dry weight",21.51813393
Dextrose: Supply and use,2004,"Supply-Imports-1,000 short tons, dry weight",22.33239403
Dextrose: Supply and use,2005,"Supply-Imports-1,000 short tons, dry weight",23.36662908
Dextrose: Supply and use,2006,"Supply-Imports-1,000 short tons, dry weight",24.07169627
Dextrose: Supply and use,2007,"Supply-Imports-1,000 short tons, dry weight",24.38354809
Dextrose: Supply and use,2008,"Supply-Imports-1,000 short tons, dry weight",29.56979512
Dextrose: Supply and use,2009,"Supply-Imports-1,000 short tons, dry weight",21.59803613
Dextrose: Supply and use,2010,"Supply-Imports-1,000 short tons, dry weight",32.04611326
Dextrose: Supply and use,2011,"Supply-Imports-1,000 short tons, dry weight",39.08477703
Dextrose: Supply and use,2012,"Supply-Imports-1,000 short tons, dry weight",40.18114291
Dextrose: Supply and use,2013,"Supply-Imports-1,000 short tons, dry weight",47.01746214
Dextrose: Supply and use,2014,"Supply-Imports-1,000 short tons, dry weight",60.8996342
Dextrose: Supply and use,2015,"Supply-Imports-1,000 short tons, dry weight",61.63103088
Dextrose: Supply and use,2016,"Supply-Imports-1,000 short tons, dry weight",65.11441692
Dextrose: Supply and use,2017,"Supply-Imports-1,000 short tons, dry weight",74.18133398
Dextrose: Supply and use,2018,"Supply-Imports-1,000 short tons, dry weight",72.51806915
Dextrose: Supply and use,2019,"Supply-Imports-1,000 short tons, dry weight",76.06844971
Dextrose: Supply and use,2020,"Supply-Imports-1,000 short tons, dry weight",77.25047391
Dextrose: Supply and use,2021,"Supply-Imports-1,000 short tons, dry weight",90.8466176
Dextrose: Supply and use,2022,"Supply-Imports-1,000 short tons, dry weight",124.2794706
Dextrose: Supply and use,2023,"Supply-Imports-1,000 short tons, dry weight",112.5021866
Dextrose: Supply and use,1964,"Supply-Total supply-1,000 short tons, dry weight",482.556
Dextrose: Supply and use,1965,"Supply-Total supply-1,000 short tons, dry weight",483.535
Dextrose: Supply and use,1966,"Supply-Total supply-1,000 short tons, dry weight",497.081
Dextrose: Supply and use,1967,"Supply-Total supply-1,000 short tons, dry weight",509.821
Dextrose: Supply and use,1968,"Supply-Total supply-1,000 short tons, dry weight",542.432
Dextrose: Supply and use,1969,"Supply-Total supply-1,000 short tons, dry weight",557.707
Dextrose: Supply and use,1970,"Supply-Total supply-1,000 short tons, dry weight",564.607
Dextrose: Supply and use,1971,"Supply-Total supply-1,000 short tons, dry weight",593.278
Dextrose: Supply and use,1972,"Supply-Total supply-1,000 short tons, dry weight",567.208
Dextrose: Supply and use,1973,"Supply-Total supply-1,000 short tons, dry weight",628.799
Dextrose: Supply and use,1974,"Supply-Total supply-1,000 short tons, dry weight",639.187
Dextrose: Supply and use,1975,"Supply-Total supply-1,000 short tons, dry weight",591.6
Dextrose: Supply and use,1976,"Supply-Total supply-1,000 short tons, dry weight",583.859
Dextrose: Supply and use,1977,"Supply-Total supply-1,000 short tons, dry weight",561.141
Dextrose: Supply and use,1978,"Supply-Total supply-1,000 short tons, dry weight",554.766
Dextrose: Supply and use,1979,"Supply-Total supply-1,000 short tons, dry weight",538.971
Dextrose: Supply and use,1980,"Supply-Total supply-1,000 short tons, dry weight",547.822
Dextrose: Supply and use,1981,"Supply-Total supply-1,000 short tons, dry weight",523.036
Dextrose: Supply and use,1982,"Supply-Total supply-1,000 short tons, dry weight",493.386
Dextrose: Supply and use,1983,"Supply-Total supply-1,000 short tons, dry weight",497.244
Dextrose: Supply and use,1984,"Supply-Total supply-1,000 short tons, dry weight",521.707
Dextrose: Supply and use,1985,"Supply-Total supply-1,000 short tons, dry weight",509.559
Dextrose: Supply and use,1986,"Supply-Total supply-1,000 short tons, dry weight",534.731
Dextrose: Supply and use,1987,"Supply-Total supply-1,000 short tons, dry weight",557.672
Dextrose: Supply and use,1988,"Supply-Total supply-1,000 short tons, dry weight",598.989
Dextrose: Supply and use,1989,"Supply-Total supply-1,000 short tons, dry weight",614.85836
Dextrose: Supply and use,1990,"Supply-Total supply-1,000 short tons, dry weight",650.377
Dextrose: Supply and use,1991,"Supply-Total supply-1,000 short tons, dry weight",663.9717
Dextrose: Supply and use,1992,"Supply-Total supply-1,000 short tons, dry weight",641.8014502
Dextrose: Supply and use,1993,"Supply-Total supply-1,000 short tons, dry weight",673.1388344
Dextrose: Supply and use,1994,"Supply-Total supply-1,000 short tons, dry weight",706.7988278
Dextrose: Supply and use,1995,"Supply-Total supply-1,000 short tons, dry weight",750.2900621
Dextrose: Supply and use,1996,"Supply-Total supply-1,000 short tons, dry weight",782.0560278
Dextrose: Supply and use,1997,"Supply-Total supply-1,000 short tons, dry weight",752.7564853
Dextrose: Supply and use,1998,"Supply-Total supply-1,000 short tons, dry weight",738.5350694
Dextrose: Supply and use,1999,"Supply-Total supply-1,000 short tons, dry weight",714.3461988
Dextrose: Supply and use,2000,"Supply-Total supply-1,000 short tons, dry weight",716.6321793
Dextrose: Supply and use,2001,"Supply-Total supply-1,000 short tons, dry weight",703.0183568
Dextrose: Supply and use,2002,"Supply-Total supply-1,000 short tons, dry weight",707.5502119
Dextrose: Supply and use,2003,"Supply-Total supply-1,000 short tons, dry weight",774.0098615
Dextrose: Supply and use,2004,"Supply-Total supply-1,000 short tons, dry weight",766.1351265
Dextrose: Supply and use,2005,"Supply-Total supply-1,000 short tons, dry weight",749.024218
Dextrose: Supply and use,2006,"Supply-Total supply-1,000 short tons, dry weight",742.639969
Dextrose: Supply and use,2007,"Supply-Total supply-1,000 short tons, dry weight",756.6990098
Dextrose: Supply and use,2008,"Supply-Total supply-1,000 short tons, dry weight",721.823036
Dextrose: Supply and use,2009,"Supply-Total supply-1,000 short tons, dry weight",641.2497711
Dextrose: Supply and use,2010,"Supply-Total supply-1,000 short tons, dry weight",723.4346704
Dextrose: Supply and use,2011,"Supply-Total supply-1,000 short tons, dry weight",722.9182809
Dextrose: Supply and use,2012,"Supply-Total supply-1,000 short tons, dry weight",734.6998082
Dextrose: Supply and use,2013,"Supply-Total supply-1,000 short tons, dry weight",733.8716053
Dextrose: Supply and use,2014,"Supply-Total supply-1,000 short tons, dry weight",767.1298951
Dextrose: Supply and use,2015,"Supply-Total supply-1,000 short tons, dry weight",732.3275216
Dextrose: Supply and use,2016,"Supply-Total supply-1,000 short tons, dry weight",732.1993102
Dextrose: Supply and use,2017,"Supply-Total supply-1,000 short tons, dry weight",765.8824122
Dextrose: Supply and use,2018,"Supply-Total supply-1,000 short tons, dry weight",777.0816837
Dextrose: Supply and use,2019,"Supply-Total supply-1,000 short tons, dry weight",772.1646328
Dextrose: Supply and use,2020,"Supply-Total supply-1,000 short tons, dry weight",760.141125
Dextrose: Supply and use,2021,"Supply-Total supply-1,000 short tons, dry weight",765.2755478
Dextrose: Supply and use,2022,"Supply-Total supply-1,000 short tons, dry weight",751.299976
Dextrose: Supply and use,2023,"Supply-Total supply-1,000 short tons, dry weight",644.7929069
Dextrose: Supply and use,1964,"Use-Net change in stocks-1,000 short tons, dry weight",-0.0002
Dextrose: Supply and use,1965,"Use-Net change in stocks-1,000 short tons, dry weight",0.0003
Dextrose: Supply and use,1966,"Use-Net change in stocks-1,000 short tons, dry weight",-1.5267
Dextrose: Supply and use,1967,"Use-Net change in stocks-1,000 short tons, dry weight",-4.9132
Dextrose: Supply and use,1968,"Use-Net change in stocks-1,000 short tons, dry weight",3.3745
Dextrose: Supply and use,1969,"Use-Net change in stocks-1,000 short tons, dry weight",2.6549
Dextrose: Supply and use,1970,"Use-Net change in stocks-1,000 short tons, dry weight",-6.7329
Dextrose: Supply and use,1971,"Use-Net change in stocks-1,000 short tons, dry weight",19.6076
Dextrose: Supply and use,1972,"Use-Net change in stocks-1,000 short tons, dry weight",-17.444
Dextrose: Supply and use,1973,"Use-Net change in stocks-1,000 short tons, dry weight",10.5652
Dextrose: Supply and use,1974,"Use-Net change in stocks-1,000 short tons, dry weight",8.5588
Dextrose: Supply and use,1975,"Use-Net change in stocks-1,000 short tons, dry weight",2.1581
Dextrose: Supply and use,1976,"Use-Net change in stocks-1,000 short tons, dry weight",3.3422
Dextrose: Supply and use,1977,"Use-Net change in stocks-1,000 short tons, dry weight",-4.8608
Dextrose: Supply and use,1978,"Use-Net change in stocks-1,000 short tons, dry weight",-3.938
Dextrose: Supply and use,1979,"Use-Net change in stocks-1,000 short tons, dry weight",-6.4057
Dextrose: Supply and use,1980,"Use-Net change in stocks-1,000 short tons, dry weight",5.8458
Dextrose: Supply and use,1981,"Use-Net change in stocks-1,000 short tons, dry weight",-7.9028
Dextrose: Supply and use,1982,"Use-Net change in stocks-1,000 short tons, dry weight",-2.0303
Dextrose: Supply and use,1983,"Use-Net change in stocks-1,000 short tons, dry weight",-1.7807
Dextrose: Supply and use,1984,"Use-Net change in stocks-1,000 short tons, dry weight",2.8594
Dextrose: Supply and use,1985,"Use-Net change in stocks-1,000 short tons, dry weight",-6.6378
Dextrose: Supply and use,1986,"Use-Net change in stocks-1,000 short tons, dry weight",5.4779
Dextrose: Supply and use,1987,"Use-Net change in stocks-1,000 short tons, dry weight",-1.0079
Dextrose: Supply and use,1988,"Use-Net change in stocks-1,000 short tons, dry weight",0.62
Dextrose: Supply and use,1989,"Use-Net change in stocks-1,000 short tons, dry weight",3.59859
Dextrose: Supply and use,1990,"Use-Net change in stocks-1,000 short tons, dry weight",7.5963075
Dextrose: Supply and use,1991,"Use-Net change in stocks-1,000 short tons, dry weight",3.382501875
Dextrose: Supply and use,1992,"Use-Net change in stocks-1,000 short tons, dry weight",-2.236179531
Dextrose: Supply and use,1993,"Use-Net change in stocks-1,000 short tons, dry weight",10.00869048
Dextrose: Supply and use,1994,"Use-Net change in stocks-1,000 short tons, dry weight",9.388932657
Dextrose: Supply and use,1995,"Use-Net change in stocks-1,000 short tons, dry weight",8.99026505
Dextrose: Supply and use,1996,"Use-Net change in stocks-1,000 short tons, dry weight",6.124171459
Dextrose: Supply and use,1997,"Use-Net change in stocks-1,000 short tons, dry weight",-9.786938451
Dextrose: Supply and use,1998,"Use-Net change in stocks-1,000 short tons, dry weight",-3.575728093
Dextrose: Supply and use,1999,"Use-Net change in stocks-1,000 short tons, dry weight",-5.729335557
Dextrose: Supply and use,2000,"Use-Net change in stocks-1,000 short tons, dry weight",1.382333856
Dextrose: Supply and use,2001,"Use-Net change in stocks-1,000 short tons, dry weight",-4.68645499
Dextrose: Supply and use,2002,"Use-Net change in stocks-1,000 short tons, dry weight",-2.392416751
Dextrose: Supply and use,2003,"Use-Net change in stocks-1,000 short tons, dry weight",11.16033192
Dextrose: Supply and use,2004,"Use-Net change in stocks-1,000 short tons, dry weight",4.255043634
Dextrose: Supply and use,2005,"Use-Net change in stocks-1,000 short tons, dry weight",-6.340998985
Dextrose: Supply and use,2006,"Use-Net change in stocks-1,000 short tons, dry weight",-5.286201284
Dextrose: Supply and use,2007,"Use-Net change in stocks-1,000 short tons, dry weight",-1.20682494
Dextrose: Supply and use,2008,"Use-Net change in stocks-1,000 short tons, dry weight",-8.864973034
Dextrose: Supply and use,2009,"Use-Net change in stocks-1,000 short tons, dry weight",-12.15245508
Dextrose: Supply and use,2010,"Use-Net change in stocks-1,000 short tons, dry weight",8.179783043
Dextrose: Supply and use,2011,"Use-Net change in stocks-1,000 short tons, dry weight",3.064644817
Dextrose: Supply and use,2012,"Use-Net change in stocks-1,000 short tons, dry weight",2.920221707
Dextrose: Supply and use,2013,"Use-Net change in stocks-1,000 short tons, dry weight",0.961592125
Dextrose: Supply and use,2014,"Use-Net change in stocks-1,000 short tons, dry weight",11.22513639
Dextrose: Supply and use,2015,"Use-Net change in stocks-1,000 short tons, dry weight",-1.898412344
Dextrose: Supply and use,2016,"Use-Net change in stocks-1,000 short tons, dry weight",-7.893456345
Dextrose: Supply and use,2017,"Use-Net change in stocks-1,000 short tons, dry weight",9.573424234
Dextrose: Supply and use,2018,"Use-Net change in stocks-1,000 short tons, dry weight",2.10958489
Dextrose: Supply and use,2019,"Use-Net change in stocks-1,000 short tons, dry weight",-2.528378421
Dextrose: Supply and use,2020,"Use-Net change in stocks-1,000 short tons, dry weight",-1.125492558
Dextrose: Supply and use,2021,"Use-Net change in stocks-1,000 short tons, dry weight",1.699110254
Dextrose: Supply and use,2022,"Use-Net change in stocks-1,000 short tons, dry weight",-1.837894893
Dextrose: Supply and use,2023,"Use-Net change in stocks-1,000 short tons, dry weight",-24.34870306
Dextrose: Supply and use,1964,"Use-Total use-1,000 short tons, dry weight",482.5562
Dextrose: Supply and use,1965,"Use-Total use-1,000 short tons, dry weight",483.5347
Dextrose: Supply and use,1966,"Use-Total use-1,000 short tons, dry weight",498.6077
Dextrose: Supply and use,1967,"Use-Total use-1,000 short tons, dry weight",514.7342
Dextrose: Supply and use,1968,"Use-Total use-1,000 short tons, dry weight",539.0575
Dextrose: Supply and use,1969,"Use-Total use-1,000 short tons, dry weight",555.0521
Dextrose: Supply and use,1970,"Use-Total use-1,000 short tons, dry weight",571.3399
Dextrose: Supply and use,1971,"Use-Total use-1,000 short tons, dry weight",573.6704
Dextrose: Supply and use,1972,"Use-Total use-1,000 short tons, dry weight",584.652
Dextrose: Supply and use,1973,"Use-Total use-1,000 short tons, dry weight",618.2338
Dextrose: Supply and use,1974,"Use-Total use-1,000 short tons, dry weight",630.6282
Dextrose: Supply and use,1975,"Use-Total use-1,000 short tons, dry weight",589.4419
Dextrose: Supply and use,1976,"Use-Total use-1,000 short tons, dry weight",580.5168
Dextrose: Supply and use,1977,"Use-Total use-1,000 short tons, dry weight",566.0018
Dextrose: Supply and use,1978,"Use-Total use-1,000 short tons, dry weight",558.704
Dextrose: Supply and use,1979,"Use-Total use-1,000 short tons, dry weight",545.3767
Dextrose: Supply and use,1980,"Use-Total use-1,000 short tons, dry weight",541.9762
Dextrose: Supply and use,1981,"Use-Total use-1,000 short tons, dry weight",530.9388
Dextrose: Supply and use,1982,"Use-Total use-1,000 short tons, dry weight",495.4163
Dextrose: Supply and use,1983,"Use-Total use-1,000 short tons, dry weight",499.0247
Dextrose: Supply and use,1984,"Use-Total use-1,000 short tons, dry weight",518.8476
Dextrose: Supply and use,1985,"Use-Total use-1,000 short tons, dry weight",516.1968
Dextrose: Supply and use,1986,"Use-Total use-1,000 short tons, dry weight",529.2531
Dextrose: Supply and use,1987,"Use-Total use-1,000 short tons, dry weight",558.6799
Dextrose: Supply and use,1988,"Use-Total use-1,000 short tons, dry weight",598.369
Dextrose: Supply and use,1989,"Use-Total use-1,000 short tons, dry weight",611.25977
Dextrose: Supply and use,1990,"Use-Total use-1,000 short tons, dry weight",642.7806925
Dextrose: Supply and use,1991,"Use-Total use-1,000 short tons, dry weight",660.5891981
Dextrose: Supply and use,1992,"Use-Total use-1,000 short tons, dry weight",644.0376298
Dextrose: Supply and use,1993,"Use-Total use-1,000 short tons, dry weight",663.1301439
Dextrose: Supply and use,1994,"Use-Total use-1,000 short tons, dry weight",697.4098952
Dextrose: Supply and use,1995,"Use-Total use-1,000 short tons, dry weight",741.299797
Dextrose: Supply and use,1996,"Use-Total use-1,000 short tons, dry weight",775.9318563
Dextrose: Supply and use,1997,"Use-Total use-1,000 short tons, dry weight",762.5434238
Dextrose: Supply and use,1998,"Use-Total use-1,000 short tons, dry weight",742.1107975
Dextrose: Supply and use,1999,"Use-Total use-1,000 short tons, dry weight",720.0755344
Dextrose: Supply and use,2000,"Use-Total use-1,000 short tons, dry weight",715.2498455
Dextrose: Supply and use,2001,"Use-Total use-1,000 short tons, dry weight",707.7048118
Dextrose: Supply and use,2002,"Use-Total use-1,000 short tons, dry weight",709.9426287
Dextrose: Supply and use,2003,"Use-Total use-1,000 short tons, dry weight",762.8495296
Dextrose: Supply and use,2004,"Use-Total use-1,000 short tons, dry weight",761.8800828
Dextrose: Supply and use,2005,"Use-Total use-1,000 short tons, dry weight",755.365217
Dextrose: Supply and use,2006,"Use-Total use-1,000 short tons, dry weight",747.9261702
Dextrose: Supply and use,2007,"Use-Total use-1,000 short tons, dry weight",757.9058347
Dextrose: Supply and use,2008,"Use-Total use-1,000 short tons, dry weight",730.6880091
Dextrose: Supply and use,2009,"Use-Total use-1,000 short tons, dry weight",653.4022262
Dextrose: Supply and use,2010,"Use-Total use-1,000 short tons, dry weight",715.2548874
Dextrose: Supply and use,2011,"Use-Total use-1,000 short tons, dry weight",719.8536361
Dextrose: Supply and use,2012,"Use-Total use-1,000 short tons, dry weight",731.7795865
Dextrose: Supply and use,2013,"Use-Total use-1,000 short tons, dry weight",732.9100131
Dextrose: Supply and use,2014,"Use-Total use-1,000 short tons, dry weight",755.9047587
Dextrose: Supply and use,2015,"Use-Total use-1,000 short tons, dry weight",734.2259339
Dextrose: Supply and use,2016,"Use-Total use-1,000 short tons, dry weight",740.0927665
Dextrose: Supply and use,2017,"Use-Total use-1,000 short tons, dry weight",756.3089879
Dextrose: Supply and use,2018,"Use-Total use-1,000 short tons, dry weight",774.9720988
Dextrose: Supply and use,2019,"Use-Total use-1,000 short tons, dry weight",774.6930112
Dextrose: Supply and use,2020,"Use-Total use-1,000 short tons, dry weight",761.2666176
Dextrose: Supply and use,2021,"Use-Total use-1,000 short tons, dry weight",763.5764375
Dextrose: Supply and use,2022,"Use-Total use-1,000 short tons, dry weight",753.1378709
Dextrose: Supply and use,2023,"Use-Total use-1,000 short tons, dry weight",669.14161
Dextrose: Supply and use,1964,"Use-Exports-1,000 short tons, dry weight",18.7302
Dextrose: Supply and use,1965,"Use-Exports-1,000 short tons, dry weight",9.9257
Dextrose: Supply and use,1966,"Use-Exports-1,000 short tons, dry weight",11.1007
Dextrose: Supply and use,1967,"Use-Exports-1,000 short tons, dry weight",11.8022
Dextrose: Supply and use,1968,"Use-Exports-1,000 short tons, dry weight",17.0535
Dextrose: Supply and use,1969,"Use-Exports-1,000 short tons, dry weight",13.3591
Dextrose: Supply and use,1970,"Use-Exports-1,000 short tons, dry weight",13.2489
Dextrose: Supply and use,1971,"Use-Exports-1,000 short tons, dry weight",11.4854
Dextrose: Supply and use,1972,"Use-Exports-1,000 short tons, dry weight",24.2
Dextrose: Supply and use,1973,"Use-Exports-1,000 short tons, dry weight",30.3748
Dextrose: Supply and use,1974,"Use-Exports-1,000 short tons, dry weight",30.3382
Dextrose: Supply and use,1975,"Use-Exports-1,000 short tons, dry weight",29.8429
Dextrose: Supply and use,1976,"Use-Exports-1,000 short tons, dry weight",24.8458
Dextrose: Supply and use,1977,"Use-Exports-1,000 short tons, dry weight",22.0708
Dextrose: Supply and use,1978,"Use-Exports-1,000 short tons, dry weight",16.211
Dextrose: Supply and use,1979,"Use-Exports-1,000 short tons, dry weight",21.1837
Dextrose: Supply and use,1980,"Use-Exports-1,000 short tons, dry weight",25.4162
Dextrose: Supply and use,1981,"Use-Exports-1,000 short tons, dry weight",23.9848
Dextrose: Supply and use,1982,"Use-Exports-1,000 short tons, dry weight",14.4683
Dextrose: Supply and use,1983,"Use-Exports-1,000 short tons, dry weight",12.7057
Dextrose: Supply and use,1984,"Use-Exports-1,000 short tons, dry weight",14.6736
Dextrose: Supply and use,1985,"Use-Exports-1,000 short tons, dry weight",8.0348
Dextrose: Supply and use,1986,"Use-Exports-1,000 short tons, dry weight",9.2661
Dextrose: Supply and use,1987,"Use-Exports-1,000 short tons, dry weight",14.9629
Dextrose: Supply and use,1988,"Use-Exports-1,000 short tons, dry weight",32.781
Dextrose: Supply and use,1989,"Use-Exports-1,000 short tons, dry weight",31
Dextrose: Supply and use,1990,"Use-Exports-1,000 short tons, dry weight",41
Dextrose: Supply and use,1991,"Use-Exports-1,000 short tons, dry weight",46
Dextrose: Supply and use,1992,"Use-Exports-1,000 short tons, dry weight",32.76697024
Dextrose: Supply and use,1993,"Use-Exports-1,000 short tons, dry weight",24.01060389
Dextrose: Supply and use,1994,"Use-Exports-1,000 short tons, dry weight",33.81533801
Dextrose: Supply and use,1995,"Use-Exports-1,000 short tons, dry weight",50.62745041
Dextrose: Supply and use,1996,"Use-Exports-1,000 short tons, dry weight",66.91883555
Dextrose: Supply and use,1997,"Use-Exports-1,000 short tons, dry weight",74.12839003
Dextrose: Supply and use,1998,"Use-Exports-1,000 short tons, dry weight",64.35065776
Dextrose: Supply and use,1999,"Use-Exports-1,000 short tons, dry weight",58.64455155
Dextrose: Supply and use,2000,"Use-Exports-1,000 short tons, dry weight",56.18455561
Dextrose: Supply and use,2001,"Use-Exports-1,000 short tons, dry weight",62.14247494
Dextrose: Supply and use,2002,"Use-Exports-1,000 short tons, dry weight",76.27557986
Dextrose: Supply and use,2003,"Use-Exports-1,000 short tons, dry weight",95.54088755
Dextrose: Supply and use,2004,"Use-Exports-1,000 short tons, dry weight",81.42113244
Dextrose: Supply and use,2005,"Use-Exports-1,000 short tons, dry weight",91.9689489
Dextrose: Supply and use,2006,"Use-Exports-1,000 short tons, dry weight",102.3499727
Dextrose: Supply and use,2007,"Use-Exports-1,000 short tons, dry weight",116.0410417
Dextrose: Supply and use,2008,"Use-Exports-1,000 short tons, dry weight",115.1197609
Dextrose: Supply and use,2009,"Use-Exports-1,000 short tons, dry weight",74.36359496
Dextrose: Supply and use,2010,"Use-Exports-1,000 short tons, dry weight",112.4997172
Dextrose: Supply and use,2011,"Use-Exports-1,000 short tons, dry weight",108.7428839
Dextrose: Supply and use,2012,"Use-Exports-1,000 short tons, dry weight",111.8417253
Dextrose: Supply and use,2013,"Use-Exports-1,000 short tons, dry weight",110.1567431
Dextrose: Supply and use,2014,"Use-Exports-1,000 short tons, dry weight",99.79846089
Dextrose: Supply and use,2015,"Use-Exports-1,000 short tons, dry weight",84.01341069
Dextrose: Supply and use,2016,"Use-Exports-1,000 short tons, dry weight",113.1188533
Dextrose: Supply and use,2017,"Use-Exports-1,000 short tons, dry weight",100.9791982
Dextrose: Supply and use,2018,"Use-Exports-1,000 short tons, dry weight",111.6387946
Dextrose: Supply and use,2019,"Use-Exports-1,000 short tons, dry weight",120.021163
Dextrose: Supply and use,2020,"Use-Exports-1,000 short tons, dry weight",109.8801511
Dextrose: Supply and use,2021,"Use-Exports-1,000 short tons, dry weight",106.2300302
Dextrose: Supply and use,2022,"Use-Exports-1,000 short tons, dry weight",101.4516454
Dextrose: Supply and use,2023,"Use-Exports-1,000 short tons, dry weight",90.03752036
Dextrose: Supply and use,1964,"Use-Shipments to U.S. territories-1,000 short tons, dry weight",
Dextrose: Supply and use,1965,"Use-Shipments to U.S. territories-1,000 short tons, dry weight",
Dextrose: Supply and use,1966,"Use-Shipments to U.S. territories-1,000 short tons, dry weight",
Dextrose: Supply and use,1967,"Use-Shipments to U.S. territories-1,000 short tons, dry weight",
Dextrose: Supply and use,1968,"Use-Shipments to U.S. territories-1,000 short tons, dry weight",
Dextrose: Supply and use,1969,"Use-Shipments to U.S. territories-1,000 short tons, dry weight",
Dextrose: Supply and use,1970,"Use-Shipments to U.S. territories-1,000 short tons, dry weight",
Dextrose: Supply and use,1971,"Use-Shipments to U.S. territories-1,000 short tons, dry weight",
Dextrose: Supply and use,1972,"Use-Shipments to U.S. territories-1,000 short tons, dry weight",
Dextrose: Supply and use,1973,"Use-Shipments to U.S. territories-1,000 short tons, dry weight",
Dextrose: Supply and use,1974,"Use-Shipments to U.S. territories-1,000 short tons, dry weight",1
Dextrose: Supply and use,1975,"Use-Shipments to U.S. territories-1,000 short tons, dry weight",2
Dextrose: Supply and use,1976,"Use-Shipments to U.S. territories-1,000 short tons, dry weight",3.5
Dextrose: Supply and use,1977,"Use-Shipments to U.S. territories-1,000 short tons, dry weight",5
Dextrose: Supply and use,1978,"Use-Shipments to U.S. territories-1,000 short tons, dry weight",6.696
Dextrose: Supply and use,1979,"Use-Shipments to U.S. territories-1,000 short tons, dry weight",6.007
Dextrose: Supply and use,1980,"Use-Shipments to U.S. territories-1,000 short tons, dry weight",3.041
Dextrose: Supply and use,1981,"Use-Shipments to U.S. territories-1,000 short tons, dry weight",2.877
Dextrose: Supply and use,1982,"Use-Shipments to U.S. territories-1,000 short tons, dry weight",1.494
Dextrose: Supply and use,1983,"Use-Shipments to U.S. territories-1,000 short tons, dry weight",0.757
Dextrose: Supply and use,1984,"Use-Shipments to U.S. territories-1,000 short tons, dry weight",2.569
Dextrose: Supply and use,1985,"Use-Shipments to U.S. territories-1,000 short tons, dry weight",0.174
Dextrose: Supply and use,1986,"Use-Shipments to U.S. territories-1,000 short tons, dry weight",0.276
Dextrose: Supply and use,1987,"Use-Shipments to U.S. territories-1,000 short tons, dry weight",0.386
Dextrose: Supply and use,1988,"Use-Shipments to U.S. territories-1,000 short tons, dry weight",0.318
Dextrose: Supply and use,1989,"Use-Shipments to U.S. territories-1,000 short tons, dry weight",4.194
Dextrose: Supply and use,1990,"Use-Shipments to U.S. territories-1,000 short tons, dry weight",2.926
Dextrose: Supply and use,1991,"Use-Shipments to U.S. territories-1,000 short tons, dry weight",5.587
Dextrose: Supply and use,1992,"Use-Shipments to U.S. territories-1,000 short tons, dry weight",8.977
Dextrose: Supply and use,1993,"Use-Shipments to U.S. territories-1,000 short tons, dry weight",6.799809024
Dextrose: Supply and use,1994,"Use-Shipments to U.S. territories-1,000 short tons, dry weight",3.108028237
Dextrose: Supply and use,1995,"Use-Shipments to U.S. territories-1,000 short tons, dry weight",3.215022545
Dextrose: Supply and use,1996,"Use-Shipments to U.S. territories-1,000 short tons, dry weight",3.183182345
Dextrose: Supply and use,1997,"Use-Shipments to U.S. territories-1,000 short tons, dry weight",11.94601064
Dextrose: Supply and use,1998,"Use-Shipments to U.S. territories-1,000 short tons, dry weight",12.01830089
Dextrose: Supply and use,1999,"Use-Shipments to U.S. territories-1,000 short tons, dry weight",12.87715066
Dextrose: Supply and use,2000,"Use-Shipments to U.S. territories-1,000 short tons, dry weight",6.364456124
Dextrose: Supply and use,2001,"Use-Shipments to U.S. territories-1,000 short tons, dry weight",6.920868108
Dextrose: Supply and use,2002,"Use-Shipments to U.S. territories-1,000 short tons, dry weight",2.202830323
Dextrose: Supply and use,2003,"Use-Shipments to U.S. territories-1,000 short tons, dry weight",2.363427761
Dextrose: Supply and use,2004,"Use-Shipments to U.S. territories-1,000 short tons, dry weight",2.748605244
Dextrose: Supply and use,2005,"Use-Shipments to U.S. territories-1,000 short tons, dry weight",4.708919867
Dextrose: Supply and use,2006,"Use-Shipments to U.S. territories-1,000 short tons, dry weight",2.747453208
Dextrose: Supply and use,2007,"Use-Shipments to U.S. territories-1,000 short tons, dry weight",2.656523511
Dextrose: Supply and use,2008,"Use-Shipments to U.S. territories-1,000 short tons, dry weight",2.954897735
Dextrose: Supply and use,2009,"Use-Shipments to U.S. territories-1,000 short tons, dry weight",2.882646026
Dextrose: Supply and use,2010,"Use-Shipments to U.S. territories-1,000 short tons, dry weight",2.059835911
Dextrose: Supply and use,2011,"Use-Shipments to U.S. territories-1,000 short tons, dry weight",1.221483454
Dextrose: Supply and use,2012,"Use-Shipments to U.S. territories-1,000 short tons, dry weight",1.28792732
Dextrose: Supply and use,2013,"Use-Shipments to U.S. territories-1,000 short tons, dry weight",1.218559757
Dextrose: Supply and use,2014,"Use-Shipments to U.S. territories-1,000 short tons, dry weight",0.896178366
Dextrose: Supply and use,2015,"Use-Shipments to U.S. territories-1,000 short tons, dry weight",0.69764082
Dextrose: Supply and use,2016,"Use-Shipments to U.S. territories-1,000 short tons, dry weight",1.139399891
Dextrose: Supply and use,2017,"Use-Shipments to U.S. territories-1,000 short tons, dry weight",0.775003673
Dextrose: Supply and use,2018,"Use-Shipments to U.S. territories-1,000 short tons, dry weight",2.449763513
Dextrose: Supply and use,2019,"Use-Shipments to U.S. territories-1,000 short tons, dry weight",1.373442652
Dextrose: Supply and use,2020,"Use-Shipments to U.S. territories-1,000 short tons, dry weight",1.464538664
Dextrose: Supply and use,2021,"Use-Shipments to U.S. territories-1,000 short tons, dry weight",2.327148776
Dextrose: Supply and use,2022,"Use-Shipments to U.S. territories-1,000 short tons, dry weight",2.180651607
Dextrose: Supply and use,2023,"Use-Shipments to U.S. territories-1,000 short tons, dry weight",2.644624888
Dextrose: Supply and use,1964,"Use-Nonfood use-1,000 short tons, dry weight",67.916
Dextrose: Supply and use,1965,"Use-Nonfood use-1,000 short tons, dry weight",68.637
Dextrose: Supply and use,1966,"Use-Nonfood use-1,000 short tons, dry weight",72.649
Dextrose: Supply and use,1967,"Use-Nonfood use-1,000 short tons, dry weight",75.096
Dextrose: Supply and use,1968,"Use-Nonfood use-1,000 short tons, dry weight",78.482
Dextrose: Supply and use,1969,"Use-Nonfood use-1,000 short tons, dry weight",82.754
Dextrose: Supply and use,1970,"Use-Nonfood use-1,000 short tons, dry weight",86.939
Dextrose: Supply and use,1971,"Use-Nonfood use-1,000 short tons, dry weight",80.42
Dextrose: Supply and use,1972,"Use-Nonfood use-1,000 short tons, dry weight",75.928
Dextrose: Supply and use,1973,"Use-Nonfood use-1,000 short tons, dry weight",98.435
Dextrose: Supply and use,1974,"Use-Nonfood use-1,000 short tons, dry weight",112.946
Dextrose: Supply and use,1975,"Use-Nonfood use-1,000 short tons, dry weight",84.513
Dextrose: Supply and use,1976,"Use-Nonfood use-1,000 short tons, dry weight",100.331
Dextrose: Supply and use,1977,"Use-Nonfood use-1,000 short tons, dry weight",110.419
Dextrose: Supply and use,1978,"Use-Nonfood use-1,000 short tons, dry weight",125.446
Dextrose: Supply and use,1979,"Use-Nonfood use-1,000 short tons, dry weight",119.41
Dextrose: Supply and use,1980,"Use-Nonfood use-1,000 short tons, dry weight",120.116
Dextrose: Supply and use,1981,"Use-Nonfood use-1,000 short tons, dry weight",114.577
Dextrose: Supply and use,1982,"Use-Nonfood use-1,000 short tons, dry weight",87.744
Dextrose: Supply and use,1983,"Use-Nonfood use-1,000 short tons, dry weight",87.421
Dextrose: Supply and use,1984,"Use-Nonfood use-1,000 short tons, dry weight",93.752
Dextrose: Supply and use,1985,"Use-Nonfood use-1,000 short tons, dry weight",90.088
Dextrose: Supply and use,1986,"Use-Nonfood use-1,000 short tons, dry weight",89.214
Dextrose: Supply and use,1987,"Use-Nonfood use-1,000 short tons, dry weight",102.356
Dextrose: Supply and use,1988,"Use-Nonfood use-1,000 short tons, dry weight",113.705
Dextrose: Supply and use,1989,"Use-Nonfood use-1,000 short tons, dry weight",138.2557848
Dextrose: Supply and use,1990,"Use-Nonfood use-1,000 short tons, dry weight",143.7251262
Dextrose: Supply and use,1991,"Use-Nonfood use-1,000 short tons, dry weight",146.1605276
Dextrose: Supply and use,1992,"Use-Nonfood use-1,000 short tons, dry weight",144.5504783
Dextrose: Supply and use,1993,"Use-Nonfood use-1,000 short tons, dry weight",151.7567354
Dextrose: Supply and use,1994,"Use-Nonfood use-1,000 short tons, dry weight",158.5167669
Dextrose: Supply and use,1995,"Use-Nonfood use-1,000 short tons, dry weight",164.9897578
Dextrose: Supply and use,1996,"Use-Nonfood use-1,000 short tons, dry weight",168.1936039
Dextrose: Supply and use,1997,"Use-Nonfood use-1,000 short tons, dry weight",161.4839793
Dextrose: Supply and use,1998,"Use-Nonfood use-1,000 short tons, dry weight",158.9232288
Dextrose: Supply and use,1999,"Use-Nonfood use-1,000 short tons, dry weight",155.2295363
Dextrose: Supply and use,2000,"Use-Nonfood use-1,000 short tons, dry weight",170.9734506
Dextrose: Supply and use,2001,"Use-Nonfood use-1,000 short tons, dry weight",162.2857108
Dextrose: Supply and use,2002,"Use-Nonfood use-1,000 short tons, dry weight",150.6746028
Dextrose: Supply and use,2003,"Use-Nonfood use-1,000 short tons, dry weight",205.4680712
Dextrose: Supply and use,2004,"Use-Nonfood use-1,000 short tons, dry weight",176.8797833
Dextrose: Supply and use,2005,"Use-Nonfood use-1,000 short tons, dry weight",161.3434573
Dextrose: Supply and use,2006,"Use-Nonfood use-1,000 short tons, dry weight",162.0108577
Dextrose: Supply and use,2007,"Use-Nonfood use-1,000 short tons, dry weight",173.2535829
Dextrose: Supply and use,2008,"Use-Nonfood use-1,000 short tons, dry weight",173.2296599
Dextrose: Supply and use,2009,"Use-Nonfood use-1,000 short tons, dry weight",141.9736916
Dextrose: Supply and use,2010,"Use-Nonfood use-1,000 short tons, dry weight",126.9386997
Dextrose: Supply and use,2011,"Use-Nonfood use-1,000 short tons, dry weight",135.305298
Dextrose: Supply and use,2012,"Use-Nonfood use-1,000 short tons, dry weight",169.6894289
Dextrose: Supply and use,2013,"Use-Nonfood use-1,000 short tons, dry weight",174.1297641
Dextrose: Supply and use,2014,"Use-Nonfood use-1,000 short tons, dry weight",137.757489
Dextrose: Supply and use,2015,"Use-Nonfood use-1,000 short tons, dry weight",125.1155849
Dextrose: Supply and use,2016,"Use-Nonfood use-1,000 short tons, dry weight",132.2767192
Dextrose: Supply and use,2017,"Use-Nonfood use-1,000 short tons, dry weight",114.0867455
Dextrose: Supply and use,2018,"Use-Nonfood use-1,000 short tons, dry weight",118.8836362
Dextrose: Supply and use,2019,"Use-Nonfood use-1,000 short tons, dry weight",131.6850627
Dextrose: Supply and use,2020,"Use-Nonfood use-1,000 short tons, dry weight",120.1227347
Dextrose: Supply and use,2021,"Use-Nonfood use-1,000 short tons, dry weight",124.5864114
Dextrose: Supply and use,2022,"Use-Nonfood use-1,000 short tons, dry weight",116.9693402
Dextrose: Supply and use,2023,"Use-Nonfood use-1,000 short tons, dry weight",131.2979937
Dextrose: Supply and use,1964,"Food availability-Total-1,000 short tons, dry weight",395.91
Dextrose: Supply and use,1965,"Food availability-Total-1,000 short tons, dry weight",404.972
Dextrose: Supply and use,1966,"Food availability-Total-1,000 short tons, dry weight",414.858
Dextrose: Supply and use,1967,"Food availability-Total-1,000 short tons, dry weight",427.836
Dextrose: Supply and use,1968,"Food availability-Total-1,000 short tons, dry weight",443.522
Dextrose: Supply and use,1969,"Food availability-Total-1,000 short tons, dry weight",458.939
Dextrose: Supply and use,1970,"Food availability-Total-1,000 short tons, dry weight",471.152
Dextrose: Supply and use,1971,"Food availability-Total-1,000 short tons, dry weight",481.765
Dextrose: Supply and use,1972,"Food availability-Total-1,000 short tons, dry weight",484.524
Dextrose: Supply and use,1973,"Food availability-Total-1,000 short tons, dry weight",489.424
Dextrose: Supply and use,1974,"Food availability-Total-1,000 short tons, dry weight",486.344
Dextrose: Supply and use,1975,"Food availability-Total-1,000 short tons, dry weight",473.086
Dextrose: Supply and use,1976,"Food availability-Total-1,000 short tons, dry weight",451.84
Dextrose: Supply and use,1977,"Food availability-Total-1,000 short tons, dry weight",428.512
Dextrose: Supply and use,1978,"Food availability-Total-1,000 short tons, dry weight",410.351
Dextrose: Supply and use,1979,"Food availability-Total-1,000 short tons, dry weight",398.776
Dextrose: Supply and use,1980,"Food availability-Total-1,000 short tons, dry weight",393.403
Dextrose: Supply and use,1981,"Food availability-Total-1,000 short tons, dry weight",389.5
Dextrose: Supply and use,1982,"Food availability-Total-1,000 short tons, dry weight",391.71
Dextrose: Supply and use,1983,"Food availability-Total-1,000 short tons, dry weight",398.141
Dextrose: Supply and use,1984,"Food availability-Total-1,000 short tons, dry weight",407.853
Dextrose: Supply and use,1985,"Food availability-Total-1,000 short tons, dry weight",417.9
Dextrose: Supply and use,1986,"Food availability-Total-1,000 short tons, dry weight",430.497
Dextrose: Supply and use,1987,"Food availability-Total-1,000 short tons, dry weight",440.975
Dextrose: Supply and use,1988,"Food availability-Total-1,000 short tons, dry weight",451.565
Dextrose: Supply and use,1989,"Food availability-Total-1,000 short tons, dry weight",437.8099852
Dextrose: Supply and use,1990,"Food availability-Total-1,000 short tons, dry weight",455.1295663
Dextrose: Supply and use,1991,"Food availability-Total-1,000 short tons, dry weight",462.8416706
Dextrose: Supply and use,1992,"Food availability-Total-1,000 short tons, dry weight",457.7431812
Dextrose: Supply and use,1993,"Food availability-Total-1,000 short tons, dry weight",480.5629955
Dextrose: Supply and use,1994,"Food availability-Total-1,000 short tons, dry weight",501.969762
Dextrose: Supply and use,1995,"Food availability-Total-1,000 short tons, dry weight",522.4675663
Dextrose: Supply and use,1996,"Food availability-Total-1,000 short tons, dry weight",537.6362346
Dextrose: Supply and use,1997,"Food availability-Total-1,000 short tons, dry weight",514.9850438
Dextrose: Supply and use,1998,"Food availability-Total-1,000 short tons, dry weight",506.81861
Dextrose: Supply and use,1999,"Food availability-Total-1,000 short tons, dry weight",493.3242958
Dextrose: Supply and use,2000,"Food availability-Total-1,000 short tons, dry weight",481.7273831
Dextrose: Supply and use,2001,"Food availability-Total-1,000 short tons, dry weight",476.355758
Dextrose: Supply and use,2002,"Food availability-Total-1,000 short tons, dry weight",480.7896157
Dextrose: Supply and use,2003,"Food availability-Total-1,000 short tons, dry weight",459.477143
Dextrose: Supply and use,2004,"Food availability-Total-1,000 short tons, dry weight",500.8305619
Dextrose: Supply and use,2005,"Food availability-Total-1,000 short tons, dry weight",497.3438909
Dextrose: Supply and use,2006,"Food availability-Total-1,000 short tons, dry weight",480.8178867
Dextrose: Supply and use,2007,"Food availability-Total-1,000 short tons, dry weight",465.9546866
Dextrose: Supply and use,2008,"Food availability-Total-1,000 short tons, dry weight",439.3836905
Dextrose: Supply and use,2009,"Food availability-Total-1,000 short tons, dry weight",434.1822936
Dextrose: Supply and use,2010,"Food availability-Total-1,000 short tons, dry weight",473.7566346
Dextrose: Supply and use,2011,"Food availability-Total-1,000 short tons, dry weight",474.5839707
Dextrose: Supply and use,2012,"Food availability-Total-1,000 short tons, dry weight",448.960505
Dextrose: Supply and use,2013,"Food availability-Total-1,000 short tons, dry weight",447.4049462
Dextrose: Supply and use,2014,"Food availability-Total-1,000 short tons, dry weight",517.4526304
Dextrose: Supply and use,2015,"Food availability-Total-1,000 short tons, dry weight",524.3992975
Dextrose: Supply and use,2016,"Food availability-Total-1,000 short tons, dry weight",493.5577942
Dextrose: Supply and use,2017,"Food availability-Total-1,000 short tons, dry weight",540.4680406
Dextrose: Supply and use,2018,"Food availability-Total-1,000 short tons, dry weight",541.9999045
Dextrose: Supply and use,2019,"Food availability-Total-1,000 short tons, dry weight",521.6133428
Dextrose: Supply and use,2020,"Food availability-Total-1,000 short tons, dry weight",529.7991931
Dextrose: Supply and use,2021,"Food availability-Total-1,000 short tons, dry weight",530.4328471
Dextrose: Supply and use,2022,"Food availability-Total-1,000 short tons, dry weight",532.5362337
Dextrose: Supply and use,2023,"Food availability-Total-1,000 short tons, dry weight",445.161471
Dextrose: Supply and use,1964,"Food availability-Total-Million pounds, dry weight",791.82
Dextrose: Supply and use,1965,"Food availability-Total-Million pounds, dry weight",809.944
Dextrose: Supply and use,1966,"Food availability-Total-Million pounds, dry weight",829.716
Dextrose: Supply and use,1967,"Food availability-Total-Million pounds, dry weight",855.672
Dextrose: Supply and use,1968,"Food availability-Total-Million pounds, dry weight",887.044
Dextrose: Supply and use,1969,"Food availability-Total-Million pounds, dry weight",917.878
Dextrose: Supply and use,1970,"Food availability-Total-Million pounds, dry weight",942.304
Dextrose: Supply and use,1971,"Food availability-Total-Million pounds, dry weight",963.53
Dextrose: Supply and use,1972,"Food availability-Total-Million pounds, dry weight",969.048
Dextrose: Supply and use,1973,"Food availability-Total-Million pounds, dry weight",978.848
Dextrose: Supply and use,1974,"Food availability-Total-Million pounds, dry weight",972.688
Dextrose: Supply and use,1975,"Food availability-Total-Million pounds, dry weight",946.172
Dextrose: Supply and use,1976,"Food availability-Total-Million pounds, dry weight",903.68
Dextrose: Supply and use,1977,"Food availability-Total-Million pounds, dry weight",857.024
Dextrose: Supply and use,1978,"Food availability-Total-Million pounds, dry weight",820.702
Dextrose: Supply and use,1979,"Food availability-Total-Million pounds, dry weight",797.552
Dextrose: Supply and use,1980,"Food availability-Total-Million pounds, dry weight",786.806
Dextrose: Supply and use,1981,"Food availability-Total-Million pounds, dry weight",779
Dextrose: Supply and use,1982,"Food availability-Total-Million pounds, dry weight",783.42
Dextrose: Supply and use,1983,"Food availability-Total-Million pounds, dry weight",796.282
Dextrose: Supply and use,1984,"Food availability-Total-Million pounds, dry weight",815.706
Dextrose: Supply and use,1985,"Food availability-Total-Million pounds, dry weight",835.8
Dextrose: Supply and use,1986,"Food availability-Total-Million pounds, dry weight",860.994
Dextrose: Supply and use,1987,"Food availability-Total-Million pounds, dry weight",881.95
Dextrose: Supply and use,1988,"Food availability-Total-Million pounds, dry weight",903.13
Dextrose: Supply and use,1989,"Food availability-Total-Million pounds, dry weight",875.6199704
Dextrose: Supply and use,1990,"Food availability-Total-Million pounds, dry weight",910.2591326
Dextrose: Supply and use,1991,"Food availability-Total-Million pounds, dry weight",925.6833412
Dextrose: Supply and use,1992,"Food availability-Total-Million pounds, dry weight",915.4863625
Dextrose: Supply and use,1993,"Food availability-Total-Million pounds, dry weight",961.1259911
Dextrose: Supply and use,1994,"Food availability-Total-Million pounds, dry weight",1003.939524
Dextrose: Supply and use,1995,"Food availability-Total-Million pounds, dry weight",1044.935133
Dextrose: Supply and use,1996,"Food availability-Total-Million pounds, dry weight",1075.272469
Dextrose: Supply and use,1997,"Food availability-Total-Million pounds, dry weight",1029.970088
Dextrose: Supply and use,1998,"Food availability-Total-Million pounds, dry weight",1013.63722
Dextrose: Supply and use,1999,"Food availability-Total-Million pounds, dry weight",986.6485917
Dextrose: Supply and use,2000,"Food availability-Total-Million pounds, dry weight",963.4547663
Dextrose: Supply and use,2001,"Food availability-Total-Million pounds, dry weight",952.7115159
Dextrose: Supply and use,2002,"Food availability-Total-Million pounds, dry weight",961.5792314
Dextrose: Supply and use,2003,"Food availability-Total-Million pounds, dry weight",918.9542861
Dextrose: Supply and use,2004,"Food availability-Total-Million pounds, dry weight",1001.661124
Dextrose: Supply and use,2005,"Food availability-Total-Million pounds, dry weight",994.6877817
Dextrose: Supply and use,2006,"Food availability-Total-Million pounds, dry weight",961.6357733
Dextrose: Supply and use,2007,"Food availability-Total-Million pounds, dry weight",931.9093732
Dextrose: Supply and use,2008,"Food availability-Total-Million pounds, dry weight",878.7673811
Dextrose: Supply and use,2009,"Food availability-Total-Million pounds, dry weight",868.3645872
Dextrose: Supply and use,2010,"Food availability-Total-Million pounds, dry weight",947.5132692
Dextrose: Supply and use,2011,"Food availability-Total-Million pounds, dry weight",949.1679414
Dextrose: Supply and use,2012,"Food availability-Total-Million pounds, dry weight",897.9210099
Dextrose: Supply and use,2013,"Food availability-Total-Million pounds, dry weight",894.8098923
Dextrose: Supply and use,2014,"Food availability-Total-Million pounds, dry weight",1034.905261
Dextrose: Supply and use,2015,"Food availability-Total-Million pounds, dry weight",1048.798595
Dextrose: Supply and use,2016,"Food availability-Total-Million pounds, dry weight",987.1155884
Dextrose: Supply and use,2017,"Food availability-Total-Million pounds, dry weight",1080.936081
Dextrose: Supply and use,2018,"Food availability-Total-Million pounds, dry weight",1083.999809
Dextrose: Supply and use,2019,"Food availability-Total-Million pounds, dry weight",1043.226686
Dextrose: Supply and use,2020,"Food availability-Total-Million pounds, dry weight",1059.598386
Dextrose: Supply and use,2021,"Food availability-Total-Million pounds, dry weight",1060.865694
Dextrose: Supply and use,2022,"Food availability-Total-Million pounds, dry weight",1065.072467
Dextrose: Supply and use,2023,"Food availability-Total-Million pounds, dry weight",890.322942
Dextrose: Supply and use,1964,"Food availability-Per capita availability-Pounds, dry weight",4.126448103
Dextrose: Supply and use,1965,"Food availability-Per capita availability-Pounds, dry weight",4.168458542
Dextrose: Supply and use,1966,"Food availability-Per capita availability-Pounds, dry weight",4.221184371
Dextrose: Supply and use,1967,"Food availability-Per capita availability-Pounds, dry weight",4.306091228
Dextrose: Supply and use,1968,"Food availability-Per capita availability-Pounds, dry weight",4.419618746
Dextrose: Supply and use,1969,"Food availability-Per capita availability-Pounds, dry weight",4.528772382
Dextrose: Supply and use,1970,"Food availability-Per capita availability-Pounds, dry weight",4.595439206
Dextrose: Supply and use,1971,"Food availability-Per capita availability-Pounds, dry weight",4.639917943
Dextrose: Supply and use,1972,"Food availability-Per capita availability-Pounds, dry weight",4.616800701
Dextrose: Supply and use,1973,"Food availability-Per capita availability-Pounds, dry weight",4.619190313
Dextrose: Supply and use,1974,"Food availability-Per capita availability-Pounds, dry weight",4.548374124
Dextrose: Supply and use,1975,"Food availability-Per capita availability-Pounds, dry weight",4.380973548
Dextrose: Supply and use,1976,"Food availability-Per capita availability-Pounds, dry weight",4.144655675
Dextrose: Supply and use,1977,"Food availability-Per capita availability-Pounds, dry weight",3.89133623
Dextrose: Supply and use,1978,"Food availability-Per capita availability-Pounds, dry weight",3.687139744
Dextrose: Supply and use,1979,"Food availability-Per capita availability-Pounds, dry weight",3.543809291
Dextrose: Supply and use,1980,"Food availability-Per capita availability-Pounds, dry weight",3.455055637
Dextrose: Supply and use,1981,"Food availability-Per capita availability-Pounds, dry weight",3.387457276
Dextrose: Supply and use,1982,"Food availability-Per capita availability-Pounds, dry weight",3.37407618
Dextrose: Supply and use,1983,"Food availability-Per capita availability-Pounds, dry weight",3.398455872
Dextrose: Supply and use,1984,"Food availability-Per capita availability-Pounds, dry weight",3.451292162
Dextrose: Supply and use,1985,"Food availability-Per capita availability-Pounds, dry weight",3.504902166
Dextrose: Supply and use,1986,"Food availability-Per capita availability-Pounds, dry weight",3.577770298
Dextrose: Supply and use,1987,"Food availability-Per capita availability-Pounds, dry weight",3.632353668
Dextrose: Supply and use,1988,"Food availability-Per capita availability-Pounds, dry weight",3.685928961
Dextrose: Supply and use,1989,"Food availability-Per capita availability-Pounds, dry weight",3.540118421
Dextrose: Supply and use,1990,"Food availability-Per capita availability-Pounds, dry weight",3.639115078
Dextrose: Supply and use,1991,"Food availability-Per capita availability-Pounds, dry weight",3.651711649
Dextrose: Supply and use,1992,"Food availability-Per capita availability-Pounds, dry weight",3.563673587
Dextrose: Supply and use,1993,"Food availability-Per capita availability-Pounds, dry weight",3.69301643
Dextrose: Supply and use,1994,"Food availability-Per capita availability-Pounds, dry weight",3.810942787
Dextrose: Supply and use,1995,"Food availability-Per capita availability-Pounds, dry weight",3.920118896
Dextrose: Supply and use,1996,"Food availability-Per capita availability-Pounds, dry weight",3.98740843
Dextrose: Supply and use,1997,"Food availability-Per capita availability-Pounds, dry weight",3.774000731
Dextrose: Supply and use,1998,"Food availability-Per capita availability-Pounds, dry weight",3.671069011
Dextrose: Supply and use,1999,"Food availability-Per capita availability-Pounds, dry weight",3.532639652
Dextrose: Supply and use,2000,"Food availability-Per capita availability-Pounds, dry weight",3.411848244
Dextrose: Supply and use,2001,"Food availability-Per capita availability-Pounds, dry weight",3.339226777
Dextrose: Supply and use,2002,"Food availability-Per capita availability-Pounds, dry weight",3.337602051
Dextrose: Supply and use,2003,"Food availability-Per capita availability-Pounds, dry weight",3.159877046
Dextrose: Supply and use,2004,"Food availability-Per capita availability-Pounds, dry weight",3.41324287
Dextrose: Supply and use,2005,"Food availability-Per capita availability-Pounds, dry weight",3.358318949
Dextrose: Supply and use,2006,"Food availability-Per capita availability-Pounds, dry weight",3.216218064
Dextrose: Supply and use,2007,"Food availability-Per capita availability-Pounds, dry weight",3.085752604
Dextrose: Supply and use,2008,"Food availability-Per capita availability-Pounds, dry weight",2.883116261
Dextrose: Supply and use,2009,"Food availability-Per capita availability-Pounds, dry weight",2.824506457
Dextrose: Supply and use,2010,"Food availability-Per capita availability-Pounds, dry weight",3.059047448
Dextrose: Supply and use,2011,"Food availability-Per capita availability-Pounds, dry weight",3.042459317
Dextrose: Supply and use,2012,"Food availability-Per capita availability-Pounds, dry weight",2.858095902
Dextrose: Supply and use,2013,"Food availability-Per capita availability-Pounds, dry weight",2.829037937
Dextrose: Supply and use,2014,"Food availability-Per capita availability-Pounds, dry weight",3.248525182
Dextrose: Supply and use,2015,"Food availability-Per capita availability-Pounds, dry weight",3.268601917
Dextrose: Supply and use,2016,"Food availability-Per capita availability-Pounds, dry weight",3.054562756
Dextrose: Supply and use,2017,"Food availability-Per capita availability-Pounds, dry weight",3.323850056
Dextrose: Supply and use,2018,"Food availability-Per capita availability-Pounds, dry weight",3.315755003
Dextrose: Supply and use,2019,"Food availability-Per capita availability-Pounds, dry weight",3.175960167
Dextrose: Supply and use,2020,"Food availability-Per capita availability-Pounds, dry weight",3.209795557
Dextrose: Supply and use,2021,"Food availability-Per capita availability-Pounds, dry weight",3.19250516
Dextrose: Supply and use,2022,"Food availability-Per capita availability-Pounds, dry weight",3.193418511
Dextrose: Supply and use,2023,"Food availability-Per capita availability-Pounds, dry weight",2.656404256
